:020000040000FA
:10000000488D0020F93E000001700000A13D000075
:10001000A13D0000A13D0000A13D0000A13D000068
:10002000A13D0000A13D0000A13D0000E939000014
:10003000A13D0000A13D000091390000E96F0000E2
:10004000D13E0000D13E0000D13E0000D13E000074
:10005000D13E0000D13E0000D13E0000D13E000064
:10006000D13E0000D13E0000D13E0000D13E000054
:10007000D13E0000D13E0000D13E0000D13E000044
:10008000D13E0000D13E0000D13E0000D13E000034
:10009000D13E0000D13E0000D13E0000D13E000024
:1000A000D13E0000D13E0000D13E0000D13E000014
:1000B000D13E0000D13E0000D13E0000D13E000004
:1000C000D13E0000D13E0000D13E0000D13E0000F4
:1000D000D13E0000D13E0000D13E0000D13E0000E4
:1000E000D13E0000D13E0000D13E0000D13E0000D4
:1000F000D13E0000D13E0000D13E0000D13E0000C4
:100100007BB972B90029BEBF00204FF0004106E064
:1001100008BF00281CBF6FF000414FF0FF3000F017
:10012000BDB9ADF1080C6DE904CE002909DB002B47
:100130001ADB00F04DF8DDF804E0DDE9022304B03D
:100140007047404261EB4101002B1BDB00F040F89F
:10015000DDF804E0DDE9022304B0404261EB410137
:10016000524263EB43037047524263EB430300F098
:100170002FF8DDF804E0DDE9022304B0404261EB32
:1001800041017047524263EB430300F021F8DDF870
:1001900004E0DDE9022304B0524263EB43037047FD
:1001A00053B94AB9002908BF00281CBF4FF0FF31DE
:1001B0004FF0FF3000F072B9ADF1080C6DE904CEDC
:1001C00000F006F8DDF804E0DDE9022304B0704732
:1001D0002DE9F047089E04468846002B4BD18A4201
:1001E000154667D9B2FA82F24AB1C2F1200701FA84
:1001F00002F320FA07F7954047EA030894404FEAD4
:10020000154E230CB8FBFEF71FFA85FC0EFB178872
:1002100043EA084307FB0CF1994209D9EB1807F1AF
:10022000FF3080F01B81994240F21881023F2B443D
:100230005B1AA4B2B3FBFEF00EFB103344EA034496
:1002400000FB0CFCA44509D92C1900F1FF3380F008
:100250000781A44540F2048102382C4440EA07405B
:10026000A4EB0C0400271EB1D4400023C6E90043D0
:100270003946BDE8F0878B4209D9002E00F0EB80AB
:100280000027C6E9000138463946BDE8F087B3FAD1
:1002900083F7002F47D18B4202D3824200F2FA80CB
:1002A000841A61EB030301209846002EE0D0C6E9D2
:1002B0000048DDE702B9FFDEB2FA82F2002A40F020
:1002C0008F80491B4FEA154E1FFA85F80127B1FBB5
:1002D000FEFC230C0EFB1C1143EA014308FB0CF14E
:1002E000994207D9EB180CF1FF3002D2994200F283
:1002F000CD808446591AA3B2B1FBFEF00EFB101458
:1003000043EA044408FB00F8A04507D92C1900F182
:10031000FF3302D2A04500F2B6801846A4EB0804D1
:1003200040EA0C409FE7C7F1200CBB4022FA0CFECC
:100330004EEA030E01FA07F420FA0CF521FA0CF349
:100340004FEA1E482543B3FBF8F92C0C08FB193380
:100350001FFA8EFA44EA034309FB0AF49C4202FAAC
:1003600007F200FA07F10BD91EEB030309F1FF3086
:1003700080F087809C4240F28480A9F10209734496
:100380001B1BADB2B3FBF8F008FB103345EA034486
:1003900000FB0AFAA24508D91EEB040400F1FF3362
:1003A0006BD2A24569D90238744440EA0940A0FBE7
:1003B0000289A4EB0A044C45C2464B4654D351D0A3
:1003C000002E69D0B1EB0A0564EB030404FA0CFCBF
:1003D000FD40FC404CEA0505C6E90054002747E70C
:1003E000C2F1200320FA03F7954001FA02F021FA46
:1003F00003F34FEA154E3843010CB3FBFEF71FFA27
:1004000085F80EFB173341EA034107FB08F38B42E3
:1004100004FA02F407D9691807F1FF3C2FD28B4286
:100420002DD9023F2944CB1A81B2B3FBFEF00EFB5B
:10043000103341EA034100FB08F38B4207D96918E6
:1004400000F1FF3C17D28B4215D902382944C91A52
:1004500040EA07473BE73746304609E70746E7E605
:100460001846FBE64145ABD2B8EB020A69EB0E0237
:1004700001381346A4E76046E9E7184695E7674662
:10048000D1E781467CE702382C4447E7ACF1020C07
:100490002B442FE7384608E73746E9E6704700BFA8
:1004A0002A4B2DE9F74F1E68294C7368D4F800B029
:1004B0005B686A460D2130469847002837D1DDE950
:1004C000005A44F62067A5FB0701224A002307FBD8
:1004D0000A11FFF765FE00234FF0FF328B4208BF81
:1004E0008242804623D3ABFB05011A4A00230BFB53
:1004F0000A11FFF755FE00234FF0FF328B4208BF71
:10050000824214D3736842461D680D21034630466B
:10051000A84760B9104A2368117859B1B3F5FA6F4A
:1005200036BF4FF4FA63A3F5FA631070236003B08B
:10053000BDE8F08F03F5FA6344F61F618B42236038
:1005400082BF012313702760F1E700BF5000002035
:100550004C00002040420F00B838002070B5134D09
:10056000134E044663685B6C43B12046984728B13C
:1005700063681B6C13B12046984700B970BD63686F
:100580005B6B002BEED0204698470028EAD06368CA
:100590009B694BB14022294620469847024629468E
:1005A000304606F035FADDE71A46F8E7381800203D
:1005B0005400002013B54FF08053084CD3F8A82006
:1005C000D3F8A4300649CDE9002300231A4620467B
:1005D00004F074F9204602B010BD00BFB9680020D5
:1005E00031830000F0B472B6204ADFF88CC00023DB
:1005F00013604FF0E0221C46516801F00F010131F9
:100600004FF0FF371E46A20002F1604202F5614240
:10061000C2F88070C2F880710022D518654401329A
:10062000082A85F80063F8D10134A14203F10803D8
:10063000E9DC0F4B4FF020625A6040F2FA529860AA
:10064000DA6000221E6111469C1801320C2A2176C4
:10065000FAD14FF0FF3259629A62064ADA621F22DB
:100660001A63D0E90001F0BC05F0F4BD10E000E031
:1006700000ED00E0020000C000E100E080EA11208F
:10068000034B33F8100080EA012080B2704700BFAE
:10069000808000002DE9F04FA248A34EA34CA44D4A
:1006A00087B004F087FDA34B1860A34804F082FDD7
:1006B0003060A24804F07EFD2060A14804F07AFD7D
:1006C0002860A04804F076FD9F4B186030684368AE
:1006D00009221F6800210123B847306843680922B6
:1006E0005E6800210123B047984E994B32689A42C8
:1006F00022D033604FF4FA7005F096FA002333608D
:100700004FF08043D3F81C35B02B15D02868914F9B
:1007100043683A46D3F800804FF480310823C0473D
:100720003B68013308D07B68013305D001F012FF2C
:100730004FF48030FFF756FF4FF0804300273760BB
:100740003A46C3F81C7584498448854E07F033FA4D
:1007500064221146814805F047FD23681B689868AC
:1007600001F088FE1C223946304606F038FD4FF471
:100770000053336122687B4B736141F6FF73B361B1
:10078000536823B19B6C13B1774910469847206892
:1007900043689B6A03B19847DFF8C481734F012215
:1007A0000DF10701404606F086F900B338689DF860
:1007B00007106F4B421C23293A60195417D10021AE
:1007C00099541B78493B112B0FD8DFE803F0160E24
:1007D000920E0E090E0E0E0E1C0E0E130E193C6913
:1007E00064490222206805F02FFD00233B6005F0DC
:1007F000D1F9D4E73C226049F4E711225F49F1E7DF
:1008000003225F49EEE7102200215E48DFF87CB149
:1008100006F005FC1022824600215B4806F0FFFB33
:10082000002681464E45E0D206EB0A01A9EB0602FE
:100830005944404606F03FF9002801DD0644F1E73F
:1008400005F0A8F9EEE7102200214E48DFF854A188
:1008500006F0E5FB1022064600214B4806F0DFFBC0
:100860008146D0B1286843680021DB689847286832
:10087000436806F580369B684A46314698472868A3
:10088000DAF8002043684149D3F804A00A444B46F3
:100890003146D04703223E49A4E7CAF80060F9E791
:1008A00010220021374806F0BAFB102282460021B0
:1008B000354806F0B4FB81462868364A43680AF595
:1008C00080311E68DFF8CCA04B46B0470026324688
:1008D000B14506D1304902A803F0F0FF0C2202A96D
:1008E00080E711461AF80600FFF7C8FE01360246F7
:1008F000EEE74FF02002EFF3118382F31188BFF38C
:100900006F8F06F072FB01F025FEBFF34F8F234976
:10091000234BCA6802F4E0621343CB60BFF34F8FEE
:1009200000BFFDE7A482000018000020080000209E
:100930004800002014000020AB820000B2820000BA
:10094000BC820000CF82000050000020FC7F00200D
:100950003581730770000020A10400001C000020F6
:1009600054000020B94800205D0500000C00002064
:10097000781800202E830000D5820000108300002C
:10098000208300007918002082180020B818002069
:1009900024830000B93800202883000000ED00E027
:1009A0000400FA05100000200B6801330B60014BB6
:1009B0001B681847889A00202DE9F04F85B09B46A8
:1009C0000E9CDFF890A0012CB8BF0124012B0CBFB6
:1009D0003023202315468046894601940293012640
:1009E0000A2700220AF101040AB9AA451FD2B5FB61
:1009F000F4F049463030C04701360122013F012F53
:100A0000B5FBF4F14FF00A0304FB1155BAFBF3FAFE
:100A1000E8D1494605F13000C047BBF1030F03D1CF
:100A2000019B9C1B002C0FDC05B0BDE8F08F019BE7
:100A3000BB42E3DBBBF1020FE0D8494602980392C8
:100A40000136C047039AD9E749462020C047013CF8
:100A5000E8E700BFFFC99A3B13B502AC002344F896
:100A6000043D02460B460348214605F02DFE02B028
:100A700010BD00BFA909000010B54FF02003EFF32F
:100A8000118483F31188BFF36F8F00F039F8094A9E
:100A90000123C2F840354FF08042C2F87835064B4A
:100AA0004FF0FF329A62DA6284F31188BFF36F8FDE
:100AB000002010BD00E0014000ED00E0BFF34F8FCB
:100AC0000549064BCA6802F4E0621343CB60BFF3EA
:100AD0004F8F00BFFDE700BF00ED00E00400FA0506
:100AE000054B1B68082B01BF044B1868B0FA80F057
:100AF000400918BF00207047300100103401001079
:100B000008B54FF080430022C3F80C21C3F8102130
:100B1000C3F838254FF0805203F54043D2F804144F
:100B2000C3F82015D2F80814C3F82415D2F80C1411
:100B3000C3F82815D2F81014C3F82C15D2F81414E1
:100B4000C3F83015D2F81814C3F83415D2F81C14B1
:100B5000C3F84015D2F82014C3F84415D2F8241471
:100B6000C3F84815D2F82814C3F84C15D2F82C1441
:100B7000C3F85015D2F83014C3F85415D2F8341411
:100B8000C3F86015D2F83814C3F86415D2F83C14D1
:100B9000C3F86815D2F84014C3F86C15D2F8442491
:100BA000C3F87025FFF79CFF10B13E4B3E4A1A6018
:100BB000FFF796FF18B13D4BFB22C3F81825FFF74E
:100BC0008FFF48B13A493B4B0A681B6822F00F027D
:100BD00003F00F0313430B60FFF782FF18B1364B8E
:100BE0004FF400721A604FF08043D3F80024D1070D
:100BF00044BF6FF00102C3F800244FF01023D3F874
:100C00000C22D2071ED52D4B0122C3F80425D3F8A0
:100C10000024002AFBD04FF01022D2F80C3223F02F
:100C20000103C2F80C32254B1A46D3F800140029F0
:100C3000FBD00021C3F80415D2F80034002BFBD000
:100C4000FFF73CFFD3F80022002A03DBD3F804327D
:100C5000002B23DA194B0122C3F80425D3F8002412
:100C6000002AFBD04FF010221221C2F80012D3F854
:100C70000024002AFBD04FF010231222C3F80422D4
:100C80000E4B1A46D3F800140029FBD00021C3F8FC
:100C90000415D2F80034002BFBD0D1E7084B094AE9
:100CA0001A6008BD8C5600404881030000F00040E7
:100CB000E40E0040580200104096024000E001405F
:100CC0008C9A00200090D0032DE9F04F0779484C12
:100CD000FE00A31905461B7985B003F0FF00002B29
:100CE00040F08380DFF814E144F837204FF0FF39FB
:100CF00002464FF0030A4FF00108885CFF2871D0CC
:100D000020F0800310F0800F4DF822305DD01F2BB3
:100D100087BF00F01F0CF3469C464FF0A04B08FA2B
:100D20000CFCCBF808C51F2B8ABF00F01F034FF047
:100D3000A040704603F5E07340F823A00132042A76
:100D4000DBD12868009BC0F86035019BC0F8643592
:100D5000029BC0F86835039BC0F86C3501238A7983
:100D600091F805C0C0F800350B89C0F80CC5C0F873
:100D70000425C0F808354B89C0F810350023C0F8A9
:100D800000324FF48E71C0F8003305F0B5FE4FF419
:100D90008871286805F0B0FE4FF48A71286805F064
:100DA000ABFE4FF48271286805F0A6FE54F8373088
:100DB00023B1286840F3073002F072FF3444012366
:100DC0000C48237105B0BDE8F08F1F2B87BF00F0E2
:100DD0001F0CF3469C464FF0A04B08FA0CFCCBF8D6
:100DE0000CC5A0E74DF82290A8E70348EAE700BF4A
:100DF000780000200000AD0B0500AD0B0003005093
:100E0000F0B40D461C461A490379D5F800C0AF88E6
:100E1000AE68ED6801EBC3010368C3F820C5C3F8F1
:100E20002475C3F82865C3F82C55C3F840C5C3F82A
:100E30004475C3F84865C3F84C5502F0010505EB4D
:100E40005202C3F81425E20710D414F0020203D0B2
:100E5000002D14BF08220422002DC3F80022E2B2A4
:100E600014BF0C230823F0BC05F04EBE1022F3E79C
:100E7000780000200379084A016802EBC302137965
:100E8000D1F80411DBB219B9981E18BF01207047C0
:100E900001201071704700BF78000020044A91685B
:100EA0009368CB1A23F07F438342F9D3704700BF86
:100EB00010E000E0034B044A1B68B3FBF2F3584315
:100EC000FFF7ECBF8C9A002040420F00064A10F05A
:100ED000800F00F00F0314BFD2F81005D2F81405EC
:100EE000D84000F00100704700700240054B1B68BD
:100EF000082B05D1044B1868003018BF012070473B
:100F0000002070473001001034010010054B10F034
:100F1000800FA3F1900208BF134600F00F0003EB0F
:100F20000010704708020020024A00231360024AA2
:100F3000137070471C7C0240DB68002007B5084A2C
:100F400000231370074A019302A81370012300F8CD
:100F5000043D054B1B68984703B05DF804FB00BFD8
:100F6000DA680020DD68002098020020F8B54D689E
:100F70000B4F954228BF15460C4606462A4609687F
:100F8000384606F0FFF860682368401BC6E9007524
:100F900060601D440030256018BF0120F8BD00BF0F
:100FA000A0020020F8B54C68944228BF14460646BB
:100FB0000D468CB1094F09682246384606F0E2F822
:100FC00037606B6874601B1B6B602B68201C2344AC
:100FD0002B6018BF0120F8BD0460F2E7A0020020DA
:100FE00007B500238DF804300B4BD3F82025ADF85E
:100FF0000620D3F8C034094A002B13680CBF4FF405
:1010000080714FF001210B431360054B01A81B6851
:10101000984703B05DF804FB0070024074010020A3
:101020009802002013B5124C0122236802FA01F144
:101030000B4323600F4B1B68194003060DD551B9B4
:1010400006238DF804308DF806008DF807100A4B42
:1010500001A81B68984702B010BD0029FBD10623E8
:101060008DF804308DF806008DF80720EFE700BFFB
:1010700074010020040100209802002008B5054BEF
:101080001A78104605F0C1FDBDE80840014610463B
:10109000FFF7C8BFDD680020074BBFF35B8F024638
:1010A00053E8000F00EA020143E8001CBCF1000F06
:1010B000F6D1BFF35B8F70470401002013B5FFF733
:1010C00033FF0D4B93F88E20032A12D0D3F88040C3
:1010D0007CB96FF08070FFF7DFFF06238DF80430D6
:1010E00008238DF80630054B8DF807401B6801A8D2
:1010F000984702B010BD00BF780100209802002080
:1011000013B5FFF711FF104B93F81E21032A05D1E9
:101110006FF48070FFF7C0FF02B010BDD3F810412C
:10112000002CF9D16FF48070FFF7B6FF06238DF81D
:10113000043088238DF80630044B8DF807401B6877
:1011400001A89847E8E700BF780100209802002036
:1011500008B5FFF7E9FE084B93F89E20032A05D156
:101160006FF00100BDE80840FFF796BFD3F890305C
:10117000002BF5D008BD00BF78010020204B13B52F
:10118000D3F80044C3F80044BFF36F8FBFF34F8F11
:10119000BFF36F8FBFF34F8FE1050BD5194B0122C2
:1011A0001A7002A800230193022300F8043D164B95
:1011B0001B689847A2050AD5124A002302A801938A
:1011C0001370032300F8043D0F4B1B689847630519
:1011D00013D50C4B1A7882B100221A70084B0121EA
:1011E000C3F80815582005F0C8FC02A80423019292
:1011F00000F8043D044B1B68984702B010BD00BFC7
:1012000000700240DA680020980200202DE9F04FBB
:10121000724B87B01A780193002A40F08280DFF881
:10122000C4B16F4B18686F4B1C68204079D010F028
:10123000012479D094FAA4F4B4FA84F40F2C86BF74
:10124000A4F110085FFA88F844F080084046FFF7E0
:101250005DFE4FFA88FABAF1000F064608F00F0556
:10126000828966DAD0E9003104A8984700B9306075
:101270005D4B82221A60019B059A01201870A040E4
:10128000B368DBF80040134424EA0000BAF1000F11
:10129000CBF80000B3600498544B77DA072D9BBF5E
:1012A000142101FB0533C3F8A006C3F800068CBF68
:1012B000C3F8A426C3F80426FFF718FEAB002DB22E
:1012C0006E004B4A4B49002871D1BAF1000FB5BFEF
:1012D00092468A4604242824B244474F474E1C4471
:1012E00005463560BFF36F8FBFF34F8F204605F083
:1012F00044FC0220FFF7DEFD3368002BF1D01E20F6
:10130000FFF7D8FD3B689B064FD50120FFF7D2FDC4
:10131000BAF8003003F1804303F51C331B68002B3F
:10132000DFD007B0BDE8F08F90FAA0F0B0FA80F4FB
:1013300084E7072D2D4B24D9D3F8C09419F4803FAE
:1013400018BF4FF000094B467168376804A8B847CA
:10135000049B002B8AD0059B4B4587D20120022598
:10136000A040B573C043FFF797FE06238DF80C30FD
:10137000234B8DF80E808DF80F501B6803A89847FB
:101380004FE705F5947153F82190DCE7072D9BBFDB
:10139000142101FB0533C3F8A007C3F800078CBF75
:1013A000C3F8A427C3F8042786E70220A8E7BAF108
:1013B000000FACBF28200420184405F0DEFB12EA21
:1013C0002A0A38BF8A463AF8153003F1804303F5FC
:1013D0001C331A68002AFCD0A3E700BFDB6800209A
:1013E00004010020740100201C7C024000700240B7
:1013F00080820000928200007474024004710240F6
:101400009802002038B5174BD3F86C44C3F86C44ED
:10141000BFF36F8FBFF34F8FFFF768FD38B9124AE4
:10142000136823F0011103F001130C43136001252D
:101430001CB9BDE83840FFF7E9BE94FAA4F3B3FA4B
:1014400083F30F2BD9B2C8BFA1F1100005FA03F343
:10145000CCBFC0B241F0800024EA0304FFF7E2FDF4
:10146000E6E700BF007002409C02002037B504464A
:10147000FFF75AFDFFF74AFD837B032B0CD1204673
:1014800005F0C3FB012303FA00F0C043FFF704FE9D
:10149000FFF7BCFE03B030BD0568002DF8D1204633
:1014A00005F0B3FB012303FA00F0C043FFF7F4FD9E
:1014B00006238DF80430044B8DF806408DF8075054
:1014C0001B6801A89847E3E798020020024A00231E
:1014D0001360024A1370704798020020DC680020F5
:1014E00038B5514B4FF40062C3F80024BFF36F8F3F
:1014F000BFF34F8FFFF7FAFC4C49A8B14FF0200320
:10150000EFF3118483F31188BFF36F8F0868484BA2
:10151000032200287ED149F2753008601A60086005
:1015200084F31188BFF36F8F4FF02003EFF3118422
:1015300083F31188BFF36F8F08683E4AC0230028E9
:101540006AD149F2753008601360086084F311882D
:10155000BFF36F8F344B0120C3F80005BFF36F8FCB
:10156000BFF34F8FD3F800040005FBD54FF40060A4
:10157000C3F80004BFF36F8FBFF34F8F4FF020030A
:10158000EFF3118483F31188BFF36F8F086800288D
:1015900044D149F275330B6010600B6084F31188FD
:1015A000BFF36F8F244B40F2E3721A600433402282
:1015B0001A60BFF36F8FBFF34F8FA3F604030024AD
:1015C0008022C3F81C25C3F830451C4B40F2FF12A3
:1015D0001A601B4B1C60FFF7A7FC1A4B1C701A4BC0
:1015E00002221A70FFF782FC98B14FF02003EFF34C
:1015F000118583F31188BFF36F8F08680C4B80B996
:1016000049F275320A6018600A6085F31188BFF3E9
:101610006F8F38BD1A6083E7136097E7002313606C
:10162000BCE71C60F1E700BF0070024000EC064020
:1016300014ED064014EC06400078024074010020CE
:1016400004010020DD680020DC6800200E4B002231
:1016500010B51A70A8B9FFF749FC0C4B0C4A0028CA
:101660000CBF184610460B4CC4F80403272002F0A8
:1016700017FB0123C4F80435BFF36F8FBFF34F8FFF
:1016800010BD0248EFE700BFDA6800200714E00150
:101690000714C00100700240034B1878012894BF62
:1016A00000200120704700BFDC6800201B4B70B594
:1016B0001C7884BB1A4A106001221A70264664F016
:1016C0007F05082CEDB20CBF4FF400714021284675
:1016D00005F0E7FA2846FFF719FC0134092C867358
:1016E00006608660EBD1002440212546204605F0A7
:1016F000D8FA2046FFF70AFC0134E4B2092C8573BE
:101700000560856001D1074870BD082C0CBF4FF4FF
:1017100000714021EAE70448F6E700BFDC680020DA
:10172000980200200000AD0B0500AD0B2DE9F84339
:10173000074605F06AFA4FF02003EFF3118583F3B3
:101740001188BFF36F8F17F00F0903D1274B1B7858
:10175000BB4246D1264A274B12681C68D243012659
:1017600092B286402243324298463CD13846FFF737
:10177000CDFB0C233A06844603FB09F32DD51E4A04
:101780000868134400F060408A68B0F1005F02F01E
:1017900001021DD1D2B9194ACCF8002007C983E84B
:1017A0000700CCF804300023CCF808308CF80E3059
:1017B000134B144834438022C8F80040C3F8042176
:1017C00085F31188BFF36F8FBDE8F8830E4AE3E716
:1017D0000AB90E4AE0E70E4ADEE70E4A13440E4A03
:1017E000DAE70E48ECE70E48EAE700BFDD680020C4
:1017F000740100200401002008010020BF6B0000DC
:1018000000E100E00000AD0BE16B00006D0F000097
:10181000A50F000098000020916B00000A00AD0B9E
:101820000B00AD0B044B40F48070C3F81805BFF3F8
:101830006F8FBFF34F8F70470070024000F00F03AF
:10184000072B11D810F0800F084A0BBF03F58873DF
:1018500003F5847302EB830352F8230008BF586832
:10186000431E5842584170470020704700700240A4
:1018700010B508220021044605F0B1FC0E4BD3F848
:1018800080242270D3F884246270D3F88824D3F89B
:101890008C1442EA01226280D3F89024D3F8941485
:1018A00042EA0122A280D3F89824D3F89C3442EA79
:1018B0000323E38010BD00BF0070024013B5FFF7A3
:1018C00033FB0F4B9A7B032A05D16FF48030FFF76F
:1018D000E3FB02B010BD1C687CB96FF48030FFF7E9
:1018E000DBFB06238DF80430064B8DF806408DF89F
:1018F00007401B6801A89847EBE705F0EEF9E8E719
:101900007801002098020020014B1878704700BF32
:10191000DD68002038B50246FFF7E8FA04461046B5
:1019200005F073F901238340DB4302F00F001B4AEB
:10193000BCB94FF02001EFF3118581F31188BFF39B
:101940006F8F11680B4013604000154B00F2C5709B
:1019500018605C6004331B6885F31188BFF36F8FD8
:1019600038BD4FF02001EFF3118481F31188BFF3EC
:101970006F8F1168072803EA0103136009D800F587
:101980009470084B002243F82020BFF36F8FBFF301
:101990004F8F84F31188BFF36F8FE1E7740100204C
:1019A0000078024000700240F7B501464FF0200376
:1019B000EFF3118483F31188BFF36F8FFFF7A6FA5B
:1019C0000546084605F021F9012311F0800F03FABE
:1019D00000F02A4E17D1336830EA03020AD00846D5
:1019E000FFF798FF0323AB7384F31188BFF36F8F66
:1019F00003B0F0BD2A60C043214A0340336013683E
:101A000003401360EEE701F00F02072A0FD8802988
:101A10001C4F1D4B28D002F2DA3252003A601A688D
:101A20001F68D2B242F002023A431A601B68144F98
:101A300032683B6862EA030C1CEA000FD4D022EA49
:101A400000021843002332602B600323AB738DF830
:101A500007300E4B386006228DF804208DF80610F2
:101A60001B6801A89847BFE740F2B4723A601A6851
:101A70001F68D2B242F00402D6E700BF0401002082
:101A8000740100200078024004780240980200208F
:101A9000F7B5164B164CD3F880542368154EDA432D
:101AA000154B37781B6892B238461A4305F0ADF8EB
:101AB000012303FA00F0104202D03846FFF774FF0A
:101AC00005F080056FF001103570FFF7E5FA236827
:101AD00043F00103236002A800230193052300F8CB
:101AE000043D064B1B68984703B0F0BD00700240F0
:101AF00074010020DD68002004010020980200200D
:101B0000554B2DE9F041D3F80453002229461646DF
:101B1000012400297CD1FFF7E9F9002869D14F4B56
:101B20001B78002B65D1960263D54D494C4E40F28F
:101B3000A9730B604B4B1C6814F0FF041CBF1868A2
:101B4000044040F2AA700860186810F0FF001CBF43
:101B50001968084040F2AB713160196811F0FF015B
:101B6000B4461CBF1E68314040F2AC76CCF8006031
:101B70001E6834403C4E08D037682743376040F237
:101B8000A977CCF800701C601C68354F40F2AD742A
:101B90003C601C68204008D0346844EA004434604B
:101BA00040F2AA743C60186018682D4840F2AE7488
:101BB0000460186801400DD0CC0748BF42F4000211
:101BC000C806274840F2AB74046019601B6848BF20
:101BD00042F00102336833F001111CBF05F0807040
:101BE000024313F0011F04D06B0544BF316042F47F
:101BF00080621E4F02F4000622F400044FF0010838
:101C0000E4B9FFF703FB2EB3BDE8F041FFF740BF97
:101C100091FAA1F31648B3FA83F39F00384407689A
:101C20003FB10660BFF36F8FBFF34F8F04FA03F02D
:101C3000024304FA03F321EA03016AE794FAA4F5E4
:101C4000B5FA85F557F8253008FA05F5984724EADE
:101C50000504D5E7BDE8F08100700240DB68002094
:101C600000780240047802409C0200206C7E000054
:101C700000710240F8B5114E114A34681268240C04
:101C80002404144301271CB940F2FF133360F8BD4C
:101C900094FAA4F5B5FA85F5E8B20F2DC6BF103851
:101CA000C0B240F0800000F00F03072B01D8FFF70F
:101CB0007BFE07FA05F524EA0504E4E77401002039
:101CC000040100200D4B802210B52720C3F8842189
:101CD00002F00AF880B10A4CFFF7CCFF0023C4F8E9
:101CE0000435BFF36F8FBFF34F8F272001F0E8FF5C
:101CF0004FF0FF33C4F8083310BD00BF00E100E02F
:101D00000070024008B5FFF7DDFF094BD3F804234C
:101D1000C3F808230022C3F80025BFF36F8FBFF379
:101D20004F8FFFF701F9034B01221A7008BD00BF66
:101D300000700240DC68002038B54FF02003EFF35C
:101D4000118583F31188BFF36F8F0F4B1B7803F05E
:101D5000FF0433B9002485F31188BFF36F8F204649
:101D600038BDFFF787FF094AD2F8003413F4007337
:101D7000F0D10121C2F82C15D2F80014890544BF16
:101D8000C2F82C351C46E6E7DA68002000700240F5
:101D9000F8B5234A234B244D47B233EA270328BF23
:101DA000134600F00F0401211B5D01FA03F3C5F88F
:101DB00004330646FFF78AF888BB002FB4BFD5F876
:101DC0001035D5F8143501FA04F1B5BF194319439C
:101DD000C5F81015C5F81415BFF36F8FBFF34F8FFB
:101DE000013C062C1BD8002F19DB4FF02003EFF32A
:101DF000118483F31188BFF36F8F3046FFF78AFD9C
:101E0000304604F002FF094A012303FA00F0136888
:101E100023EA0003136084F31188BFF36F8FF8BDCA
:101E2000518300005A83000000700240040100202A
:101E3000030610B504460AD400F00F03072B06D89A
:101E40009B00074AD358012B01D1FFF763FD054BD7
:101E5000C3F81845BFF36F8FBFF34F8F10BD00BF9E
:101E600044740240007002402DE9F041084D094ED3
:101E700007468846761B0024B44201D1BDE8F081B4
:101E80002819C36813B14246394698472C34F3E702
:101E9000E89D0020149E0020F0B40D4B0D4C0E4D1B
:101EA000E41AA4106C430025A54203D16FF0220070
:101EB000F0BC70471E6946B15F6897F802C087881A
:101EC000BC4502D13346F0BC184701352C33EBE753
:101ED000E89D0020149E0020A38B2EBAF0B40D4B79
:101EE0000D4C0E4DE41AA4106C430025A54203D1FD
:101EF0006FF02200F0BC70479E6946B15F6897F8AA
:101F000002C08788BC4502D13346F0BC1847013572
:101F10002C33EBE7E89D0020149E0020A38B2EBA03
:101F20002DE9F84F9046104B104A0F469B1A104966
:101F30009B10064601FB03FA002491464FF02C0B40
:101F4000A24502D16FF022000BE00BFB04935D6908
:101F50000DB90134F4E7424639463046A847002817
:101F6000F7D1BDE8F88F00BF149E0020E89D002047
:101F7000A38B2EBA13B5094C02ABE26843F8042DCB
:101F8000A168802001F0FAFA0199A268E3680A4486
:101F90005B1AA260E36002B010BD00BFE002002047
:101FA0002DE9F743434C94F84C50002D63D100F0D9
:101FB000C5FB00287BD0404B636204F1440363639C
:101FC0003E4BA3623E4B2062A3633E4AE3633E481E
:101FD0003E4BE2626361E06101F0C8FB00284BDB2D
:101FE00001F090F9002847DB02AE402306F8085DB7
:101FF0003046ADF802308DF8045001F029FA00287F
:102000003ADB802730468DF8007001F021FA002875
:1020100032DB2F49284601F097FB00282CDB2C49A6
:10202000384601F091FB002826DB2A4E2A4B2B4F25
:102030009B1B9B105F43AF4221D1294DDFF8A48049
:1020400005F1F00700260122AE61C5E904682846C3
:1020500011463C3505F035FDBD42F4D1002001F0BC
:102060006FFA002808DB802001F06AFA002803DB01
:10207000012384F84C30002003B0BDE8F083D6F88B
:1020800028904FF0000896F824205FFA88F39A42CF
:1020900002D801352C36CEE709EBC30259F83310CC
:1020A000107901F051FB08F101080028EBD04FF046
:1020B000FF30E1E7E00200200D220000991E000041
:1020C000DE680020211F0000691E0000DD1E0000E8
:1020D00015210000E89D0020149E0020A38B2EBA3D
:1020E0004C030020116D000008B509480378C3F3C4
:1020F000411300EB83035B6A3BB100F1080200F17E
:1021000010019847C043C00F08BD1846FCE700BF48
:10211000E002002037B500220B4601920546002858
:1021200052D12D4C39BB0822214604F04EFF002825
:1021300004DA802001F0ACF903B030BD2278E588E4
:10214000C2F3411304EB8303586BA06010B901F094
:102150009FF9EEE7C4E903550DB1D309ECD0FFF7C1
:10216000C3FF0028E5D02369AB42D4BFE360E5603C
:10217000FFF700FFE0E7D4E90212002A01AB05DC1B
:10218000024604F022FF0028D6DAD2E704F01DFF51
:10219000002804DA802001F07BF92846CAE701997B
:1021A000A268E3680A445B1AA260E360002BC3D113
:1021B0002378C3F3411304EB83035B6BA360FFF746
:1021C00093FF0028B5D0D3E78028B5D1024BDB6858
:1021D000002BB1D0CCE700BFE0020020014600F1A7
:1021E0000803BFF35B8F53E8002F42F0010043E880
:1021F000000CBCF1000FF6D1BFF35B8FD30702D404
:10220000014805F078BB7047B81700202DE9F04F62
:10221000974D6B6985B006460C46904663B9377892
:1022200007F01F07012F00F0A0800BD3022F00F052
:10223000E9806FF0150002E098470028EFD105B063
:10224000BDE8F08F72787088D8F80030092AF0D88D
:1022500001A151F822F000BF8122000051230000AB
:10226000332200005F230000332200009B22000085
:10227000A522000033220000D3220000DD2200004E
:1022800000201870587095F84E20824214BF022228
:1022900002461A7002232360D1E7C0B201F0C8F8E9
:1022A0000020CCE7020A131F012BC2D9072AC0D88D
:1022B0002B6A0021C0B21D78002DBAD05E789642FC
:1022C00003D1884200F0CC8001312B44F3E71B7826
:1022D000CCE095F84D201A700123C7E0C4B28DF808
:1022E000074054B1FF272E6AB846337843B9EB69EB
:1022F0001BB10DF107010320984785F84D40CFE74A
:102300007378042B08D0052B08D0022B01D196F846
:10231000058033781E44E8E7F778FAE79DF8073040
:102320004345F6D1002FF4D1F3788DF80C30727953
:10233000337943EA0223ADF80A30B3788DF80830D8
:1023400002A801F085F89DF8080001F0F9F8E0E72F
:1023500001287FF46EAF002085F84E006FE701285A
:102360007FF467AF85F84E009AE77078D8F80030B0
:102370000A2807D00B2809D000287FF45AAF18701C
:10238000587087E700201870276058E796F804A077
:1023900096F802B02E6AFF27B9464FF0000833784E
:1023A0003BB9EB6913B141460720984700202060F4
:1023B00045E77378042B04D0052B0BD033781E44EB
:1023C000EDE7B77896F80390BA45F7D1CB4508BF4B
:1023D000B046F3E7BA45F1D1CB45EFD1F3788DF8AC
:1023E0000C307279337943EA0223ADF80A30B378BE
:1023F0008DF8083002A801F02BF89DF8080001F0D4
:102400009FF8DBE773783079D8F800808DF8080002
:10241000012B17D00FD3032B7FF40BAF7488002C44
:102420007FF407AF01F034F8EB69002B3FF438AFCD
:1024300002A9082012E0414601F068F8002088F85F
:102440000100A1E77488002C7FF4F3AE01F046F898
:10245000EB69002B3FF424AF02A9092098471FE73E
:10246000022AC8F800307FF432AF5B88236017E798
:10247000E00200202DE9F341314D95F84C4007462C
:10248000002C4DD12F48E86101F070F9002848DB9D
:1024900000F038FF002844DB02AE402306F8084D68
:1024A0003046ADF802308DF8044000F0D1FF00282E
:1024B00037DB4FF0800830468DF8008000F0C8FF11
:1024C00000282EDB2049204601F03EF9002828DBB9
:1024D0001D49404601F038F9002822DB97F82430E6
:1024E000A34221D8194CDFF8688004F1F0070026D8
:1024F0000122A661C4E90468204611463C3405F077
:10250000E0FAA742F4D1002001F01AF8002808DB15
:10251000802001F015F8002803DB012385F84C30FA
:10252000002002B0BDE8F081BB6A03EBC40253F89F
:102530003410107901F008F90028F2DB0134CDE7FE
:10254000E0020020691E0000152100004C0300205D
:10255000116D000010B5064C94F84C0030B100F03D
:1025600011FF0028A4BF002084F84C0010BD00BF5C
:10257000E00200202DE9F04F6B4A6C4B6C499B1A2E
:1025800087B09B1000264B43044600934FF001197F
:102590003746B246B046934623783BB9654AA01CFD
:1025A000904200F0BF80FFF7E5FF24E06378052B41
:1025B0000AD8DFE803F07B09B57B0378E3781BB921
:1025C000A378DBB10137FFB223781C44E4E702FBB8
:1025D00003BADAF804108C4207D1DAF80830002B7D
:1025E000F0D0394620469847ECE7013300999942EC
:1025F000EDD14FF0FF3007B0BDE8F08F2C22F5E7AA
:1026000001FA05FC1CEA090F2DD00135102D0DD162
:1026100001339AF824209342EBDADAF82820A578DF
:1026200002EBC30210798542F2D1012594F803C070
:102630008DF814C094F805E094F804C04CEA0E2C10
:10264000ADF812C094F802C08DF810C01CF0800FD5
:10265000E8B2D5D005F1100C01FA0CFC1CEA090F08
:10266000D3D160F07F008DF8100004A8CDE90221DD
:10267000019304F091FCDDE9013203990028C4D1F3
:102680009DF81030A37013F0800F137118BF103530
:102690004FF0010315BFAB4003FA05F549EA030902
:1026A00049EA050990E700230121B2E7032E1DD175
:1026B000FDF780FF019060B104F038FD05461E482B
:1026C00004F034FD8542019903D12A46A01C04F090
:1026D00059FD2146002011F8023BDA1E5B08013B40
:1026E0000B44002A13DA0136F6B26DE7002EF0D162
:1026F000B8F1000F3FF47DAFA4EB080388F8023077
:10270000C3F3072388F8033088F80470EBE7885494
:10271000013B8D1893F800C005F801CC023AE0E7C0
:10272000A04651E7184666E7E89D0020149E002069
:10273000A38B2EBAE59D00206383000008B50448F2
:10274000FFF718FF0028024818BF002008BD00BF8F
:10275000089D002070B504460E46017910481546C4
:1027600004F066FBB0B16378212B0ED0222B08D089
:10277000202B12D1072229680C3804F003FD002019
:1027800070BD638800F8053CF9E70C380723286022
:102790003360F4E76FF01200F2E76FF01500EFE737
:1027A0002004002008B50146034804F04FFB10B197
:1027B000012300F8033C08BD2004002010B50C469E
:1027C0000146074804F028FB48B10A2C07D0032C27
:1027D00008BF012300F8AC4C08BF00F8943C10BDC2
:1027E0002004002007B502AB012203F8011D1946A1
:1027F00004F090FB6421034803F08EFA03B05DF807
:1028000004FB00BF2804002010B584680023C4F82E
:10281000B0300C4BC4F8AC00596804F1B00269B98F
:10282000C3E900224FF0FF320021074805F049F9C3
:10283000064B0020E060C4E9043010BD0A605A6015
:10284000F0E700BF2004002028040020956E00005F
:10285000014600F10803BFF35B8F53E8002F42F0FD
:10286000010043E8000CBCF1000FF6D1BFF35B8F11
:10287000D30702D4014805F03EB87047B8170020CE
:1028800010B501460B4804F0E1FA044688B1012373
:1028900000F8943C084803F019FA54F8A83C43B1F6
:1028A00014F8923C2BB1A4F1A000BDE81040FFF752
:1028B000CFBF10BD200400202804002008B5014629
:1028C000094804F0C3FA68B1012300F8933C50F8BA
:1028D000A83C3BB110F8913C23B1A038BDE80840BA
:1028E000FFF7B6BF08BD00BF2004002010B54FF0B1
:1028F0002003EFF3118283F31188BFF36F8F154C20
:10290000237833B982F31188BFF36F8F6FF04400DF
:1029100010BD013BDBB2237033B182F31188BFF3EA
:102920006F8F6FF00F00F3E70B4B1878012138B170
:10293000217082F31188BFF36F8F6FF00A00E7E711
:10294000197082F31188BFF36F8F044A11601870F9
:10295000DEE700BF206D00201F6D00200400004056
:10296000F8B54FF02002EFF3118382F31188BFF323
:102970006F8F294A1078441C147080B183F311883A
:10298000BFF36F8F4FF08043D3F80C3403F0011383
:10299000B3F1011F0CBF00206FF0430009E01F4D91
:1029A0002F783FB1107083F31188BFF36F8F6FF0F2
:1029B0000A00F8BD01262E7083F31188BFF36F8FD4
:1029C0004FF0804419B3384601F07AF9C4F8007129
:1029D000D4F80433C4F804632660D4F8002192B11B
:1029E0000022C4F800210E4A13F0010F4FF001033A
:1029F00008BFC4F808330020C2F8803101F050F954
:102A000000232B70BEE720BF40BF20BFE5E7C4F81E
:102A100000112660F4E700BF206D00201F6D00202C
:102A200000E100E070B54FF02002EFF3118382F374
:102A30001188BFF36F8F244D2A789AB183F31188E0
:102A4000BFF36F8F4FF08042D2F81C34D2F81824B5
:102A500003F0030343F48033934314BF6FF0430048
:102A6000002070BD01242C7083F31188BFF36F8F99
:102A70004FF08043154EC3F804210225C3F8181502
:102A8000C3F8045311F0030134604FF01806C3F883
:102A90000863C3F80C21C3F81021D3D11022C3F866
:102AA0003825C3F80463D3F81824D20302D4C3F83A
:102AB0000453C7E7C3F80443FFF752FF0028C1D10E
:102AC000034BC3F80041BDE71E6D00200800004025
:102AD00000E100E02DE9F0434FF080434E4DD3F884
:102AE0000891D3F80423D3F800E18046D3F8040317
:102AF000D3F804C1D3F80C11D3F810412F68AE6895
:102B00000435003485B002F0010218BF01242D689D
:102B1000B9F1000F03D04FF00009C3F80891BEF1DE
:102B2000000F69D04FF080434FF0000EC3F800E172
:102B30005AB14FF08043DFF8E4E001224FF0020980
:102B4000C3F80823CEF800901A61BCF1000F41D100
:102B500061B1324B4FF08049002119604046C9F8FD
:102B60000C11FFF7C3FE0123C9F8143074B14FF004
:102B7000804300210124C3F810114046C3F80443E8
:102B8000FFF7EEFE10B9264BC3F800414FB1224BC0
:102B900000221A601B6801934FF48E70019B00F0B5
:102BA0008FFB4EB11F4B00221A601B6802934FF43B
:102BB0009270029B00F084FB55B31B4B00221A60FD
:102BC0001B680393039B4FF4907005B0BDE8F0437E
:102BD00000F076BB4FF080430022C3F80421820747
:102BE000B6D50222C3F80823D3F81C349B07AFD113
:102BF0000029BCD00124ACE7002AA6D04FF08043C6
:102C0000D3F80C3403F00113B3F1011F9DD190E709
:102C100005B0BDE8F08300BF1C010040340C00404B
:102C200000E100E02401004020010040014601488D
:102C300004F061BEF89C0020020600F00F0303D5EB
:102C4000072B05D909487047072B07D90848704753
:102C50000848242202FB03002830704703F10900D2
:102C6000044B242202FB0030F6E700BFE0140020F2
:102C7000241600209813002038B505460F4802F0AE
:102C800099FAB0B10E4C217845B181B943681B68FF
:102C9000984758B110F1440F08D038BD61B143686E
:102CA00029465B68984710F1100FF2D1257000207B
:102CB000F3E76FF01200F0E70846EEE78E830000BE
:102CC000216D00200949BFF35B8F51E8003F43F0BD
:102CD000010241E800200028F7D1BFF35B8FDB073A
:102CE00003D40839024804F006BE7047A813002038
:102CF000B817002010B5054C0021204602F0B8FCA2
:102D000018B1043004F05AFDF6E710BDF89C00201D
:102D100013B56C46002318222146134802F058FBD5
:102D2000002818DAFFF7E6FF0023182221460E4894
:102D300002F04EFB00280CDB009B94E803001A1DF8
:102D400082E8030004221A751846FFF76FFFFFF7A9
:102D5000B9FF002305E0009B94E803001A1D82E8F8
:102D60000300184602B010BDC89C0020817870B5E1
:102D700006460846FFF760FF0B060546F47813D5B4
:102D8000002C41D1FFF7C4FF034600283CD00122AC
:102D900085F82240027503220274DD60FFF746FFCA
:102DA000BDE87040FFF78EBF54B1012C2CD1FFF766
:102DB000AFFF034640B385F8214004750474ECE787
:102DC000FFF7A6FF00B3B27812F0800F02F00F03F6
:102DD0000E4A0FD0072B9BBF142101FB0323D2F80F
:102DE000A836D3F80836EB60012303750223037479
:102DF000C560D3E7072B9BBF142101FB0323D2F847
:102E0000A837D3F80837EEE770BD00BF0070024066
:102E1000F0B5064689B01822002102A804F0DFF9B7
:102E20003378013B052B20D8DFE803F07703141F2C
:102E3000671603238DF814300024FFF769FF03465B
:102E400098B105A9047500F10C0203C982E80300DA
:102E500018461DE00423EDE7B1780846FFF7ECFEC5
:102E6000837A05461BB1032B43D909B0F0BD0B068D
:102E7000F47812D5002CF8D1FFF74AFF034600285A
:102E8000F3D0012285F82240027503220274DD602E
:102E9000FFF7CCFEFFF716FFE7E75CB1012CE4D1AA
:102EA000FFF736FF03460028DFD085F82140047580
:102EB0000474ECE7FFF72CFF07460028D5D0012368
:102EC000037502230374C56005F10C01B07803F0AB
:102ED000EDFE134AE968B2F8B0328B4206D95B1AAC
:102EE000A2F8B03203F0F9FE3846D1E7A2F8B042BA
:102EF000FAE73046FFF73AFFB7E76846FEF7B8FC57
:102F00009DF80130052B04D19DF8003013F0600FBF
:102F1000ABD0044B059301248FE702248DE700BF5B
:102F20009813002004150020F8B500253F4F2E46C9
:102F300065F07F00C0B2FFF77FFE03690446002BF7
:102F400056D02369E660C4E9063301231D44082DE9
:102F500084F8203084F8216084F82260E8D10025CC
:102F6000324F2E46E8B2FFF767FE03690446002B96
:102F700049D02369E660C4E9063301231D44082DC6
:102F800084F8203084F8216084F82260EAD1284C4B
:102F9000D4F85831002B3FD0D4F85831C4F8603100
:102FA000C4F864310122002384F86821C4F8543144
:102FB00084F8693184F86A31D4F89C323BB94FF413
:102FC00080621C49194802F003FA002818DBD4F883
:102FD0009C32C4F8A4320020C4F8A832012384F83B
:102FE000AC32C4F8980284F8AD0284F8AE0209E06D
:102FF00000F110014022384602F0EAF90028A0DA78
:103000006FF00B00F8BD00F110014022384602F0CD
:10301000DFF90028ADDAF3E74FF4806204F5AC7114
:10302000024802F0D5F90028B6DAE9E7AC9C0020A6
:1030300098130020341600202DE9F043DFF87C922D
:103040009A4D85B080460021484602F011FB0746A4
:1030500010B905B0BDE8F0836B793A7D5BB9002A01
:10306000F1D13A7B042A52D8DFE812F0CD008F006C
:103070009900DB00E700042A49D801A151F822F0A9
:1030800063300000953000005132000079320000BA
:10309000893200003B7CFC68032B38D8DFE803F062
:1030A000023F5E63A66908220021304604F097F8CB
:1030B0007F4BD3F880243270D3F884247270D3F815
:1030C0008824D3F88C1442EA01227280D3F8902429
:1030D000D3F8941442EA0122B280D3F89824D3F8AA
:1030E0009C3442EA0323F3800823E3600021236831
:1030F000607A984796F90030002B0CDBF28852B1C9
:10310000B5F8B0329B1AA5F8B03203F0E6FD381DD1
:1031100004F054FB97E70023A5F8B032F7E794F8E2
:103120002130002BF3D094F82030002BEFD0002674
:1031300084F821604FF0FF3184F820605D4802F090
:10314000E7F9A36901936368CDE9023601A9607AC2
:10315000FEF7ECFA574802F04BFAD8E72368012152
:10316000607A9847D3E7A37A63B994F823304BB9D0
:103170004FF0FF314F4802F0CBF903F0C3FD4D484B
:1031800002F036FA23680221EAE7FEF785FA002802
:10319000BDD1FEF7A5F90120FFF76EFDB7E70024CA
:1031A00064F07F00C0B2FFF747FD037A13B1407AA5
:1031B000FEF7EEFD0134082CF2D195F850311BB129
:1031C00095F85101FEF7E4FD0024E0B2FFF734FD6D
:1031D000037A13B1407AFEF7DBFD0134082CF4D1F9
:1031E00095F894321BB195F89502FEF7D1FD0120B8
:1031F000FEF72CFA01236B712B68002B87D000217E
:103200000220984783E700246C71FEF77BFD20467F
:10321000FFF732FD2B68002B3FF479AF21460420E5
:10322000EFE7002B3FF473AFFEF786FD2B68002B12
:103230003FF46DAF00210520E3E72A68002A3FF440
:1032400066AF002B3FF463AF0021062090475EE796
:1032500008F10C044FF0FF31204602F059F9FFF756
:1032600063FE204602F0C4F958F8083C002B3FF4F6
:103270004EAF00210120C4E758F8083C002B3FF472
:1032800046AF00210A20BCE7002003F078FEFEF7DD
:1032900039FDFEF71BF9FFF72DFDFFF745FE012075
:1032A00003F06DFE0448FEF701FA30E798130020A2
:1032B00000700240AC130020112E0000F89C00208A
:1032C000B0F5907F10B517D0B0F5927F04D0B0F56F
:1032D0008E7F13D1012400E00224FFF719FD68B1AD
:1032E000002202750473FFF7A1FC054B1B792BB17B
:1032F000BDE81040FFF7E6BC0024EEE710BD00BFBC
:103300009813002038B51A4C257965BB194BA56078
:1033100004F11400C4E9033504F06CFA2A460121D3
:10332000272000F0EFFC1448FEF7C0F9134B984239
:103330001BD1012003F023FEFFF7F6FD054608B977
:10334000012323710E4B1B680BB1FFF7BBFC4FF041
:103350008043D3F83834DB0703D54FF48E70FFF782
:10336000AFFF284638BD0025FBE76FF00405F8E7FE
:103370009813002039300000112E00000000AD0B22
:10338000F89C002038B54FF0FF31274802F0C0F814
:10339000FFF7B0FC002464F07F00C0B2FFF74CFCE4
:1033A0000546103004F00AFA013424220021284690
:1033B00003F015FF082CEED10024E0B2FFF73CFC2F
:1033C0000546103004F0FAF9013424220021284681
:1033D00003F005FF082CF0D1144C04F5AC7004F098
:1033E000EDF92422002104F5A47003F0F8FE04F5A1
:1033F000277004F0E3F92422002104F5237003F080
:10340000EEFEFEF77FFCFEF761F80020FFF734FCCC
:10341000002003F0B4FD002504F11400257102F032
:10342000E7F8284638BD00BFAC13002098130020F1
:10343000064B1A7932B15B79002B0CBF6FF012008A
:10344000002070476FF01200704700BF98130020F3
:1034500038B50E4B1B790146A3B105782846FFF716
:10346000EBFB18B96FF01504204638BD45720B7997
:10347000498883724C1E0C404160F3D1284603F00A
:1034800010FCF1E76FF01204EEE700BF9813002084
:10349000114B1A7910B50146BAB15B79ABB1FFF7A0
:1034A000CBFB0446A0B1837A032B05D8DFE803F0F9
:1034B0000210090903F029FC0020A369E060E36120
:1034C00010BD0846FEF7AEF9F6E76FF01200F7E719
:1034D0006FF01500F4E700BF9813002008B50A4B01
:1034E0001A7901464AB15B793BB1FFF7A5FB38B1C8
:1034F0000846FEF79DFC002008BD6FF01200FBE7B8
:103500006FF01500F8E700BF9813002038B50B4B9B
:103510001A7905460C4652B15B7943B1FFF78CFB33
:1035200040B12846FEF78AF92070002038BD6FF0C0
:103530001200FBE76FF01500F8E700BF98130020BA
:103540000D4938B50B7905466BB1FFF775FB68B1CE
:10355000047A74B901230372487918B12846FEF73A
:1035600017FC204638BD6FF01200FBE76FF0150026
:10357000F8E76FF04400F5E7981300202DE9F043D9
:103580002F4C1F46237985B0064689469046002B6E
:1035900050D06379002B4DD003064ED5FFF74CFB7E
:1035A0000546002849D04FF0FF3104F1140001F026
:1035B000AFFF95F8223003F0FF024BB104F1140085
:1035C00002F016F86FF00A04204605B0BDE8F0835B
:1035D0006C68A86944452BBF4446012385F8232025
:1035E00085F823302246494603F0CCFDEC6007B154
:1035F0003C60AC7A4CB9FEF787F9B04205D003F0D5
:1036000081FB104801F0F4FFDEE7012385F822304A
:10361000AB6901930024EB68029301A9304603943F
:10362000FEF784F8084B98421CBF85F822406FF0E3
:103630000404E6E76FF01204C6E76FF01504C3E771
:1036400098130020AC1300200000AD0B2DE9F041D1
:103650001D461E4B90461A790F46002A30D05B79E2
:1036600073B303062FD411B9B8F1000F2BD1FFF7B4
:10367000E3FA044638B34FF0FF31154801F048FF34
:10368000E36843451E4628BF464657B9B8F1000FC8
:1036900007D105B12B600E4801F0AAFF0020BDE85C
:1036A000F0813246E169384603F06CFDE36933444A
:1036B000E361E3689B1BE360002DECD02E60EAE73A
:1036C0006FF01200EBE76FF01500E8E798130020A9
:1036D000AC13002038B51A4D2A79034632B36A7903
:1036E00022B31B0625D4FFF7A7FA044608B34FF010
:1036F000FF3105F1140001F00BFFE3688BB90125E0
:10370000A36984F82050E36194F821304BB1FFF7AE
:10371000FFFA88B10575C4600574FFF787FAFFF7F3
:10372000D1FA084801F064FF002038BD6FF01200A4
:10373000FBE76FF01500F8E76FF00B00F5E700BF4F
:1037400098130020AC13002008B5074B1B792BB150
:10375000FFF772FA28B10160002008BD6FF0120077
:10376000FBE76FF01500F8E798130020014B186095
:10377000002070479813002008B5074B1B7923B130
:10378000FFF75AFA20B1406808BD6FF01200FBE75E
:103790006FF01500F8E700BF98130020104B0022CF
:1037A00010B4C3F840214FF02002EFF3118482F3EC
:1037B0001188BFF36F8F0B4AD3F80405116840F2EC
:1037C0004713401A20F07F40B0FBF3F003FB0013D7
:1037D000136084F31188BFF36F8F10BC02F06CBCD0
:1037E000001001404C16002037B51F4801F0E2FCE4
:1037F000002835D043681D4D1B68012198470024DF
:1038000040F24713C5F80845C5F840354FF48033FA
:10381000C5F84433C5F8043303F1804303F58A53F4
:103820004FF400321C601B680193019B104B012177
:10383000C3F880211120224600F064FA112000F024
:103840002FFA0C4A012313602B60D5F8043503F2DC
:10385000471323F07F43C5F84035204603B030BD01
:103860004FF0FF30FAE700BF8483000000100140F2
:1038700000E100E0081001404CF6690270B5B0F1BB
:10388000FF3F08BF10464FF02003EFF3118483F38E
:103890001188BFF36F8F1349134DD1F804352E688B
:1038A00001389042A8BF10469A1B22F07F4240F296
:1038B000471502F5A37220EAE07005FB0020B0FB7B
:1038C000F5F005FB0060C31A23F07F431F2B98BF60
:1038D000401920F07F40C1F8400584F31188BFF300
:1038E0006F8F70BD001001404C1600204FF0200279
:1038F000EFF3118382F31188BFF36F8F084AD2F878
:103900000405084A1268801A20F07F4040F24712EE
:10391000B0FBF2F083F31188BFF36F8F704700BFE5
:10392000001001404C16002004488168006A88425B
:1039300003D003494FF080520A607047801700207F
:1039400004ED00E0044800232021C2180133302B8D
:1039500082F80013F9D1704700E100E0094A0A49F2
:10396000936809689966094958664B6843F0805323
:103970004B60002383F31188BFF36F8F9368986EB9
:10398000704700BF801700207880000000ED00E045
:10399000202080F31188BFF36F8F11498A684FF0A0
:1039A00028001044EFF3098C80E8F01F0D4F4FF012
:1039B00000660A6A8A603E60506E0023536680F398
:1039C000118804B50648806803F021FBBDE8044077
:1039D00002F1280090E8F01F8CF30988704700007E
:1039E0008017002004ED00E01EF0040F0CBFEFF381
:1039F0000880EFF30980816931F8021C11F0FF01A2
:103A00000229FFD001B503F0F3FA01BD38B51B4C14
:103A100005461B4802F0B4FFA36AD90602D519482F
:103A200002F0AEFFA36A1A0702D5174802F0A8FFFA
:103A3000A36A9B070ED5154802F0A2FF616BA36A2B
:103A4000180607D5124802F09BFF1DB1A36A23F0A8
:103A50008003A362094CA36ADA0702D50D4802F07D
:103A60008FFFA36A9B0602D50B4802F089FFA36A69
:103A7000A36A43F0FF03A362002038BD00ED00E01D
:103A800030840000478400007B8400008F840000A5
:103A9000A8840000BF840000DF84000038B51E4CFD
:103AA00005461E4802F06CFFA36AD90402D51C48E3
:103AB00002F066FFA36A1A0502D51A4802F060FFF9
:103AC000A36A9B050ED5184802F05AFFA16BA36AA2
:103AD000180407D5154802F053FF1DB1A36A23F45B
:103AE0000043A3620C4CA36A590502D5104802F0AA
:103AF00047FFA36ADA0509D50E4802F041FF064ADE
:103B0000936A43F47F439362002038BDA36A9B0409
:103B1000F5D50948F1E700BF00ED00E0A283000001
:103B2000B98300007B840000CB830000E5830000A4
:103B3000FB83000017840000DF84000010B5194CDF
:103B4000194802F01DFFA36A9A0102D5174802F036
:103B500017FFA36ADB0102D5154802F011FFA36A23
:103B6000180302D5134802F00BFF0E4CA36A590349
:103B700002D5114802F004FFA36A9A0302D50F4848
:103B800002F0FEFEA36ADB0302D50D4802F0F8FE48
:103B9000044A936A6FEA03436FEA13439362002077
:103BA00010BD00BF00ED00E00F850000288500007B
:103BB0003C85000057850000768500009C8500004C
:103BC000B785000038B5274C6368C3F30803DA1ED5
:103BD0000546092A3AD8DFE802F00533353039398D
:103BE00039393937204802F0CBFEE36A9A0703D50A
:103BF0001E4802F0C5FE02E0E36A5B0005D4002027
:103C00002946BDE8384000F0DFB8194802F0B8FE98
:103C1000184B1B782BB10120FFF7F8FE0628EFD1D7
:103C200038BD154B1B781BB10120FFF737FFF5E7B7
:103C3000124B1B889BB2002BE1D0FFF77FFFEDE713
:103C40000020E9E70020F0E70D48D2E70D480E49D3
:103C5000A3F110020F2BD8BF01460C4802F090FED2
:103C6000CDE700BF00ED00E01186000029860000CE
:103C70004B86000028ED00E029ED00E02AED00E091
:103C80006B860000E3850000F8850000A286000036
:103C9000024A536943F010035361704700ED00E09E
:103CA00043B2002B08DB012200F01F0002FA00F0F3
:103CB0005B09024A42F82300704700BF00E100E0C0
:103CC00043B2002B0DDB01225B0900F01F0002FA5A
:103CD00000F02033034A42F82300BFF34F8FBFF3B5
:103CE0006F8F704700E100E04209054B00F01F00B4
:103CF00053F82220012303FA00F01040704700BF60
:103D000000E100E043B2002BA8BF03F1604301F1E2
:103D100001014FEA4111AEBF03F5614300F00F000E
:103D2000034BC9B2ACBF83F800131954704700BFEE
:103D300014ED00E02DE9F0418C18884617461E4628
:103D400004220A9B0999054603F0E9FEA4F1200329
:103D50000C4923F00703002221F00101C5E91322D9
:103D6000C5E916879961069959600799996008997C
:103D7000D9604FF080711E60D961AB646A66BDE89E
:103D8000F08100BF57660000014910220A607047A9
:103D900010ED00E0404080F3118830BF704700BF55
:103DA000404080F31188DFF81CC0DCF800C01CF430
:103DB000006C0CBFEFF30880EFF3098001B5FFF74B
:103DC00001FF01BD04ED00E038B504460D460528AD
:103DD0001AD8DFE800F00319191315170D4802F07F
:103DE000CFFD01F06DFFAA6901460B4802F0C8FD46
:103DF00029462046BDE8384000F018B80748EEE7ED
:103E00000748ECE70748EAE70146074802F0B8FD33
:103E1000E7E700BFB686000054870000D6860000A2
:103E2000FC8600001687000031870000052810B5C9
:103E30000CD001F0ADFF60B101F0AAFF0C490D4BB1
:103E4000002808BF19460C4802F09AFDFFF7A2FFB0
:103E5000FCE701F0ADFF0028EED1084C0848A1684E
:103E600002F08EFDA068BDE8104000F00BB800BF66
:103E70009087000094870000A5870000801700202D
:103E8000C587000038B505464FF02003EFF31184D5
:103E900083F31188BFF36F8F03F022FE0A4B9B68F8
:103EA000AB420BD1094B5A68C2F3080212B9204643
:103EB000FFF754FD5A6842F080525A602046BDE830
:103EC000384003F04DBD00BF8017002000ED00E03A
:103ED00001B5EFF30580A0F110004FEAC0000449DE
:103EE000014409C99847BDE8014002480047000065
:103EF000007C00002939000003F07EF800F004F88F
:103F000030BFFFF7FDBF00BF08B50E4B83F3098834
:103F1000EFF3148343F0020383F31488BFF36F8F2E
:103F2000094B0A4A23F07F039360BFF34F8FBFF31F
:103F30006F8F01F06BF901F073F9FFF703FD01F0EA
:103F40009DF900BF889600200000000000ED00E011
:103F50001FB5094B0193094B029304A8084B039327
:103F600001AB40F8103D074A074B012100F076F8FD
:103F700005B05DF804FB00BF000000200000000059
:103F800000000B06000000200000042030B5D1E93D
:103F90000043202B896817D9B3F1004F16D8013B95
:103FA000B3FA83F3C3F11F035B00072841F001015B
:103FB0000ED824F01F02084D024342F010020B43BA
:103FC000A860EA602B6130BD0823EEE73E23ECE7F2
:103FD0006FF01500F7E700BF90ED00E0034B0522FE
:103FE0005A60BFF34F8FBFF36F8F704790ED00E0C3
:103FF000BFF35F8F014B00225A60704790ED00E0E5
:1040000013490868082810B51ED8FFF7F1FF114CB6
:1040100049680022904201F10C0105D10E4B187045
:10402000FFF7DCFF002010BDA26051F80C3C23F02C
:104030001F0343F010031343E36051F8043C43F0C3
:10404000010323610132E5E74FF0FF30EBE700BFEA
:104050004C7E000090ED00E0226D0020F8B5104C81
:10406000074620780E460025B54208DA57F8251095
:104070004B6893B15A1E134203D06FF015002070A5
:10408000F8BD1F2BF9D90B681A42F6D1C0B2FFF761
:104090007DFF10F1160FF0D001300135E4E700BFCD
:1040A000226D002070B5104B064618780D4600248E
:1040B000AC4207DB10F1160F03D00C4B002207288F
:1040C0000DDD70BD56F824104B6833B1C0B2FFF758
:1040D0005DFF10F1160FF4D001300134E8E798606D
:1040E0001A610130EBE700BF226D002090ED00E087
:1040F0002DE9F04FC9B0CDE90C011F4600239346CE
:1041000004939BF800000BF1010548B125287BD0F2
:10411000DDE90C319847013006D14FF0FF330493AD
:10412000049849B0BDE8F08F049B0133CDE9043712
:10413000AB46059FE5E7232C5FD054D8002CEFD089
:10414000202C08BF4FF001095D46AB46BF481BF865
:10415000014B214602F0DCFF0028ECD12A2C5BD178
:104160003A680392002AB8BF524207F10403B8BF6D
:1041700003926C78BCBF0122069205F1020B1F4628
:10418000039BC92B28BFC82303932E2C69D19BF80E
:1041900000302A2B62D13D680BF1010B0437C92D89
:1041A0009BF80040A8BF4FF0FF350BF1010B2146F3
:1041B000A74802F0ADFF18B19BF800400BF1010BCE
:1041C000672C7CDC652C80F2E080472C4CDC452C95
:1041D00080F2DB80002CA3D0252C00F03583C82C86
:1041E00040F33C8399E72D2C0BD0302C07D02B2C9F
:1041F000079B08BF01230793A6E70126A4E70294C3
:10420000A2E7012306939FE74FF0000920230293C2
:10421000CDE906994E4698E7A4F13003092B0390A7
:10422000B3D80A22AB461BF8010BA0F13003092BCF
:104230000446A5D8039B02FB0300A0F130030393BF
:104240005D46EFE700FB0535303D93465A4612F8D0
:10425000013BA3F130010929F4D9A0E700250A2088
:10426000F4E74FF0FF35A2E7632C6FD032DC582C17
:10427000B5D13B1D05933968002E00F0DC8247F66E
:104280003003ADF854300DF156072B461022384656
:1042900002F0C6FF582C06D10DF1530212F8013F6F
:1042A000002B40F0CA820DF15408002EA7EB08083D
:1042B000404414BF4FF002094FF0000929E0702C70
:1042C00000F094822BDC6E2C00F0538200F35782B6
:1042D000692C84D13C683B1D002C059342DA2D23C8
:1042E000B4F1004F8DF8543041D061420DF15508C2
:1042F0002B4640460A2202F093FF079B804415A8F4
:10430000A8EB0000002B3DD1B9F1000F01D14FEA1D
:10431000D4790135029B18BF2023029380E0752CCD
:1043200000F08082782CA4D0732C7FF458AF3B1D12
:104330003968059300268B5D002B00F066820136FC
:10434000C82EF8D1002D80F2628266E23B1D0593F3
:104350003B688DF8543000238DF8553001264FF01E
:1043600000091CE2079B23B12B238DF85430214612
:10437000BCE7B9F1000F01D02023F6E721460DF18B
:104380005408B5E7DDF81C90C3E7073727F00707A7
:1043900007F10803D7E900C70593FB0243EA5C5322
:1043A00023F000414FEACC220B46C7F30A58CDE96F
:1043B000102340F2FF7310469845CDE90001604696
:1043C00048D10028DDE9001277F10003B8BF2D23A2
:1043D00015A8B6BF8DF8543003460DF155030A43B6
:1043E000A4F1410403F1030825D1192C1DD8492259
:1043F0001A704E225A7046229A700022DA70079B79
:10440000A8EB0000002B40F05682B9F1000F07D155
:104410009DF85410A1F12D03D3F1000949EB0309D4
:10442000C8283FF77AAE0646B9E169221A706E22B3
:104430005A706622E0E7192C99BF4E2241216E2264
:10444000612194BF1A701A705970D5E7EA8700008D
:10445000F0870000DDE90023462C42EA080243EA27
:10446000E87308BF6624134343D0DDE90023002826
:1044700043F00043CDE9102377F10003A8F2FE38A2
:1044800039DA2D238DF854300DF1550A00230093AD
:1044900018F1020F3EDBB8F1000F79DC10A808F12B
:1044A000010802F0E5FEB8F1040FF7D1002D24F069
:1044B0002003B8BF0625472B40F09780002E40F020
:1044C00092802B1C18BF01230893009B033304DB4D
:1044D000009A6B1C9A4240F38D80672C0CBF6524B8
:1044E000452405F10108102398450F93A8BF98466D
:1044F00089E04FF00008079B0BB12B23C2E7B9F10D
:10450000000F01D02023BDE70DF1540ABEE710A82B
:1045100002F0AEFEDDE9107C00230B93CDF828C03D
:10452000DDE90A01A84A00238B4208BF824208F154
:104530000108ECD30522A7FB0201CDE90801099B84
:1045400002FB0C330993DDE90823CDE91023009B1E
:10455000013B00934FF0000C099A002300216FF0FB
:104560000040994208BF904207D2BCF1000F8FD0A3
:10457000DDE90823CDE910238AE7DDE90823921855
:104580005B41CDE9082308F1FF384FF0010CE3E768
:1045900010A802F081FE009B01330093DDE9102397
:1045A000CDE9082308F1FF384FF0000C099A0023E9
:1045B00000216FF00040994208BF904208D2BCF140
:1045C000000F3FF468AFDDE90823CDE9102362E76F
:1045D000DDE9082392185B41CDE9082308F1FF3893
:1045E0004FF0010CE2E700236EE70023662C0893EE
:1045F0007FF477AF009B13EB05084BD510230F9387
:1046000066244FF0000848A900224FF0006361E9DA
:10461000362318F1FF383FD2DDE91023DDE912011E
:10462000171843EB01083A464346CDE9102308F03A
:1046300070420023134308D010A802F02DFE10A8EA
:1046400002F016FE009B01330093662C0AF101086C
:1046500040D1009B002B29DD534498460FA910A898
:1046600002F04BFE0AF8010BC245F7D1002300937C
:1046700006B95DB12E2388F80030464608EB0503E5
:104680004FF0300AB34215D10135A844089B002BE6
:1046900039D160E0662426E708460A9102F0FCFD65
:1046A0000A99084602F0E4FD0A99B2E730238AF835
:1046B0000030DDE7009A2AB1013286F801A00092AD
:1046C0000136DFE70FA910A80A9302F016FE0A9B35
:1046D0007070F5E70FA910A802F00FFE302818BF80
:1046E000009B8AF800001CBF03F1FF33009306B95A
:1046F0003DB10AF102082E238AF8013045444545B0
:104700002ED1089B43B118F8012C302A08F1FF3351
:104710002DD02E2A08BF984624F02003452B1AD10D
:10472000009B88F80040002BBBBF5B4200932B230B
:104730002D2388F801300A22009B93FBF2F303F14A
:10474000300188F80210009902FB1317303788F8FF
:10475000037008F10408002388F8003015A84EE61D
:104760000FA910A802F0C9FD08F8010BC7E7984689
:10477000C9E73B1D05933B68049A1A60D9E43B1DC9
:104780000593396816B330238DF8543059BB013581
:10479000029B8DF8551018BF202389460293039B76
:1047A000B34240F38680069B15AD002B58D02023E2
:1047B000039AAB550136B242FAD1DDE9033215ACAA
:1047C00013441D46A41A70E03233333315A80DF19B
:1047D00054082B460822A0EB080802F021FD4044B3
:1047E0004FF0000995E50DF15500F0E73B1D0593ED
:1047F00047F63003ADF854303968082310220DF124
:10480000560002F00DFD0230EAE7002D02DBAE4259
:10481000A8BF2E46002E3FF48CAC324615A802F0FD
:10482000B1FC9CE53B1D05930A222B46396815A86F
:1048300002F0F6FCD4E715AF27E5A3F161011929D1
:104840009CBF203B137029E50D990C9B204698478F
:1048500001303FF462AC049B01330493059768E494
:10486000039B9C1B721C2819294602F074FC069BB2
:10487000029A202A18BF4B4606931C44069BA3426B
:104880009BDA069B1A469DF80830AB541346013359
:104890000693F3E7049B0D99E05C0C9B984701306D
:1048A0003FF43BAC049B01330493049BAB42F1D136
:1048B0003FE4039681E7DDF81C90B1E50EB40FB537
:1048C00005AB6FF0004153F8042B029003910648AA
:1048D000019302A9FFF70CFC029B00221A7004B09E
:1048E0005DF804EB03B070473173000008B5094B65
:1048F0001A786AB90121197006200521FFF702FA1A
:104900000620FFF7CDF9044B4FF00042C3F8042313
:10491000002008BD236D0020006000401F288ABFD2
:10492000094B4FF0A04300F01F0003EB8000D0F8CC
:10493000003723F44033C0F80037D0F8003743EA9B
:104940000141C0F80017704700030050F7B5036835
:1049500086689B6801F01F040D464C491B79D1F80D
:10496000042344EA4314D2B2002303F5A27051F8A1
:104970002000C0F3052084426CD122FA03F0C00766
:1049800068D59A0002F1804202F5C042D2F81005C3
:1049900020F00100C2F81005012202FA03F3C1F869
:1049A000083320460021FFF7B9FFB068E84010F057
:1049B00001004DD0F068E84010F0010048D0706967
:1049C000E84010F0010251D0B369EB40DB0745D459
:1049D0003369F269EB4022FA05F503F0010305F0B3
:1049E0000105AB420CBF02250125284F002101F52E
:1049F000A27357F8230010F0030031D18A0002F1AE
:104A0000804303F5C0432402D3F8106526F44F36E3
:104A100026F44076C3F81065D3F8106504F47C548E
:104A200002F1804202F5C24244EA05453543C3F82B
:104A30001055106012680192019AD3F8102542F0C7
:104A40000102C3F81025012303FA01F1C7F804138A
:104A500003B0F0BD0133082B87D1A2E70325C4E7DB
:104A600001310829C3D16FF01200F1E7F169336910
:104A70004B4023FA05F515F0010F20460CBF03212A
:104A80000221FFF74BFF1046E2E700BF0060004045
:104A90002DE9F84F0746856803F47040B0F5804F64
:104AA0001E4647D02ADCB0F5805F3BD0B0F5405FB2
:104AB0003CD050BB06F44078B8F5807F3CD0A8F5D8
:104AC00000746342634106F0010C4FEA4C0801296F
:104AD00048EA0C0818BFD4B248EA0020DFF8D4A096
:104AE00012BFA1464FF01F09002440EA83084FF08F
:104AF000010BA14522D20020BDE8F88FB0F5E04FB0
:104B000016D005DCB0F5A04F0ED06FF01500F3E71E
:104B1000B0F5404F04D0B0F5504FF6D10720C9E7AB
:104B20000620C7E70120C5E70320C3E70420C1E74B
:104B30000520BFE70220BDE70323C4E73B689B686D
:104B40001A7904F01F0343EA42131F2BC6BF03F078
:104B50001F0352464FF0A04203F5E073B10742F83D
:104B60002380AB680BFA04F24CBF13439343AB6052
:104B70006B69B0064CBF134393436B61AB6971061D
:104B80004CBF13439343AB612B6970074CBF134376
:104B900093432B61EB6931064CBF1A4323EA0202AF
:104BA000EA6121463846FFF7D1FE0028A4D101343E
:104BB000E4B29EE700030050F0B5002685B0CDE9D1
:104BC00002662B4D2C68012C0BD12A4802F030FCD8
:104BD0000290294802F02CFC03902E602B68009371
:104BE000009B264E002301279C46D6F8042307FA93
:104BF00003F111421ED003F1805202F5C25292001D
:104C00001168012916D103F5A2700DF1100E56F8A6
:104C10002050C2F800C0C5F340300EEB8000C5F351
:104C20000425A940126850F8085C01922943019AB2
:104C300040F8081C0133082BD7D1029A1AB10D494C
:104C4000886802F082FB039A2AB10A4B03F10C0137
:104C5000586902F07AFB012C08D1064802F011FCD9
:104C6000054805B0BDE8F04002F00BBC05B0F0BD52
:104C70007C610040349C0020409C0020006000408B
:104C800002480021C2E90001002070470024F4001E
:104C900008B503689868002200F10801FCF714F8D1
:104CA000034B984214BF6FF00F00002008BD00BFF7
:104CB0000000AD0B2DE9F0479846036884689E68B4
:104CC0000F4606F10801154606F10C000B46A3EB52
:104CD000010913F8012BFF2A5FFA89F903D022F0AA
:104CE0008002974224D08342F1D16FF01500BDE8D5
:104CF000F087B5F5004F17D3002325FA03F2B2F57C
:104D0000004FD9B20CD2A173A281B27BA389A17B3F
:104D10002560CAF80C15CAF80425CAF8083511E050
:104D20000133082BE9D1E0E70123A373A581ECE768
:104D30003046D6F800A0FCF79DF80028D9D12368AA
:104D40009D42D2D14545D0D304EB4901A27B8B884B
:104D500028FA02F203F4004313438B80B8F1000FEA
:104D600001D0454512D1B14499F90830B8F1000F8E
:104D700036D135BB1F2F86BF07F01F071B4B4FF0E7
:104D8000A043012101FA07F7C3F80C75221D04F1B5
:104D90000C0132F8023BC3F30E0313B1A089984211
:104DA00007D89142F5D10021304601F0D3FE002012
:104DB0009DE70223012206F114013046FCF720F89A
:104DC000F5E7002BD6DA1F2F86BF07F01F07074B2A
:104DD0004FF0A043012101FA07F7C3F80875D5E7A2
:104DE0004545F0D1002BC5DBEDE700BF00030050C7
:104DF000024AD2F80034002BFBD0704700E001409B
:104E0000024B0B6001231360704700BF9016002017
:104E1000012208B51146064802F053FE4FF08052B9
:104E2000044B5169196012695A60002008BD00BF27
:104E300098160020901600202DE9F0410D464FF005
:104E4000805811462846D8F81070B2FBF7F4164681
:104E500002F080FB40B3B5FBF7F307FB13531BBB1A
:104E600007FB146707BB14B34FF0FF31114800F084
:104E700053FF11490223D1F80445D8F81000C1F8B6
:104E80000435FFF7B5FFC1F80855FFF7B1FF361A33
:104E90000544F8D1C1F80445FFF7AAFF054800F022
:104EA00015FF3046BDE8F0816FF01500FAE72046A7
:104EB000F8E700BF9816002000E0014010B50A484E
:104EC0000C464FF0FF3100F027FF084B4CB1002299
:104ED000C3F80425FFF78CFF034800F0F7FE00201D
:104EE00010BD0122F4E700BF9816002000E0014049
:104EF0002DE9F3410E463046194614461D4602F090
:104F000029FB002848D0002D49D04FF0FF3125481B
:104F100000F002FF16F0030018D026F0030802ABE1
:104F2000C0F10407D8F8002043F8042DAF4228BF91
:104F30002F46214618443A4602F024F9FFF758FF5D
:104F4000019BC8F800303E443C44ED1B25F00307AC
:104F5000E0192146341B04E0FFF74AFF0B680B51B0
:104F600004318142F8D1AA086FF0030000FB02521D
:104F70004AB102A8F35940F8043D02F003F9FFF7E3
:104F800037FF019BF351FFF733FF064800F09EFE09
:104F9000002002B0BDE8F0816FF01500F9E7284667
:104FA000F7E700BF9816002070B54B79012B23D18D
:104FB0008B79032B20D1CC792CB1012C1CD1036827
:104FC0009B681B79C3B10A7912B1022A14D10E224F
:104FD00003689B681D680B6847F61226B3426BD0C6
:104FE00027D8B3F5965F61D012D8B3F5167F4DD0B0
:104FF00005D8B3F5967F74D06FF0220052E0B3F578
:10500000966F50D0B3F5166FF6D14FF41D233FE0E5
:10501000B3F5615F4CD004D8B3F5165FECD1324BD9
:1050200036E0B3F5964F45D0B3F5E14FE4D12F4BC1
:105030002EE0B3F5E13F48D012D84DF6C026B3427A
:105040003DD005D8B3F5164FD6D14FF41D031FE060
:10505000B3F5614F36D0B3F5963FCDD1244B17E071
:10506000B3F5E12F37D008D8B3F5613F30D0214EEA
:10507000B342C1D14FF080630AE0B3F5612F2DD068
:105080001D4EB342B8D14FF0805301E04FF41C33B2
:10509000C5F82435836803C92243C5F86C2583E825
:1050A0000300002070BD4FF49E23F1E7134BEFE7A0
:1050B000134BEDE7134BEBE74FF40003E8E74FF436
:1050C0006503E5E74FF46B03E2E74FF0EB73DFE7CF
:1050D0004FF06C73DCE74FF0E863D9E74FF0706393
:1050E000D6E74FF4A033D3E70050270000C0750087
:1050F00000903A0190D0030040420F0000B013002E
:1051000000F03A0000A04E00F8B50022064601214A
:105110000220FEF7F7FD0220FEF7C2FD3368B568F6
:105120009B681C68174B03220827C3F80875C3F84F
:105130000C270022C3F828272323C4F80C352A2380
:10514000C4F8143529463046FFF72EFF0246B0B9A1
:105150004FF48871C4F80075204602F02CFAA96853
:1051600005F10C03C4F8343589680123C4F83835D7
:105170002360C4F84415C4F84825A360E3601046D2
:10518000F8BD00BF00030050094B70B553F8204034
:105190000130002653F82050A54200D870BD236886
:1051A00020465B68984700B166600C34F4E700BFA6
:1051B00064800000104B70B5104C05461E469C42A2
:1051C00004D10E4CB44209D1002412E062681AB135
:1051D00022681268AA420CD00C34F0E763680BB95D
:1051E0000C34EFE723682846196801F0A7FF002870
:1051F000F6D1204670BD00BFAC9C0020E09B002093
:10520000014B986854307047801700200248034AC9
:105210000021121A01F0E3BF00000020486D0020B9
:1052200008B50648064A0749121A01F0ABFF064ABC
:1052300006490748BDE8084001F0A4BF889A00204D
:10524000149E00202C880000000000002C88000024
:105250000000002008B50220FFF796FF0320FFF7AB
:1052600093FF00F01DFEFBF715FA034A137B23F0B2
:105270000103137308BD00BF1417002080B53D4B18
:10528000A2B083F308883C4B3C4E5A693C4D42F433
:1052900000725A610024E02283F82220DC771C7619
:1052A0005C769C765A6A42F4E0225A62FEF7F0FC81
:1052B000FEF76AFD07AB21466C22184601F08FFF0E
:1052C0000127B06020468DF82970FFF75DFF384652
:1052D000FFF75AFF00F052FC2A4B35624FF40052A0
:1052E000CDE90473CDE90244CDE90044264B2749BA
:1052F000284600F089FD6B7B23F0040213F01B0F9E
:105300006A73344604D1AB6913B9284600F09AFA9F
:105310001F4B204E059301220F23CDE903320023BA
:105320004FF4A0721C4900933046CDE901331B4B6A
:1053300000F06AFD737BE66023F004037373184B7F
:10534000C4E90633FEF704FE0D48A56001F05FFED8
:105350000D4B144A184682F3098863B64FF00001DA
:1053600081F31188BFF36F8F00210022002301F029
:1053700072F900BF8896002000ED00E08017002041
:10538000141700200E88000055520000486D0020C0
:1053900013880000A8160020488D0020CF7B000055
:1053A00098170020488D002038B5074C074DAC42B7
:1053B00001D3002038BD04F114032046C4E90533AD
:1053C00000F092FF1C34F2E7AC9C0020E49C00202B
:1053D0002DE9F04F1D1E85B006460C46174659DDD7
:1053E00000F0C0FE80462C484FF4004C00214FF4E2
:1053F000A0220023CCFB0501FAF782FE18EB000285
:10540000264B9046F31A264A9B1002FB03FA5FFADA
:105410008AFA06F1140B009403AB02AA394630460F
:1054200000F0ADFF10F10B0F0BD1009403AB02AAFB
:105430003946304600F0A3FF10F10B0F08BF6FF0A4
:105440000B006379029A84F804A062F3030363718A
:105450006368039A62F31F336360C0B1BDB110F19A
:105460000C0F14D14FF02003EFF3118083F3118858
:10547000BFF36F8F2A46594600F0FAFA6B1CCAD068
:1054800000F070FEB8EB0005C5D56FF00A0005B05E
:10549000BDE8F08F0022B3E7FFFF0400AC9C0020C2
:1054A000B76DDBB670B5047802684178114EC4EB75
:1054B000C404A400120B01F00F01301901F026F80A
:1054C0004FF02003EFF3118583F31188BFF36F8F43
:1054D00004F11400304402F0DEFA28B129460648EF
:1054E000BDE8704002F02EBA85F31188BFF36F8FCC
:1054F00070BD00BFAC9C0020446D0020034B9B6836
:105500000146186E08B102F05CB9704780170020A0
:1055100070B50D4634498B68DA7B013A0446DA737C
:10552000C26808464AB1A36889688B4212D09DB907
:1055300000F06CF96FF00F050AE08B6893F90E30FC
:10554000236101328368E260A36000F05FF9002507
:10555000284670BD2369F3E791F90E1093F90E30D8
:105560009942A8BF194621EAE1714FF02003EFF3F9
:10557000118683F31188BFF36F8FA06890F90E3006
:10558000994201DA00F0ACFA2B4622463146174820
:1055900000F092FA054610B900F038F9D8E7236810
:1055A00021699C4207D033B193F90E309942A8BFCC
:1055B000194621EAE1714FF02003EFF3118583F3DF
:1055C0001188BFF36F8FA06890F90E30994201D017
:1055D00000F086FA85F31188BFF36F8F00F016F99B
:1055E0006FF00A05B4E700BF80170020446D00206B
:1055F0001E4B9A68D37B013B70B50446D373C368D6
:10560000012B05D0013BC360BDE8704000F0FEB83F
:105610004FF02003EFF3118683F31188BFF36F8FF0
:105620000169806890F90E30994201D000F058FA73
:10563000204602F003FA0546A06080B1437BDB06FA
:1056400003D183690BB900F0FDF886F31188BFF32D
:105650006F8F0023AB6695F90E302361D4E7E060CD
:1056600086F31188BFF36F8FCEE700BF801700204D
:1056700038B54FF02003EFF3118583F31188BFF3A2
:105680006F8F046884B12368426823F00303944257
:10569000036008BF43600121204602F018F985F33A
:1056A0001188BFF36F8F38BD29B985F31188BFF317
:1056B0006F8F0846F7E700F108020B4610462946AF
:1056C00000F0FAF918B9034B9B685869EBE72046DC
:1056D000E9E700BF80170020EFF305800D2809D807
:1056E00028B1054B586880F40060C0F3C02080F0FA
:1056F000010070470120FAE700ED00E008B5FEF771
:10570000F5F8054B054A1B6818441061002118463E
:10571000BDE8084002F031BAB4170020801700201D
:10572000F8B50D464FF02003EFF3118483F3118891
:10573000BFF36F8F0D4E0E4B4FF400410027C1FB9E
:10574000006700221A6130464FF4A0220023394638
:10575000FAF7D6FC074B1860074B1D60FFF7CEFF2A
:1057600084F31188BFF36F8FF8BD00BFFFFF040003
:1057700080170020B4170020B01700204FF020033E
:10578000EFF3118183F31188BFF36F8F044B9A6895
:10579000D37B013BD37381F31188BFF36F8F7047C5
:1057A00080170020094B03F12402824205D19B6837
:1057B0008B4202D14B7BDB0607D1D1E900231A6073
:1057C0000A6853600023C1E9003370478017002046
:1057D00038B50D4C024604F1240002F0F8F80546F5
:1057E00000B9E568A3684AB95A7BD20606D1AA690E
:1057F00022B9DA897F2A01D9236238BD9D4201D0BE
:10580000FFF77CFF2562F8E78017002010B54FF006
:105810002003EFF3118483F31188BFF36F8F084BDC
:105820009A68D37B0133D3730120FFF7D1FF84F350
:105830001188BFF36F8FBDE8104002F0A0B800BF21
:1058400080170020F8B54FF02003EFF3118483F3A5
:105850001188BFF36F8F164A114651F8243F8B42CF
:105860000CD05BB1966A90F90E5093F90E70AF426E
:105870000BDCB34202D01B68002BF6D1936A436065
:10588000936A01601860906205E05A68C0E90032CE
:105890005A6810605860437B43F040034373002014
:1058A000FFF796FF84F31188BFF36F8FF8BD00BF39
:1058B00080170020F8B504464FF02003EFF311865F
:1058C00083F31188BFF36F8F194F07F12405014649
:1058D0002846FFF767FF7B6AAB423A460CD05BB1C4
:1058E000B86A94F90E1093F90E708F420BDC834264
:1058F00002D01B68002BF6D1936A6360936A25601F
:105900001C60946205E05968C4E9003159680C6074
:105910005C60637B906843F040036373031B5842F1
:105920005841FFF755FF86F31188BFF36F8FF8BD1D
:10593000801700201449154A8B6810B51468A342DB
:1059400003D1BDE81040FFF7D9BE00241460104A0F
:105950001268BAB1DA897F2A14D80E4A93F90E4038
:10596000126894420EDB0C4A126893420AD09A697C
:1059700042B90A69824203DC1846FFF79BFFE0E761
:10598000121A0A6110BD00BF80170020AC1700205A
:10599000B4170020B01700207C80000038B5044602
:1059A0004FF02003EFF3118583F31188BFF36F8F5E
:1059B000437B5A0607D501460948FFF7F3FE637B90
:1059C00023F040036373074B9868031B5842584108
:1059D000FFF7FEFE85F31188BFF36F8F38BD00BF60
:1059E000A41700208017002070B504460D46164607
:1059F000FFF7D4FF637B43F002036373EDB12B68C1
:105A0000A5609D420CD05BB194F90E2093F90E1065
:105A100091420CDC69688B4202D01B68002BF5D1E7
:105A20006B6863606B6825601C606C6005E05A6899
:105A3000C4E900325A6814605C60731C12D00A48D2
:105A40004FF4004500214FF4A022C5FB06010023BE
:105A5000FAF756FB0549421C04F11800BDE87040F6
:105A600000F0E6BA70BD00BFFFFF0400DB79000064
:105A700070B50F4D0F4C0646A868FFF7B5FFAB6831
:105A800023603046FDF76AFF4FF02002EFF31183E9
:105A900082F31188BFF36F8F2268A968914204BF17
:105AA0000022226083F31188BFF36F8F70BD00BFA7
:105AB00080170020AC17002010B50C461146064A8E
:105AC0009068064A10601A46FFF78EFF2046BDE830
:105AD0001040FDF743BF00BF80170020AC17002027
:105AE0002DE9F84304464FF02003EFF3118983F3C7
:105AF0001188BFF36F8F01F003FF4EB2804600287C
:105B000035D01D4D05F1240721463846FFF74AFEE2
:105B10006B6AA673BB422A460AD04BB1A96A93F9B5
:105B20000E00B0420BDC994202D01B68002BF6D16C
:105B3000936A6360936A27601C60946205E05A6808
:105B4000C4E900325A6814605C600120FFF740FE2F
:105B500089F31188BFF36F8FB8F1000F09D0064B9E
:105B60009B68DB7B2BB9BDE8F84301F008BFA67347
:105B7000EEE7BDE8F88300BF80170020044B00214A
:105B800003F12402C3E909220846FFF7C9BD00BF9B
:105B900080170020F8B5224C224BA2681B689A425D
:105BA00032D04FF02003EFF3118683F31188BFF357
:105BB0006F8F04F12405A1682846FFF7F3FD636A9F
:105BC000A268AB420CD05BB1A16A92F90E0093F9C6
:105BD0000E7087420BDC994202D01B68002BF6D175
:105BE000A36A5360A36A15601A60A26205E059684F
:105BF000C2E9003159680A605A600120FFF7E8FDE8
:105C000086F31188BFF36F8F4FF02003EFF31180FD
:105C100083F31188BFF36F8FBDE8F840FDF79EBE98
:105C2000801700207C800000F8B5044618B9FFF703
:105C3000B1FF2046F8BD1E484FF4004500214FF447
:105C4000A0220023C5FB0401FAF75AFA461C01F012
:105C5000AEFF34184FF02003EFF3118783F3118860
:105C6000BFF36F8F134D144BA8681860FFF796FEB3
:105C7000A86812493246183000F0DAF9AA68537B56
:105C800043F0100353733846FDF768FE01F08FFFB1
:105C9000201A002809DD4FF47A716422002380FB6A
:105CA0000101FAF77DFA0446C3E70024C1E700BF0B
:105CB000FFFF040080170020AC170020DB790000F4
:105CC000014B9868704700BF8017002070B50446EC
:105CD0004FF02003EFF3118683F31188BFF36F8F2A
:105CE00001F0ACFE054670B1437BDB0603D183694E
:105CF0000BB9FFF7A7FD0023AB6631460548BDE8A9
:105D0000704001F01FBED4E902329A4218BF01333D
:105D1000A360F2E7446D002010B402460B464FF03A
:105D20002000EFF3118180F31188BFF36F8F946827
:105D300044B1013C946081F31188BFF36F8F002060
:105D400010BC704733B981F31188BFF36F8F6FF0C8
:105D50000F00F5E7014810BCFFF7AEBE446D002010
:105D600010B5084C08494FF0FF334FF480622046CD
:105D700000F0F2F804F11000044901F0B0FE002038
:105D800010BD00BFB81700208896002018880000BA
:105D9000EFF305800D2807D838B1044B586880F41C
:105DA0000060C0F3C02070470120704700ED00E0A4
:105DB000024B9B68187B00F00100704780170020A1
:105DC00010B502464FF02003EFF3118483F31188DE
:105DD000BFF36F8F437B590704D484F31188BFF35B
:105DE0006F8F10BD23F00403437301F06FFE10B1F9
:105DF0001046FFF727FD21460248BDE8104001F09C
:105E0000A1BD00BF446D002030B587B004460E9D93
:105E100004950D9D03950C9D02950B9D01950A9D82
:105E20000095FDF787FF044B9B6813B9236607B005
:105E300030BD1B6EFAE700BF8017002070B586B03A
:105E4000002605960E9E04960D9E03960C9E0296C5
:105E50000B9E0F9D01960A9E00960446FFF7D4FF05
:105E60006B1C03D02DB92046FFF7AAFF204606B0D1
:105E700070BD09484FF4004600214FF4A0220023D2
:105E8000C6FB0501FAF73CF90449421C04F118006D
:105E900000F0CEF8EAE700BFFFFF0400DB79000066
:105EA0002DE9F04F284E294D87B0B046B54205F197
:105EB00030040FD3FFF762FC244C254EDFF894A08A
:105EC0004FF400490027444521D307B0BDE8F04F07
:105ED000FFF79CBC54F8043C059354F8103C049321
:105EE00054F8143C039354F8183C029354F81C3CA7
:105EF000019354F8203C009354E90A2354E90C011F
:105F0000FFF782FF54F8303CDD642546CEE7616A36
:105F10004B1C04D0256821B92846FFF751FF3034C7
:105F2000D1E7B346BC46C9FB01BC4FF4A022002315
:105F300058466146FAF7E4F85146421C05F118004C
:105F400000F076F8EBE700BFAC9C0020AC9C002092
:105F5000FFFF0400DB7900002DE9F041054686B023
:105F600098460E46174605F1100401F0BCFC0020CF
:105F7000CDE90400CDE90208CDE900503146064BD9
:105F80003A462046FFF75AFF0449204606B0BDE8CE
:105F9000F04101F0A4BD00BF6B6600002188000045
:105FA000034B1B680BB9FDF7A1BC0020704700BF75
:105FB00034180020036840B1084A5268904204D067
:105FC0001BB19A6881680A449A604268136003684A
:105FD0005A600023C0E90033704700BFD89B0020FF
:105FE00038B5104B1B78002B0F4B1C6814BF4FF0BB
:105FF000FF306FF000409C420AD04CB1A568FFF71B
:10600000CFFF281A00280ADBA468FFF7C9FF201A6F
:10601000064B1B6913B19842A8BF184638BD002033
:10602000F6E700BF446D0020D89B002080170020B9
:1060300070B504461646C1604FF02003EFF311859A
:1060400083F31188BFF36F8FFFF7AAFF194B1A680C
:10605000012EACBF801901309A42A06001D05E6869
:1060600032B95A6862605A68236014605C600BE061
:106070009068A168884216DD411A91605168C4E9B0
:10608000002151680C6054601A689A4206D094420C
:1060900004D1FFF7A5FF0021FDF7EEFB85F3118882
:1060A000BFF36F8F70BD091A9642A160D9D01268F4
:1060B000D6E700BFD89B00202DE9F04B0446FFF740
:1060C00039FC4FF02003EFF3118583F31188BFF300
:1060D0006F8F214E214FDFF888903460B846D9F891
:1060E000004032684C45D7E900BC05D024B1A36814
:1060F000934214DD9B1AA3601BEB02004CEBE27190
:106100000024C8E900013460FFF76AFF2146FDF76B
:10611000B3FB85F31188BFF36F8FBDE8F08B1BEBEA
:1061200003004CEBE371D31A33600023C7E900018D
:10613000A3602046FFF73EFF85F31188BFF36F8F02
:10614000E36898474FF02003EFF3118583F311883C
:10615000BFF36F8FC3E700BF34180020000000209A
:10616000D89B00202DE918484FF02003EFF311844D
:1061700083F31188BFF36F8FFDF7B8FB074BD3E9AB
:10618000002312EB000B43F1000C5846614684F3E8
:106190001188BFF36F8FBDE8188800BF0000002092
:1061A000026A002A38B5044602DD0E49FFF740FFB7
:1061B000636A01336362A3690BB12046984754F8C0
:1061C000105FA5420DD065B1284601F0A2FB6B7BA4
:1061D000DB0604D1AB6913B92846FFF733FB002374
:1061E000AB6638BDA16100002DE9F341144E0027D4
:1061F000044688464FF4004530463946C5FB020147
:1062000000234FF4A022F9F77BFF39460090304677
:106210004FF4A0220023C5FB0801F9F771FF01909C
:10622000204601F084FC009B0649019A2362204627
:106230000023636202B0BDE8F041FFF7F9BE00BF82
:10624000FFFF0400A161000043685B6903B11847C8
:1062500018467047002282F31488854682F310881E
:106260000847704770B5C66890F90B000C254D4380
:10627000884206EB0504B4BF71592146202492FBE5
:10628000F4F401EB8401196002F01F0070BD07B542
:1062900001ABFFF7E7FF019A012303FA00F013684F
:1062A0000343136003B05DF804FB07B501ABFFF7D0
:1062B000D9FF019A012303FA00F0136823EA0003CF
:1062C000136003B05DF804FB4FF02003EFF311807F
:1062D00083F31188BFF36F8F7047C30703D581F332
:1062E0001188BFF36F8F70472DE9F8430446436868
:1062F0000589006894F80AC05D43FF222844E272D1
:1063000000214FF00C0E8C4505DC00252389AB42A3
:1063100022DCBDE8F883D4F80C80B5FBF3F20EFB69
:1063200001F71F2A08EB0706C8BF1F324FEA930385
:1063300006F10409C8BF520903F10303C6E9019934
:1063400023F00303D4BFE17248F8070001F1010113
:10635000C8BF00EB8200D6E76268E36820686A4342
:1063600081181E1D86509A684A609A6820461160FE
:1063700099602A460021FFF78AFF0135C6E72DE91B
:10638000F04F8BB0857A00AFC7E90232AB000A3319
:1063900003F4FF63ADEB030D4368E94603334A465C
:1063A00023F0030342F8043904460020854200F13B
:1063B000FF3A0ADD28B113689B08033323F0030377
:1063C000536052F8043F8B4208D2BAF1FF3F07D125
:1063D0003A6D002313606FF00B0043E00130E5E7F6
:1063E000207C10F0010001D0FFF76EFF0C2303FBAF
:1063F0000AF31A1DE3683862134456461D68AB421F
:106400007CD0D5E900131960296859F826204B6023
:106410000023C5E9003323683146EB1A204693FB7D
:10642000F2F2FFF742FF731C7B62A9EB890309EBD1
:1064300086067B617B6A013B9A4517DC396A207CC2
:10644000FFF74BFF3B6D1D60002DC4D0FB68C3F808
:1064500000A02368ED1A59F82A3095FBF3F5BB68C4
:1064600000201D602C37BD46BDE8F08F236856F82C
:10647000042BEB1A93FBF2F37A699B003B6106EB6A
:1064800046031344BB614FF0010BD6F80080796AD4
:106490000BFB08F3FB61EB187B603B6920460BEBC1
:1064A0000302FFF7F4FE7B682268218908F1FF38B8
:1064B0009844A8EB020862684A4390450AD2E26811
:1064C000B969F8690A44111D2950916859609168A9
:1064D0000B6093600BF1010BBBF1040FD5D1207C55
:1064E000396AFFF7FAFE207C10F0010001D0FFF7B7
:1064F000EBFE7B6A386201337B629BE7013E721CD4
:10650000A5F10C037FF47AAF002597E72DE9F04F52
:1065100087B0837A9B000A3303F4FF6300AFADEBCF
:10652000030D4368E946033323F003030546C9F826
:1065300000304C460120814214D2287C10F001002A
:106540000E46904601D0FFF7BFFE0446002E12DA39
:106550004FF0FF342146287CFFF7BFFE1C37BD46B5
:10656000BDE8F08F23689B08033323F0030344F84E
:10657000043F0130DFE759F82630FB6003FB08FBDE
:106580002B68BB6042463146284603EB0B0AFFF7F7
:106590007EFEEA680C2303FB0622BB68111D43F84C
:1065A0000B109368CAF804309368C3F800A0C2F8CF
:1065B00008A0287C2146FFF790FE287C10F00100FF
:1065C00001D0FFF781FE0446002EC3D007F114036B
:1065D000424631462846FFF745FE7A69042390FB80
:1065E000F3F310689B00D84000F00F000F28B1D1E2
:1065F00028F00303BB60FB68013B4FF0000A7B609F
:10660000BB68B5F808C0696803EB0A02FB6803FBC6
:1066100002FB7B6801FB0CF103EB0B00884211D2FB
:1066200031462846FFF741FE2A6802EB0B0152F87B
:106630000B004B68186052F80B004360002342F8CF
:106640000B304B600AF1010ABAF1040FD8D198FB64
:10665000FAF8013E7AE708B50446084611461A469C
:10666000A047FFF72DFBFDF70DFC10B504464FF0DA
:10667000FF312046FEF7FCFF03460028F7D0083321
:106680004268BFF35B8F53E8001F21F0010C43E821
:1066900000CEBEF1000FF6D1BFF35B8FCB0700D564
:1066A0009047FFF777FAE2E70020704770B504469D
:1066B0000D464520A04729465220A047294623469B
:1066C0005220BDE8704018472DE9F04F89B01C46B4
:1066D0004FF0000A531E06460F4603934FF0FF3952
:1066E000D046002505E06DB9252800F03D813946EA
:1066F000B047039B13F8010F03930028F3D109B0AF
:10670000BDE8F08F642862D019D839280AD831281A
:1067100051D22D283DD030283ED0252808D13946E9
:10672000B047DEE7582800F0A880632800F0168103
:1067300039462520B047039B39461878F0E7702882
:1067400000F0918006D8692841D06C283CD0682898
:10675000CFD0EDE775286DD017D87328E8D125681C
:1067600004F1040B2B461C4614F8010B002840F0E2
:10677000EC80B8F1030F40F000815C1BA9EB04042E
:10678000002C00F3E6805C46ABE7782875D07A28C9
:10679000DEE74FF00308ACE7B9F1000F0EDAB8F10D
:1067A000000F00F0E780A0F13009B8F1000F08BF3A
:1067B0004FF002089DE7B9F1000FF4DB0A2303FB59
:1067C0000909A9F13009F0E70AF1010A91E7BAF1E4
:1067D000000F12D125680434002D05DA39462D202A
:1067E000B0476D4209F1FF39CDF8009043462A4683
:1067F00039463046FAF7E0F873E7BAF1010FE9D00D
:10680000073424F0070303F10804D3E9002312F14D
:10681000004043F100014FF0000C4FF0FF3B8C456E
:1068200008BF834504D239463046FFF73FFF58E79B
:106830001546D1E7BAF1000F05D122680434CDF82E
:1068400000904346D4E7BAF1010FF6D0073424F0A4
:10685000070303F10804D3E90023002B08BFB2F1BA
:10686000004FECD3DFE739463020B0473946782077
:10687000B0474FF008094FF00108BAF1010F27DCCB
:106880002368079300230493043400231022029307
:1068900006939346079B0BF1FF3B4FEA8B00C0F139
:1068A000200CA0F1200123FA00F0049B03FA0CFC59
:1068B00040EA0C0023FA01F1084310F00F0013D155
:1068C000069B13B9BBF1000F2ED14FF0300C11E035
:1068D000073424F0070303F108041A685B68079281
:1068E0000493D2E7059AD5E709288CBF4FF0570CDF
:1068F0004FF0300C394660440592B047029B069534
:1069000001330293BBF1000FECD1B8F1030F7FF418
:10691000E8AE029BC3EB4905002D7FF7E2AE394696
:106920002020B047013DF7E7531E91450593E9DB71
:10693000B8F1010F03D139463020B047E2E7B8F192
:10694000020FDFD139462020F7E73946B04723460A
:1069500009E739462020B047013C11E72068251D92
:106960003946B0472C46BCE6AA46A8464FF0FF3948
:106970000125BEE64FF00108BBE65C460546B8E6D9
:106980000FB407B504A951F8040B0191FAF764F8A4
:1069900003B05DF804EB04B070470369D0E9002050
:1069A000824296BF9B1802F1FF3303F1FF33181A9E
:1069B0007047036870B584680669A342A6EB0405B6
:1069C00098BF9B19013BAA42A3EB040328BF2A46A8
:1069D000934228BF1346426922441C44A64298BFF2
:1069E000A41B0A608460184670BD10B50446FFF70A
:1069F000D4FF884209D3636819442369994228BFA8
:106A0000C91AC4E90111002010BD6FF01500FBE7A1
:106A10002DE9F34180460F4616460025324601A96E
:106A20004046FFF7C6FF394604460246019800F08B
:106A3000A9FB361B2544274401D0002CEED1294662
:106A40004046FFF7D2FF284602B0BDE8F08170B59E
:106A5000D0E903364468A34296BFF51803F1FF3529
:106A600005F1FF352D1B741E641BF51AAA4228BFC1
:106A70002A46A24228BF224644691C4413449E422F
:106A800098BF9B1B0C60C360104670BD38B505698C
:106A90000446FFF782FF6B1E181A884208D323684A
:106AA00019448D4298BF491B2160E160002038BD28
:106AB0006FF01500FBE72DE9F34180460F461646BF
:106AC0000025324601A94046FFF7C1FF019904465F
:106AD0000246384600F056FB361B2544274401D0B9
:106AE000002CEED129464046FFF7D0FF284602B0E1
:106AF000BDE8F081704700470023435082B04358FF
:106B00000193019B02B0704738B51D4602230B71FB
:106B10000B684A7104467BB112F0040F14BF922136
:106B20008221100748BF41F02001D306236848BFE7
:106B300021F08001C3F8001320684FF48271FFF741
:106B4000DBFF206812F0800F05BF0123435140197D
:106B5000002038BD38B505460C46FAF78BF950B918
:106B60002B6801225A602846FAF784F918B9002CDC
:106B7000F9D1204638BD0124FBE700F1804000F543
:106B80001C3001230360BFF36F8FBFF34F8F70473B
:106B900030B54C680D689C4229BFC0E90053002104
:106BA000E41AED1832BFC0E900514C600D60934209
:106BB00003D1201C18BF012030BD0020FCE74B682A
:106BC00010B59A420C6828BF1A46C0E90042981ACC
:106BD0000B684860134400300B6018BF012010BDE3
:106BE00030B54C680B68A24228BF2246002A14BF69
:106BF0001D460025A4EB02041344C0E900524C607A
:106C00000B6014BF0120002030BD10F0800F14BFB6
:106C10000023102300F00F0018447047704708B598
:106C20000146FAF781F9FAF771F9837B032B0AD150
:106C30000846FFF7EAFF012303FA00F0C043BDE86E
:106C40000840FAF729BA0368002BF1D008BD872065
:106C5000FFF7E5BF8620FFF7E2BF8520FFF7DFBF24
:106C60008420FFF7DCBF8320FFF7D9BF8220FFF726
:106C7000D6BF8120FFF7D3BF0720FAF7F7BB062066
:106C8000FAF7F4BB0520FAF7F1BB0420FAF7EEBBE4
:106C90000320FAF7EBBB0220FAF7E8BB0120FAF772
:106CA000E5BB08B5FAF732F9818108BD08B5FAF7F6
:106CB0002DF94FF02002EFF3118382F31188BFF317
:106CC0006F8F82680A6002682AB9807B83F311881B
:106CD000BFF36F8F08BD0420F8E708B5FAF706F98F
:106CE00058B9EFF3108272B64C20FFF746FF4C20E4
:106CF000FFF743FF82F3108808BD4C20BDE8084031
:106D0000FFF73BBF5020FFF738BF5420FFF735BFD8
:106D10002DE9F34150F8283C10F82C5C1033044660
:106D200010D1C36850F8202C99073BD5FAB913F05D
:106D3000040304D11A4619462846FCF71FFC002319
:106D400044F8283C54F8283C10330DD054F8186C03
:106D500056B154F81C7C54F8148CFFF719F800282D
:106D60004BD02046FBF73AFA02B0BDE8F08150F86C
:106D7000241C01AB2846FCF701FC10B16FF0150391
:106D8000DEE7019A54F8243C134444F8243C54F8B8
:106D9000203C9B1A44F8203C54F81C3C134444F813
:106DA0001C3CCFE750F8241C01AB2846FCF74EFCF6
:106DB0000028E3D1019E54F8243C334444F8243C99
:106DC00054F8203C9B1B44F8203C54F81C3C3344B2
:106DD00044F81C3C002EB2D02846FCF7CDFCB6FB94
:106DE000F0F303FB10600028A9D154F8203C002BDD
:106DF000A5D02846FCF76EFCA4E744F8180CA4F1D3
:106E00001000FEF763FF424639462846B047ABE71D
:106E1000FCF7B4BB00F0D9B8006808B1043800B979
:106E2000704703681B689B688B42F9D04068F4E7A1
:106E3000006808B1043800B9704703681B689B6894
:106E40005B689B788B42F7D04068F2E7006830B50A
:106E5000A8B10438082490B103681B689A68936A43
:106E600092F8242014FB0232934203D1406830B1DF
:106E70000438F0E7083313F8045C8D42F4D130BDD8
:106E80004B1CDBB28170817680F82530C37600F828
:106E9000061C704750E902301847836800229A7632
:106EA00070478368187E704783680022DA767047DF
:106EB0008368587E704783681A7E0AB19A7E1AB931
:106EC000587E10B1D87E704701207047012070476E
:106ED0008368C3E9011270476FF02200704773B5F1
:106EE000036886689D6802ABA86A002443F8084DD1
:106EF000007BFFF78FFF02ABA86A43F8044D2246E0
:106F00002146007BFFF786FF019B03B9737600984B
:106F100002B070BD37B5836800681D788468032DA2
:106F20004FF00000019007D11876A06A01AB007DF8
:106F3000FFF76EFF00B9019803B030BD80680123F0
:106F40008376436823B1037E13B10C30FBF780BC1A
:106F5000704780680123C376436823B1437E13B131
:106F60000C30FBF775BC704708B5002210460121B4
:106F7000FCF7C8FE0020FCF793FE002008BD4FF090
:106F800080434FF4607220B1C3F804230020FCF763
:106F900087BEC3F8082370470378027903F00F0314
:106FA00022B9181C18BF012040427047082B07D88F
:106FB000012A08D1B3F1080018BF4FF0FF30704725
:106FC0004FF0FF3070470020704770B504460E4602
:106FD0001546FCF73BFB30B906B925B12046BDE8A4
:106FE0007040FCF777BB70BD70477047FCF7D8BEA8
:106FF00001460068FCF7E8BE202383F31188704740
:1070000008B5FCF77DFFBDE80840FCF78DBC07B56F
:10701000002101A8FDF746F803B05DF804FB2DE957
:10702000F04184460F4605462C4614F8013B202BC0
:1070300035D0A3F10901042931D92D2B31D16B7839
:10704000AC1C4FF0010E002A5ED0102A09D1302B63
:1070500007D1237803F0DF03582B50D16378102237
:1070600002344FF0FF310026B1FBF2F102FB01F8D0
:107070006FEA08083046A3F13005092D18D82B46D1
:107080009A4225DD002E20DB88421ED801D14345DF
:107090001BDC00FB0230012614F8013BEBE7254620
:1070A000C2E72B2B04BFAC1C6B784FF0000ECAE775
:1070B00043F02005613D192D0AD8A3F14105192D92
:1070C0008CBF572537255B1BDAE74FF0FF36E3E728
:1070D000002E08DAFEF794F8262303604FF0FF3005
:1070E00047B9BDE8F081BEF1000F00D04042002F4B
:1070F000F7D00EB104F1FF3CC7F800C0F1E7302330
:10710000002AAED10822ACE7302BA2D00A22A8E791
:10711000C9B202788A42034600F1010004D0002A75
:10712000F7D1002918BF00231846704702460346CE
:10713000981A13F8011B0029FAD170470138013958
:1071400010F8013F11F8012F934202D1002BF7D123
:107150001A46981A7047431A934210B500EB02037F
:1071600008D3013902469A420BD011F8014F02F8B8
:10717000014BF8E70A4412F8014D03F8014D8A4229
:10718000F9D110BDF0B581EA0004A50703460BD084
:10719000013B0A4491421DD1F0BD002AFCD011F8F8
:1071A000014B03F8014B013A9C07F6D11D1F0C4619
:1071B0008F183E1B032E08D894086FF0030505FBBB
:1071C0000422A40023442144E2E754F8046B45F868
:1071D000046FEEE711F8014B03F8014FDAE7F0B561
:1071E000C9B203469C070FD141EA012444EA044492
:1071F0001D469F187E1B032E0CD8940803EB8404B5
:1072000013449C4209D1F0BD002AFCD003F8011BB5
:10721000013AE7E745F8044BECE704F8011BF0E717
:1072200070B50446B1FBF2F602FB1611CDB2092986
:107230008CBF272100213035294404F8011B314639
:10724000002EEFD13021221A934207DC2346002181
:1072500003F80119834204D8104670BD04F8011BDD
:10726000F1E71978047803F8014900F8011BF1E708
:10727000D0E900232DE930485FEA530C4FEA320B86
:1072800002F001041BEB04024FF000054CEB050378
:10729000C0E90023BDE83088D0E900232DE9F04F94
:1072A000052112F102084FF0000643F10009B8EB86
:1072B0000608B9FBF1F501FB05F769EB07094FEA91
:1072C000D80646EA49760024B6FBF1FC4FEACC0624
:1072D000A2194FEA5C77C24645EB07031446A6FBAA
:1072E0000189BAEB08021D46B2FBF1F2A41845F180
:1072F0000005C0E90045BDE8F08F0B68002B2DE9C3
:10730000104813DD02684468013B0B600A21A2FBB0
:1073100001BC01FB04CC5A462CF07043C0E90023A9
:107320004FEA1C713031C8B2BDE810883021FAE74D
:107330004B68012B07DD0B6818700B6801330B607D
:107340004B68013B4B600020704770B50E460168EA
:10735000154659B10C688B681D4203D04B682A460C
:107360003046984714B121462468F4E770BD10B543
:1073700004688068A468C0692468012904D1584061
:10738000C4F80405002010BD003320FA02F04FF0CD
:10739000010118BF012300F001009140834214BF96
:1073A000C4F80815C4F80C15ECE770B504688068DB
:1073B000A468C0692568D5F81465D5F81045D5F8D6
:1073C000045560406C403440604001291CBFD040EF
:1073D00000F001001860002070BD8368186830B5A7
:1073E00058B10024814213D108685CB95C68186008
:1073F000A14200D158600020086072B9002030BD61
:107400002846EFE720605868814208BF5C60F2E7D9
:1074100005680446002DF3D13AB11A680A6058682D
:1074200019600028EAD15960E9E76FF01500E6E736
:10743000F8B5026883689768DC69D3E902120A40EC
:10744000D3E90510014322EA010239681B69D1F82A
:1074500010155C404C4022EA0404012500260AB9BC
:107460002046F8BD2A4209D03B7906F01F000021D2
:1074700040EA4310FDF752FA22EA050201366D0098
:10748000EDE7F8B5846803689D68D4E902321A40D4
:10749000D4E905310B4322EA03020127002602B991
:1074A000F8BD174212D0E169236995F804C04B403A
:1074B000F34013F0010F06F01F0014BF0221032157
:1074C00040EA4C10FDF72AFA22EA070201367F0053
:1074D000E5E701292DE9F04118BFD4B287680646D7
:1074E00012BF25461F2500244FF00108AC4202D9E7
:1074F0000020BDE8F081FB6808FA04F223EA0203E9
:10750000FB6021463046FDF721FA0028F1D1013415
:10751000E4B2EBE701292DE9F04118BFD4B2876846
:10752000064612BF25461F2500244FF00108AC4235
:1075300002D90020BDE8F081FB6808FA04F2134389
:10754000FB6021463046FDF701FA0028F2D10134F4
:10755000E4B2ECE74FF0805310B51C695A696243FE
:10756000824210D900280EDB1C695A6962438A42A4
:1075700009D31A695B69084403FB02F188428CBF96
:107580000020012010BD0020FCE770B50D46284604
:10759000194616461C46FFF7DDFF38B14CB12246AE
:1075A00029463046FFF7EEFD002070BD6FF0150054
:1075B000FBE72046F9E70023435082B0435801938C
:1075C000019B02B0704783689B689A7B72B1026826
:1075D00092681268D2F8201141B14FF48071C2F85C
:1075E00008130121D16000229A7370471A680AB10A
:1075F00058681047704782680B4692E8030083E89A
:1076000003000020704703689B681B68D3F82401BF
:1076100018B1D3F88004C3F88004704702689268F8
:10762000126808B58368D2F8100150B11B7B0B704B
:1076300010464FF48871FFF7BEFF0123136000204E
:1076400008BD4FF0FF30FBE713B5036802AC9B6841
:1076500004F8011D1A684FF490711046FFF7ABFF54
:107660000123C2F84445C2F848359360D2F820118E
:107670000029FBD0D36002B010BD03689B6870B5D1
:107680001C68D4F820310E46DBB18568AB689B8955
:107690004FF490719A422046A8BF1A46FFF78BFF1D
:1076A0000023A9689342896807DB0123C4F84415C5
:1076B000C4F84825A360104670BDF05CC85401337F
:1076C000EFE71A46F7E738B503689B681A68D2F8FF
:1076D00010310C4653B185684FF488711046FFF79E
:1076E0006AFF2B7B23700120106038BD1846FCE731
:1076F000036882689B6892681B68002191734FF44D
:107700008072C3F80423704783689B6801229A73D0
:10771000704703689B681B68D3F8200118B1D3F841
:107720000403C0F30020704703689B681B68D3F80C
:107730001001003018BF0120704703689B681B6868
:107740001022C3F80423704703689B681B6810224B
:10775000C3F80823704703689B681B684FF40072E6
:10776000C3F80423704703689B681B684FF40072DA
:10777000C3F8082370470120704783689B68C3E9FA
:107780000012704708B503689B681968D1F8043384
:10779000DB05024605D4D1F8040310F0100006D131
:1077A00008BDFFF7B6FF0028F5D00120F8E7104626
:1077B000FFF7BAFF003018BF0120F1E70430FDF7F2
:1077C00071BE13B504240A1904D200236946FDF7DB
:1077D000FFFD10B1002002B010BD224601A90098A3
:1077E000FFF7D0FC00980430F5E710B10438FDF73E
:1077F00059BE70470023C0E90233C0E9000070475A
:1078000038B5437BDB0604460D4603D183690BB9CB
:10781000FEF718F80023A366656138BD2DE9F8432B
:1078200004460F469046994600F108054FF02003A4
:10783000EFF3118683F31188BFF36F8F284600F0B2
:10784000FDF840B14146FFF7DBFF2846314600F026
:1078500079F800200CE0B9F1000F1CD00820FDF7EA
:107860004DFE38B986F31188BFF36F8F6FF00B00B0
:10787000BDE8F8830123C0F804800360036803F0C7
:10788000030267B923681343036063682060002B19
:10789000DBD16060D9E7C8F800904046EEE73B686E
:1078A00033F003030BD10260626812B9C4E900002F
:1078B000CBE7136803F0030303431360E9E71343C3
:1078C00003603B6803F0030318433860BDE710B55D
:1078D000044630B10268930703D0446809B1FFF74A
:1078E00084FF204610BD0023C0E9003300F10803E7
:1078F000C0E9023370470A4600234168FFF78EBF94
:10790000437BDB0603BF8069B0FA80F040090020AA
:10791000704738B504464FF02003EFF3118583F329
:107920001188BFF36F8F01468068FDF73BFF637BD3
:1079300023F00203637385F31188BFF36F8F002375
:10794000A36038BD08B5FDF7C7FE20B10846BDE805
:107950000840FCF703B881F31188BFF36F8F08BDAF
:1079600008B50246FDF7B8FE20B11046BDE8084054
:10797000FBF7F4BF82F31188BFF36F8F08BD4FF0A0
:107980002003EFF3118083F31188BFF36F8FFFF7AC
:10799000E7BF38B504464FF02003EFF3118583F3BA
:1079A0001188BFF36F8F01468068FDF7FBFE637B94
:1079B00023F00203637385F31188BFF36F8F0023F5
:1079C000A36004F11800BDE8384000F0B0B80368C7
:1079D000984214BF18460020704750F8103C70B50C
:1079E0000446A0F11805CBB14FF02003EFF3118648
:1079F00083F31188BFF36F8F294650F8100CFDF701
:107A0000D1FE14F80B3C23F0020304F80B3C86F380
:107A10001188BFF36F8F002344F8103C14F80B3C1F
:107A200023F0140304F80B3C2846FFF769FF20B14C
:107A30002846BDE87040FDF705BF70BD38B54FF072
:107A40002003EFF3118283F31188BFF36F8FFFF7E9
:107A5000BEFF044682F31188BFF36F8FC8B14FF0A9
:107A60002003EFF3118583F31188BFF36F8F014675
:107A70008068FDF797FE637B23F00203637385F351
:107A80001188BFF36F8F0023A36004F1180000F08A
:107A90004EF8204638BD70B5064600253468A6422B
:107AA00000D00CB9284670BD2046FFF772FF204673
:107AB000FFF726FF01250028F0D02046FDF7C2FE83
:107AC000ECE7C0E90212C0E900007047437BDB0627
:107AD00003BF8069B0FA80F040090020704770470A
:107AE000036D10B5044603B198472046FFF7EEFF3B
:107AF00038B12046FDF752FF637B43F00803637300
:107B000010BD637B9B0702D52046FFF702FFA369E8
:107B1000002BF1D004F1180000F009F8ECE7037332
:107B2000002342738173C373C0E90633704710B5F5
:107B30004FF02002EFF3118482F31188BFF36F8FAF
:107B400003683BB1FEF736FA002084F31188BFF3D7
:107B50006F8F10BD6FF01500F7E710B54FF02003E1
:107B6000EFF3118483F31188BFF36F8FFEF738FAB8
:107B700084F31188BFF36F8F10BD70B504460E46B5
:107B80004FF02003EFF3118583F31188BFF36F8F5C
:107B9000FEF726FAA04205DD012803DD3146204626
:107BA000FBF76AFE85F31188BFF36F8F70BD08B5D0
:107BB000FEF7D8FA08BD0023C0E9061200F1100252
:107BC0004362C0E90422C0E900338362704708B50C
:107BD0004FF02002EFF3118382F31188BFF36F8F10
:107BE000FFF7BBFF01210228D8BF0846FFF7C5FFFA
:107BF000FCF7D0F8ECE77047D885FF7F0100000064
:107C000000000000D52A000000000000ED6F000019
:107C10001C9C0020C775000000000000ED6F0000F4
:107C200000000000ED6F000000000000ED6F00009C
:107C300000000000B94B000000000000ED6F0000E4
:107C400000000000ED6F000000000000ED6F00007C
:107C500000000000ED6F000000000000ED6F00006C
:107C600000000000ED6F000000000000ED6F00005C
:107C700000000000ED6F000000000000ED6F00004C
:107C800000000000ED6F0000000000009D370000C4
:107C900000000000ED6F000000000000ED6F00002C
:107CA00000000000ED6F000000000000ED6F00001C
:107CB00000000000ED6F000000000000ED6F00000C
:107CC00000000000ED6F000000000000ED6F0000FC
:107CD00000000000ED6F000000000000ED6F0000EC
:107CE00000000000ED6F000000000000ED6F0000DC
:107CF00000000000ED6F000000000000ED6F0000CC
:107D000000000000ED6F000000000000ED6F0000BB
:107D100000000000ED6F000000000000ED6F0000AB
:107D200000000000ED6F000000000000ED6F00009B
:107D300000000000ED6F0000011B0000F76A00006A
:107D400000000000ED6F000000000000ED6F00007B
:107D500000000000ED6F000000000000ED6F00006B
:107D600000000000ED6F000000000000ED6F00005B
:107D700000000000ED6F000000000000ED6F00004B
:107D80007A840000790A0000000000007A84000074
:107D9000A11F000000000000B282000009280000BE
:107DA000E89D002084830000696F0000000000004F
:107DB0008E830000696F00000000000098830000BF
:107DC000E9370000000000007A8400000140000054
:107DD00000000000AB820000ED480000587F00006A
:107DE000A4820000ED480000507F0000F5870000ED
:107DF000914C0000CC7F0000FB870000914C0000FC
:107E0000A87F000001880000914C0000847F0000E2
:107E1000CF820000914C0000607F0000BC82000017
:107E2000114E00000000000007880000095100000A
:107E30005C8000007A840000A9530000000000006C
:107E40007A840000615D0000000000000200000074
:107E5000547E000000000000428300002600020261
:107E6000000000204A83000022000B113D0F00009B
:107E70001D6C000051110000736C00006D6C00005F
:107E8000676C0000616C00005B6C0000556C0000CA
:107E90004F6C00007D10000001110000BD180000B3
:107EA0009D6C0000976C0000916C00008B6C0000D2
:107EB000856C00007F6C0000796C0000BD10000034
:107EC000E10F00007D110000911A00000514000070
:107ED000D96E0000E527000000000000000000004F
:107EE00000000000156F0000DF6E00003D6F000015
:107EF0009B6E0000A36E0000536F0000A96E00008F
:107F000000000000B16E0000000000000000000052
:107F1000B76E0000CD6E0000D16E0000252A000073
:107F2000000000000000000061290000ED280000B2
:107F300000000000914A00006F730000AB73000066
:107F4000DB73000015750000D37400000000000012
:107F5000000000500000000000030050010000007D
:107F600000C00140000000000DFFFFFF0004000002
:107F7000E80302017C9B00200400000000000000D8
:107F8000000000000010024001000000FFFFFFFFA2
:107F900000040000E80302018C9B002004000000A4
:107FA000000000000000000000200240020000006D
:107FB000FFFFFFFF00040000E80302019C9B00207C
:107FC00004000000000000000000000000D002409B
:107FD00003000000FFFFFFFF00040000E8030201B0
:107FE000AC9B002004000000000000000000000026
:107FF000B54C0000814C00008B750000F14E000074
:10800000394E0000BD4E0000014E0000010000008E
:108010001D7600004976000007760000A94F000099
:10802000F77500007B760000C7760000F17600004F
:1080300009770000137700003B77000049770000C4
:10804000137700002977000057770000677700005A
:1080500085770000777700007B77000000200040E4
:1080600000000000E09B0020289C0020349C0020A1
:10807000949C0020AC9C0020F5FFFFFFA816002078
:1080800000002110422063308440A550C660E77094
:10809000088129914AA16BB18CC1ADD1CEE1EFF13C
:1080A0003112100273325222B5529442F772D662E4
:1080B000399318837BB35AA3BDD39CC3FFF3DEE38C
:1080C0006224433420040114E664C774A444855434
:1080D0006AA54BB528850995EEE5CFF5ACC58DD5DC
:1080E0005336722611163006D776F6669556B44684
:1080F0005BB77AA719973887DFF7FEE79DD7BCC72C
:10810000C448E5588668A7784008611802282338D3
:10811000CCC9EDD98EE9AFF9488969990AA92BB97B
:10812000F55AD44AB77A966A711A500A333A122A23
:10813000FDDBDCCBBFFB9EEB799B588B3BBB1AABCB
:10814000A66C877CE44CC55C222C033C600C411C73
:10815000AEED8FFDECCDCDDD2AAD0BBD688D499D1B
:10816000977EB66ED55EF44E133E322E511E700EC3
:108170009FFFBEEFDDDFFCCF1BBF3AAF599F788F6B
:108180008891A981CAB1EBA10CD12DC14EF16FE14B
:108190008010A100C230E320045025404670676083
:1081A000B9839893FBA3DAB33DC31CD37FE35EF39B
:1081B000B1029012F322D2323542145277625672D3
:1081C000EAB5CBA5A89589856EF54FE52CD50DC5EB
:1081D000E234C324A0148104667447642454054423
:1081E000DBA7FAB79987B8975FE77EF71DC73CD73B
:1081F000D326F2369106B016576676761546345673
:108200004CD96DC90EF92FE9C899E9898AB9ABA98A
:108210004458654806782768C018E1088238A328C2
:108220007DCB5CDB3FEB1EFBF98BD89BBBAB9ABBDA
:10823000754A545A376A167AF10AD01AB32A923A12
:108240002EFD0FED6CDD4DCDAABD8BADE89DC98D2A
:10825000267C076C645C454CA23C832CE01CC10C62
:108260001FEF3EFF5DCF7CDF9BAFBABFD98FF89F7A
:10827000176E367E554E745E932EB23ED10EF01EB2
:1082800008010C011001140118011C012001240136
:108290002C013001340138013C0140014401480106
:1082A0004C0150014750494F5F30004750494F5FE4
:1082B00031004344435F41434D5F30004E52465FBF
:1082C000464C4153485F4452565F4E414D45005025
:1082D000574D5F300041726475696E6F20426F6F59
:1082E000746C6F61646572202853414D2D424120AA
:1082F000657874656E6465642920322E30205B4198
:10830000726475696E6F3A494B58595A5D0A0D008F
:108310006E524635323834302D514941410A0D00F4
:10832000580A0D00590A0D005A25303858230A0DF5
:108330000025303858253038582530385825303801
:108340005800464C4153485F30005352414D5F3016
:108350000002030405060708090B0C0D0E0F10118F
:108360001213143030303030303030303030303064
:1083700030303030303030303030303030303030FD
:1083800030303000434C4F434B5F33324B00434C53
:108390004F434B5F31364D007379735F636C6F638E
:1083A0006B002A2A2A2A2A20425553204641554C3E
:1083B00054202A2A2A2A2A0A002020537461636B37
:1083C000696E67206572726F720A002020507265B4
:1083D00063697365206461746120627573206572DE
:1083E000726F720A0020204246415220416464723A
:1083F0006573733A20307825780A002020496D7023
:1084000072656369736520646174612062757320AD
:108410006572726F720A002020496E737472756300
:1084200074696F6E20627573206572726F720A00D4
:108430002A2A2A2A2A204D5055204641554C54209C
:108440002A2A2A2A2A0A002020537461636B696E43
:1084500067206572726F722028636F6E746578741E
:108460002061726561206D69676874206265206EA5
:108470006F742076616C6964290A002020556E7340
:108480007461636B696E67206572726F720A002097
:108490002044617461204163636573732056696F82
:1084A0006C6174696F6E0A0020204D4D4641522068
:1084B000416464726573733A20307825780A00202D
:1084C00020496E737472756374696F6E20416363C3
:1084D0006573732056696F6C6174696F6E0A002052
:1084E00020466C6F6174696E672D706F696E7420C1
:1084F0006C617A792073746174652070726573653C
:1085000072766174696F6E206572726F720A002AEA
:108510002A2A2A2A205553414745204641554C5482
:10852000202A2A2A2A2A0A002020446976697369A7
:108530006F6E206279207A65726F0A002020556E76
:10854000616C69676E6564206D656D6F727920611D
:1085500063636573730A0020204E6F20636F70722F
:108560006F636573736F7220696E73747275637471
:10857000696F6E730A002020496C6C6567616C201E
:108580006C6F6164206F66204558435F52455455B7
:10859000524E20696E746F2050430A002020496CAF
:1085A0006C6567616C20757365206F662074686503
:1085B00020455053520A002020417474656D707438
:1085C00020746F206578656375746520756E6465C9
:1085D00066696E656420696E737472756374696F21
:1085E0006E0A00526573657276656420457863652E
:1085F0007074696F6E20280053707572696F75739F
:1086000020696E7465727275707420284952512009
:10861000002A2A2A2A2A2048415244204641554C01
:1086200054202A2A2A2A2A0A00202042757320660A
:1086300061756C74206F6E20766563746F72207440
:1086400061626C6520726561640A00202046617574
:108650006C7420657363616C6174696F6E2028733C
:1086600065652062656C6F77290A002A2A2A2A2A02
:10867000204465627567206D6F6E69746F72206546
:108680007863657074696F6E20286E6F7420696DF1
:10869000706C656D656E74656429202A2A2A2A2A01
:1086A0000A002A2A2A2A2A20257320256429202A1A
:1086B0002A2A2A2A0A002A2A2A2A2A204861726497
:1086C0007761726520657863657074696F6E202AC2
:1086D0002A2A2A2A0A002A2A2A2A204B65726E652B
:1086E0006C20416C6C6F636174696F6E20466169C8
:1086F0006C75726521202A2A2A2A0A002A2A2A2A27
:108700002A204B65726E656C204F4F505321202AF2
:108710002A2A2A2A0A002A2A2A2A2A204B65726E25
:10872000656C2050616E696321202A2A2A2A2A0A50
:10873000002A2A2A2A20556E6B6E6F776E204661BA
:1087400074616C204572726F7220256421202A2A80
:108750002A2A0A0043757272656E74207468726505
:108760006164204944203D2025700A4661756C747F
:10877000696E6720696E737472756374696F6E20B9
:1087800061646472657373203D20307825780A0037
:1087900049535200657373656E7469616C20746827
:1087A0007265616400466174616C206661756C7409
:1087B00020696E20257321205370696E6E696E6783
:1087C0002E2E2E0A00466174616C206661756C74F1
:1087D00020696E20746872656164202570212041D3
:1087E000626F7274696E672E0A002D2B2023300091
:1087F000686C4C7A0050574D5F330050574D5F32D4
:108800000050574D5F3100554152545F30006D614B
:10881000696E0069646C6500737973776F726B7150
:1088200000776F726B71756575650000A966000051
:108830000090D0030B0000000000000000000000CA
:108840000000000000000000000000000000000028
:108850000000000000000000000000000000000018
:108860000000000000000000000000000000000008
:1088700000000000000000000000000000000000F8
:1088800000000000000000000000000000000000E8
:1088900000000000000000000000000000000000D8
:1088A00000000000000000000000000000000000C8
:1088B00000000000000000000000000000000000B8
:1088C00000000000000000000000000000000000A8
:1088D0005C9B002000C201000000080000000000B6
:1088E0000000000000000000A5270000800000003C
:1088F000BD2800000000000081280000800000006A
:108900000000000000000000000000000000000067
:10891000000400001E6900200000000000000000AC
:108920000080008000800080E80304000000000058
:108930000080008000800080E80304000000000048
:108940000080008000800080E80304000000000038
:108950000080008000800080E80304000000000028
:1089600000000000246D0020200000008025000091
:1089700000010300B89B002000000000D89B0020ED
:10898000D89B0020807D0000000000000000000057
:10899000347E00000000000000000000C87D0000E0
:1089A0000000000000000000A47D00001C7F00000B
:1089B00000000000B07D0000287F000000000000E3
:1089C000287E000010800000C89B0020BC7D0000B5
:1089D0000000000000000000E07D0000347F000087
:1089E00050160020D47D0000347F00007016002057
:1089F000407E00000000000000000000EC7D000050
:108A0000F07F0000A89B0020F87D0000F07F0000B0
:108A1000989B0020047E0000F07F0000889B0020CF
:108A2000107E0000F07F0000789B00201C7E00007C
:108A3000F87F000000000000987D0000D07E00005C
:108A4000909A00208C7D00000000000000000000D3
:108A50003804002000040000030003006813002015
:108A6000010000000000000000000000581000207D
:108A700018000000200001008C13002001000000FD
:108A80000000000000000000E49C0020E49C0020A6
:108A900000000000000000000F00000000000000C7
:108AA00000000000009D0020009D00201201000237
:108AB000EF02014041235A001100010203010902A3
:108AC0000000000100E032080B0002020200000971
:108AD0000400000102020000052400100105240129
:108AE0000201042402020524060001070580031088
:108AF000000A09040100020A000000070580024084
:108B000000000705000240000004030904100341AF
:108B1000726475696E6F0000000000000028034158
:108B2000726475696E6F204E616E6F203333204220
:108B30004C450000000000000000000000000000A4
:108B40000000000000420330303030303030303030
:108B50003030303030303030303030303030303015
:108B600030303030303030000000000000000000B5
:108B700000000000000000000000000000000000F5
:108B8000000000000000000000FFFFFF00000000E8
:108B90002B9D0020816E0000BD270000552700009E
:108BA00000000000000000000000000000000000C5
:088BB00003000000449B0020BB
:020000040001F9
:10000000000004200DF2010045F2010015D50100A9
:1000100049F2010021D5010027D5010000000000B0
:10002000000000000000000000000000E97801006E
:1000300051F2010000000000837901009379010072
:10004000C1320200F19D010057F2010057F2010098
:1000500057F2010057F2010057F2010057F2010078
:1000600057F201009902010057F2010057F2010016
:1000700057F20100E536020057F20100099E010027
:1000800057F2010057F2010057F2010057F2010048
:1000900057F2010057F2010057F2010057F2010038
:1000A00057F2010057F20100B9020100D902010024
:1000B00057F2010057F201000000000000000000AC
:1000C00057F2010057F2010057F2010057F2010008
:1000D00057F2010057F2010057F2010057F20100F8
:1000E00057F2010057F2010057F201000000000032
:1000F0000000000057F201000000000057F201006C
:1001000010B5054C237833B9044B13B10448AFF351
:1001100000800123237010BD50100020000000005B
:10012000445A030008B5034B1BB103490348AFF31E
:10013000008008BD0000000054100020445A030055
:10014000154B002B08BF134B9D46A3F5803A0021A9
:100150008B460F461348144A121A1BF039FC0F4BFA
:10016000002B00D098470E4B002B00D09847002062
:10017000002104000D000D48002802D00C480DF0AD
:1001800071FF1AF025FF2000290009F077FC0DF01F
:1001900066FF00BF0000080000000420000000000F
:1001A000D99901005010002000BA002065E001003C
:1001B00000000000704700000278024B002143F865
:1001C000221070478C100020014B01221A707047DA
:1001D000B8100020014B01221A7070472411002032
:1001E0000B6803604B6843608B68836070470C301A
:1001F000704708B5FFF7FBFF0023036008BDC36825
:100200000BB19B681847704790F90930002B82B0FA
:100210000DDB5A09012103F01F0301FA03F3203219
:100220000C4941F82230BFF34F8FBFF36F8F426804
:10023000017A012353604FF480338B40C2F80833B6
:1002400050339B009BB20021D150D3580193019BA6
:1002500002B0704700E100E010B5047A42684FF444
:1002600080310123A1401360D360C2F8041390F9D8
:100270000920002A06DB510902F01F029340054ABB
:1002800042F82130037A4268C16903F5A87342F845
:10029000231010BD00E100E038B5064D6C683CB19C
:1002A0002046FFF7B1FFE36898476868FFF7D4FF7F
:1002B00038BD00BF8C10002038B5064DEC683CB14D
:1002C0002046FFF7A1FFE3689847E868FFF7C4FFFF
:1002D00038BD00BF8C10002038B5064D2C693CB1EC
:1002E0002046FFF791FFE36898472869FFF7B4FFBE
:1002F00038BD00BF8C10002038B507F0CFF9154B82
:10030000154C1B78012B054618D008D3022B134A35
:1003100018D02368C31A93420FD9002117E023682D
:100320000F4AC31A934208D90E4B197881F0010184
:100330000D20197007F0B0FA256038BD23680A4A0D
:10034000C31AEFE72368C31A9342F6D90121054B7C
:10035000EEE700BF44120020A01000207F96980016
:100360009F860100A41000203F420F0010B50446F4
:10037000FFF745FF204610BD044BC36003460A68E3
:1003800043F8042B002242605A60704784FF020049
:1003900013B50446019121B9FFF72BFF204602B0A7
:1003A00010BD01A9FFF7E8FFF8E70368184708B593
:1003B000FFF7FBFF08BD036870B5044663B1436AED
:1003C00045691E1DAE4204D955F8040B0EF066F8BF
:1003D000F8E720680EF062F8204670BD10B50446BC
:1003E0007830FFF7E8FF204610BD000037B5254DF7
:1003F000254C264A26484FF0FF33202104F0AAFE60
:10040000284600F0A3FF224622492846224D0DF03F
:1004100024FE092300930A220B230C21284600F016
:100420004DFA22461D4928460DF017FE1C480323AD
:1004300003701C4B43600022042102720174C260ED
:100440001A21D3F808254172174942F00302C86007
:10045000C3F80825D3F80425144922F00302C3F891
:100460000425D3F8102522F00F0242F00402C3F84D
:1004700010250F4B4361224603B0BDE830400DF01C
:10048000ECBD00BF4011002000020020B71DC104D8
:1004900028110020DD030100CC100020C309010059
:1004A0006C10002000A001408C100020B901010058
:1004B000002474490000000010B52DED028B0121CD
:1004C00086B00D2007F0A4F90121162007F0A0F94D
:1004D0000121172007F09CF90121182007F098F955
:1004E0000121162007F0D8F90121172007F0D4F9CF
:1004F0000121182007F0D0F94FF4E1317248724C15
:1005000005F09EFB204605F0D3F910B9FFF7F4FE85
:10051000F8E702216D4804F057FB30B96C496A488E
:1005200006F06AFEFFF7E8FEFCE702AC69492046E8
:10053000FFF72EFF2146654804F022FD2046FFF715
:1005400015FF6549604806F057FE644804F0CAFB91
:1005500030B963495C4806F04FFEFFF7CDFEFCE77B
:100560006049594806F048FE642201215E4800F0C7
:100570002FFC5D4800F030FB64215B4800F07EFBFF
:100580000221594800F064FB574800F0E8FA0121C5
:10059000554800F04BFA554B93E8070084E80700F4
:1005A00021465148524C01F0EFF95249464806F0B5
:1005B00023FED4ED057ADFED506A504BE360B2EED6
:1005C000048A87EE887A2346B4EEE67AF1EE10FAD2
:1005D00021D54B493C4806F0F7FD4A493A4806F018
:1005E000EAFD4949384806F0EFFDD4ED057AC7EE3B
:1005F000887A17EE900A15F095FA022300930246C6
:100600000B46314806F0F2FE40492F4806F0F4FD53
:10061000FFF772FEFCE7FCEEE77A6168C4ED066A5C
:10062000F8EE677A4FF4803087EEA67A0122BCEEAE
:10063000C77A84ED077A247A0A60A040CA60C1F8BC
:10064000040393F90910002906DB480901F01F0192
:100650008A402F4941F820205A68D9691B7A2D4CCD
:1006600003F5A87342F8231007F018F8206007F08C
:1006700015F82368C01A15F033FA11A3D3E9002343
:1006800015F0A8FA15F056FD234B186007F006F890
:100690002368C01A15F024FA09A3D3E9002315F042
:1006A00099FA15F047FD1D4B1D4918601D4B064872
:1006B00001221A7006F0A0FD06B0BDEC028B10BD41
:1006C000BB270F0BB5A6EF3F1C1A0020A01300207C
:1006D000AEFF0200C9010100C8FF0200981300200C
:1006E000D7FF0200F2FF02004011002090FF02003D
:1006F0006C100020020003000F00E040D501010053
:10070000A6FF020011000300A4FF0200580003002E
:1007100000E100E048120020BC1000204012002040
:10072000880003004412002070B5044606F0B6FFAE
:10073000454B464D1B68C01A15F0D2F93EA3D3E9CC
:10074000002315F047FA15F0F5FC414B28601A68B4
:10075000904265D018603F4A3F4E4049404803F000
:100760003FFE40493E4803F03DFF31463E4804F01D
:10077000E5FA286815F0B4F931A3D3E9002315F0A0
:1007800029FA15F0F7FC334B344A0146374800F09C
:100790008DFE3749354800F04FF9364A2F49334826
:1007A00000F0C9FB344A2B49304800F0BCF9334B08
:1007B0001B8823802B68C4F80230284B03CBC4F875
:1007C0000600C4F80A101868224BC4F80E0003CBC8
:1007D000C4F812001868234BC4F81610C4F81A00A5
:1007E00003CBC4F81E001868214BC4F82210C4F8CB
:1007F000260003CBC4F82A0018683368C4F82E100A
:10080000C4F832002146C4F836303E221C4804F0B9
:10081000ABFC21463E221B48BDE8704005F0B0B855
:100820001949184806F0D0FC042200211548BDE8FB
:10083000704006F017BD00BFBB270F0BB5A6EF3FFA
:100840008DEDB5A0F7C6B03E48120020BC100020C8
:1008500040120020A8100020B41000202812002010
:10086000A0130020C0100020981300204011002089
:10087000341200201C12002010120020A2FF0200DF
:10088000281100201C1A00209CFF020000B5094B13
:100890001A7891B042B1084A1278012A04D1002294
:1008A00068461A70FFF740FFFFF726FD11B05DF8AC
:1008B00004FB00BFB8100020441200202DE9F74FC0
:1008C00098464FF07E530360334B836000256423CA
:1008D00004464FF0000AC0E9033508234361C0F81D
:1008E00004A0C0E90655C0E90855C0E90A55C0E9A9
:1008F0000C552020894616460DF0BAFD6769206127
:10090000013F7F0800EB870283464FF4007001929D
:100910000DF0AEFD019A626200F50073C4E90F5953
:100920005FFA89F9C4E90B03236262634BF827007D
:10093000E061A061A062C4E911684846F6B2C4F85B
:1009400038A0C4F850A0C4F854A0012106F060FFFC
:100950003046012106F05CFF5FFA88F0012106F0C5
:1009600057FF94F84C00012106F052FF3046012158
:1009700006F092FF2946304606F08EFF94F84C00B0
:10098000012106F089FF4846294606F0C7FE2046A9
:1009900003B0BDE8F08F00BFCDCCCC3D036870B58F
:1009A000044663B1436A45691E1DAE4204D955F839
:1009B000040B0DF073FDF8E720680DF06FFD204685
:1009C00070BD10B504461030FFF7E8FF204610BD9B
:1009D0004B68036043608360704700002DE9F0417D
:1009E00000F58478064600F184054746BD4205D0EF
:1009F0002C3F07F1140013F08FFDF7E7A8EB050576
:100A0000094CAD086C4324F040446FF02B0303FB0A
:100A10000484A64205D02C3C04F1140013F07CFDA4
:100A2000F7E73046BDE8F081A38B2E3A80F86510D9
:100A300070470000000000001FB50C4601A901F03E
:100A40000FF8019815F06EF80FA3D3E9002315F005
:100A5000C1F815F08FFB2060029815F063F80AA327
:100A6000D3E9002315F0B6F815F084FB6060039815
:100A700015F058F804A3D3E9002315F0ABF815F0EE
:100A800079FBA06004B010BDF8C1631ADCA54C402E
:100A900090F8C03010B504460BB9012010BDD1ED5F
:100AA000017AD1ED006A91ED027A67EEA77AE6EE5F
:100AB000A67AE7EE077A17EE900A17F057F8D4ED0A
:100AC000187A07EE100A77EE677A94ED317A67EEBE
:100AD000877AB0EE007AF4EEC77AF1EE10FADCDD38
:100AE000B8EE007AF4EEC77AF1EE10FA54BF0120A6
:100AF0000020D3E790F86430D1ED007A33B1C2ED35
:100B0000007A4B6853608B6893607047F1EE677AA8
:100B1000C2ED007A4B685360D1ED027AF1EE677A4C
:100B2000C2ED027A7047FFF7E5BF00224260012262
:100B300080F820200022016082604261C2608261F0
:100B40000261C2617047002383604361C3608361B7
:100B50000361C3610023436080F820307047243074
:100B6000FFF7F1BF002383604361C36083610361CA
:100B7000C36100234360012380F8203070472DE9D2
:100B8000F04F85B004AB0025044643F8045D02AA8B
:100B900001A90195029501F06DFBD4E92298D4F8E2
:100BA0009C30D4E920BA08F104061F1DB74204D9CD
:100BB00056F8040B0DF072FCF8E7C4E924BAC4E956
:100BC0002698C4F8A450C4F8A85004F12400FFF7F4
:100BD000C9FF05B0BDE8F08F2DE9F0432DED028B84
:100BE0000446C7B0FFF7CBFF94F8741004A801F0D7
:100BF000D7FD0FF25409D9E9008901AE04F1480587
:100C000037465434B0EE088A04A9384601F067FD2F
:100C1000F6EC017A67EE887A17EE900A14F082FFFC
:100C200042464B4614F0D6FF15F0A4FA45F8040BE3
:100C3000A542E9D104A8FFF7D1FE47B0BDEC028B75
:100C4000BDE8F083AFF30080F8C1631ADCA54C4027
:100C500038B50C460546FFF792FF631E632B02D89A
:100C6000C5F8A04038BD03490348BDE8384006F048
:100C7000C3BA00BF390103001C1A002038B504466E
:100C80000D46FFF77CFF204640F8245FBDE8384062
:100C9000FFF768BF000000002DE9F0432DED068B43
:100CA0000446CDB00D46FFF76AFF94F874100AA809
:100CB00001F076FD0AA901A801F018FD0AA904A80F
:100CC00001F025FD0AA907A89DED04AADDED05AAFE
:100CD00001F027FD0198DDED079A9DED088A14F0DB
:100CE00021FF064628460F4614F00AFF8046894633
:100CF00016F0DCFE02460B463046394615F094F8F5
:100D000015F038FA09EE100A029814F00BFF0646A7
:100D10000F464046494616F0C9FE28EE088A0246AC
:100D20000B463046394615F07FF8AAEEAA8A15F030
:100D300021FA08EE900A18EE100A16F017FF69EE75
:100D4000A99A14F0EFFE20A3D3E9002315F06CF864
:100D5000EAEE0A9A15F00EFA08EE100A19EE900A59
:100D600016F004FF14F0DEFE17A3D3E9002315F0FC
:100D70005BF815F0FFF979EE086A07EE900A89EE44
:100D8000267A20467821694378EEA76A84ED157AA1
:100D900088EEA67A28EE088A67EEA77AA9EE098A75
:100DA000E8EEA87A84ED167AC4ED2F7A84ED2C8AC9
:100DB00040F8241FFFF7D6FE0AA8FFF70FFE4DB03C
:100DC000BDEC068BBDE8F08314AE47E17A94234076
:100DD00070B50446C8B00D461646FFF7D0FE29464A
:100DE00084F8745006A801F0DBFC03AD06A9684640
:100DF00001F083FC06A9284601F093FCD4ED317A7A
:100E00006B462A46F3EC016AB2EC017AE6EEA67A6A
:100E10009D42E7EE077AF5D1C4ED317A17EE900ADC
:100E200016F0A4FE07EE900AB7EE007AC7EE277A16
:100E300031462046C4ED317AFFF72EFF06A8FFF7B2
:100E4000CDFD48B070BD90F82020034622BBD0ED08
:100E5000057AF5EE407AF1EE10FA1DD1D0E90002E4
:100E6000824235DA91ED007AD3ED027A77EE877A15
:100E70000132C3ED027A91ED017AD3ED037A77EE78
:100E8000877AC3ED037A91ED027AD3ED047A5A6042
:100E900077EE877AC3ED047A93F82000B8B193ED2A
:100EA000057AD1ED007A77EEC77AC1ED007A93ED3D
:100EB000067AD1ED017A77EEC77AC1ED017A93ED2A
:100EC000077AD1ED027A77EEC77AC1ED027A7047E0
:100ED000E2D107EE902AD3ED026AF8EEE77A01221A
:100EE00086EEA77A83F82020D3ED036A83ED057A96
:100EF00086EEA77AD3ED046A83ED067A86EEA77AAA
:100F000083ED077AC8E710B590F8202001F10C03B3
:100F1000143000246AB1D1ED007A90ED007A77EEBA
:100F2000C77AC1ED007A0431994200F10400F1D191
:100F300010BD0C60F7E738B5FFF7DCFD90F86530C1
:100F40002BB111462430BDE83840FFF7DCBF38BD77
:100F5000F8B504462DED048B00680D4616F056FBDF
:100F600009EE100A14F0DEFD0022314B16F000FCF1
:100F7000064620680F4616F049FBDFED2E7A95ED08
:100F8000008A69EE277AB7EE007AA7EE897A08EE32
:100F9000900A17EE100A14F0C5FD21A3D3E900232F
:100FA00004460D463046394614F014FE02460B4600
:100FB0002046294614F058FC1BA3D3E9002314F063
:100FC00009FE9FED1D7ADFED1D7A28EE877A044633
:100FD000E7EE287A0D4667EE887A17EE900A14F04D
:100FE000A1FD02460B462046294614F03DFCDFEDEC
:100FF000147A68EE277A044667EE887A0D4617EE73
:10100000900A14F08FFD02460B462046294614F044
:101010002BFC15F0AFF8BDEC048BF8BDAFF30080EE
:10102000000000E0F966F83E00000000878F2340D2
:1010300000001040CFFBAC3BDA1A973121364FB697
:10104000BBF84A2B00000000D3ED007A91ED007A46
:1010500067EEA77A2DE9F843E7EE077A05461E46C4
:101060002DED028B17EE900A17680C4616F07EFDE8
:1010700014F058FD38A3D3E900238046894615F0C3
:101080001BF818B10FF2D009D9E90089384614F0DD
:1010900049FD42464B4616F007FB15F06BF8D6EDBE
:1010A000007A2468F5EEC07AF1EE10FA804627EE59
:1010B000A78A20462EDD14F035FD29A3D3E90023AD
:1010C00006460F4614F086FD32463B4614F082FD7C
:1010D000064618EE100A0F4614F024FD02460B4691
:1010E0003046394614F0C0FB16F0E0FC06460F46C9
:1010F00084F0004014F016FD32463B4616F0D4FA58
:1011000015F038F8BDEC028B6860C5F80080284601
:10111000BDE8F88314F006FD11A3D3E900230646C9
:101120000F4614F057FD32463B4614F053FD064679
:1011300018EE100A0F4614F0F5FC02460B46304636
:10114000394614F091FB16F0B1FC064601F1004758
:10115000CEE700BFAFF300803A8C30E28E79453E97
:101160008DEDB5A0F7C6B03ED0B514F0DBFC1EA3E4
:10117000D3E9002314F078FB1DA3D3E9002316F074
:1011800095FA19A3D3E9002314F06CFB14F0F2FFD5
:10119000044614F0C7FC14A3D3E9002306460F4607
:1011A00014F0A8FF48B112A3D3E900233046394612
:1011B00014F058FB14F0DEFF0446204614F0B2FC95
:1011C0000DA3D3E9002306460F4614F07FFF48B174
:1011D00007A3D3E900233046394614F045FB14F049
:1011E000C9FF04462046D0BD182D4454FB210940B8
:1011F000182D4454FB211940182D4454FB2109C0DB
:10120000012908B506D9054B054A06484FF4CD71AA
:1012100018F060FF00EB810008BD00BF5D01030016
:10122000BA0603007A0103004269436A9B1A9B10C5
:101230005A1ED0E906315B1ADB1003EB82130269F8
:101240008068101A03EBE0007047000038B583682F
:101250000468032B0FD1C36842681A440025012398
:10126000022A4260C0E9025305DD0F4B0F4A4921B3
:101270000F4818F02FFF8368022B03DD0D4B0B4A3C
:101280004C21F5E7C268012A03D00B4B074A4D21D8
:10129000EEE745685A1C03EB43032B4404EB83033E
:1012A00082600A681A6038BDD9010300FC07030098
:1012B000F8020300280203007F020300F8B50023B0
:1012C00004460360C0E90233C0E90433C0E90633D1
:1012D000C0E908330823436020200DF0C9F8656891
:1012E0002060013D6D0800EB850706464FF4007055
:1012F0000DF0BEF800F5007346F82500E060C4E983
:101300000703A060A0616761236167622046F8BDA2
:1013100008B5030705D0034B034A04486D2118F0B4
:10132000D9FE08BD6F050300AE0903005E06030089
:1013300010B50446FFF7ECFF4FF07E530022236008
:101340006260A260E360204610BD000070B50446F4
:101350008AB000F073FB42F6E06104F12400FFF76D
:10136000E4FB4FF07E536365A365184BE3650025EE
:10137000174B2366012601A904F16800A564E56402
:10138000256584F8646084F865600295FFF720FBAA
:1013900004F17800FFF792FF01A9C4F8A060C4F837
:1013A000A450C4F8A85004F1B000FFF7C1FF84F8BE
:1013B000C060C4F8C45001A800F040FB01A9204659
:1013C00000F0B6FC20460AB070BD00BF000080BF30
:1013D000CBA11C41D0E900239869D3ED046A1268BF
:1013E00089000844D0ED007AD868084490ED007A6E
:1013F000D6EE877A0A4493ED0A7A67EE877AC2EDD1
:10140000007A704708B5036801EB4102022903EB3B
:10141000820305D90D4B0E4A0E487A2118F05AFE68
:10142000426893ED027AD2ED027AD2ED016A67EE5C
:10143000877A93ED017AE6EE877AD2ED006A93ED32
:10144000007AE6EE877A17EE900A08BDC80403001A
:10145000C0080300730403000368406810B51C68EB
:1014600004EB8104FFF7CEFF206010BD10B54B6880
:101470000C688AB0CDE906340893032309930AABBC
:10148000049043F8280D0021019301A805ABCDE994
:1014900002320594FFF7E0FF01A80121FFF7DCFF0E
:1014A000022101A8FFF7D8FF0AB010BD2DE9F04FC7
:1014B0002DED048BB1B01D4608EE901A114602AA1C
:1014C0000446FFF717FB294605AAFFF713FB02A9FD
:1014D0002430FFF7B8FC00250DF19008002800F03B
:1014E000BA81D4ED177AF5EEC07AF1EE10FAC0F2B7
:1014F000A681259508AD41462846FFF769FADDED3E
:10150000027A94ED127AF0EEE76AF4EEC76AF1EE31
:1015100010FAC8BFCDED087ADDED037A94ED137AA9
:10152000F0EEE76AF4EEC76AF1EE10FAC8BFCDED4F
:10153000097ADDED047AD4ED146AB0EEE77AF4EEC0
:10154000C76A0FAFF1EE10FA2146384648BFCDED1D
:101550000A7A00F079FA94ED178AC24B289301AE0B
:1015600004F1680332462BA80BA938EEC88A0C9305
:101570002A901E9727950B97FFF778FF00210BA85D
:101580008DED2E8A0195CDE90B68CDF834D00E95FE
:10159000FFF720FF01210BA8FFF71CFF02210BA87A
:1015A000FFF718FF2946204600F05AFF07AB06AAAE
:1015B00005A93846FFF748FDD4F89820D4F89030B4
:1015C000083A934204F1780900F0A2801BB197E831
:1015D000030083E803000833C4F89030002604F1C8
:1015E000A407D4E92403984202BFD4F89C3053F8EE
:1015F000040C00F5007031460838FFF701FE314653
:1016000005463846FFF7FCFD95ED007AD0ED007AEF
:1016100077EE877AC0ED007A002E00F0FB80484616
:10162000FFF702FED4F8A03098422CD9D4F88050AD
:1016300000212846FFF7E4FD002182463846FFF7E7
:10164000DFFD9AED007AD0ED007A77EEC77A314669
:10165000C0ED007A2846FFF7D3FD31468246384672
:10166000FFF7CEFD9AED007AD0ED007AD4F88830FD
:1016700077EEC77A083B9D42C0ED007A00F0CC803F
:101680000835C4F880504146204600F0E9F905A924
:101690002046FFF7FDF9A0B34846FFF7C5FD07EE6A
:1016A000900A94ED2A7AD4ED296A9DED248A94ED6E
:1016B000159AF8EE677AC7EE279A86EEA77A78EE43
:1016C000477A17EE900AFFF74FFD07EE900AA9EE52
:1016D000678A94ED169A8DED188A9DED258A78EE2D
:1016E000697A17EE900AFFF73FFD07EE900AA9EE20
:1016F000678A26AB19AA18A98DED198A204600F031
:10170000B9FDC4ED178A31B0BDEC048BBDE8F08F94
:10171000D4F89C20A06FE36F111AA3EBA10101295B
:1017200032D8D4F88C10A2EB010A4FEAAA0A0AF1C7
:10173000010A0AF10105B3EB450F47D95D1B6D089E
:1017400000EB8505131DA942A3EB010237D98B429B
:1017500002D028461AF0D8F82B68C4F8843003F574
:101760000073C4F888300AF18043013B05EB830223
:1017700055F82330C4F8943003F50073C4F88C5046
:10178000C4F89C20C4F898304FF40070D4F89C50F2
:101790000CF06EFE6860D4F890301BB197E803003F
:1017A00083E80300D4F89C301A1D5B68C4F89C20C1
:1017B00003F50072C4F89430C4F898200CE78B420B
:1017C0004FEA8A00C8D0801A2844C3E7002B14BF10
:1017D0001E46012602331E44B6F1804F01D312F09B
:1017E00019FFB0000CF044FED4F89C20D4F88C1003
:1017F000751B04326D088A42834600EB850503D0D1
:10180000521A28461AF080F8A06F0CF047FEC4E97F
:101810001EB6A1E70126E4E6D4F884000CF03EFEF3
:10182000D4F88C301A1D5B68C4F88C2003F5007264
:10183000C4F88430C4F88820C4F8803023E707ABAC
:1018400006AA05A94046FFF7FFFB30AB25AA43F8DF
:10185000605D414652E70F9518952495434618AAB6
:101860000FA94BE735FA8E3C2DE9F0432DED048BA3
:10187000804697B0084614460D4615F021FE0090AC
:10188000284615F0C3FE09EE900A0190204615F097
:1018900017FE08EE100A0290204615F0B7FE28EE5B
:1018A000698A00220123CDE90A2308EE900A16A9CD
:1018B0000C9318EE103A0DF1240941F84C3DB1EEAD
:1018C000689A0DAF484609978DED0D9AFFF7BEFC5B
:1018D000DDED007ADDED026A66EEA76A16A916EE66
:1018E000903A41F8483DFFF7B1FC02A9FFF7AEFC82
:1018F0009DED017A27EE097A16A917EE103A41F804
:10190000443DFFF7A3FCDDED007A67EEA87A16AD43
:1019100017EE903A45F8403D16AC29460026FFF7F1
:1019200095FC44F83C6D2146FFF790FC6946FFF7B3
:101930008DFC01A9FFF78AFC0A9B0C9A1344032B28
:1019400002D10B9B032B05D00B4B0C4A0C487C217E
:1019500018F0C0FB0B4B099640462A4621460A96D2
:101960000B93CDE90779FFF781FD404617B0BDEC39
:10197000048BBDE8F08300BF9B00030097070300C2
:10198000F80203003FED9838F0B50E4685B00446E6
:10199000FFF7F5F8306814F0C5F815A3D3E9002374
:1019A00014F018F914F0E6FB04AD45F8100D70685A
:1019B00014F0B8F80EA3D3E9002314F00BF914F0D7
:1019C000D9FB06F1080107462846FFF7C1FA01AD29
:1019D00020663A4600992846FFF746FF95E807003B
:1019E00004F1680383E8070005B0F0BDAFF30080A1
:1019F000399D52A246DF913F4368C268D3ED067A13
:101A000092ED020A92ED017A20EE270AD3ED037AD5
:101A1000A7EE270A92ED007AD3ED007AA7EE270A07
:101A2000704700234FF07E52026043608360C360C2
:101A3000026143618361C3610262704713B501A90A
:101A4000FFF7EFFF02B010BD70B50D460646044625
:101A50000FCD0FC40FCD0FC42B682360304670BD6F
:101A6000D0ED047A90ED037A67EEA77A70B5E7EED1
:101A7000077A044646692DED028B17EE900A0D4653
:101A800016F074F80146304616F06EF821690646E5
:101A9000E06816F069F808EE100A216AA068B1EE55
:101AA000488A16F061F885ED028ABDEC028B80F061
:101AB00000402E60686070BD2DE9F74F0FF2900B6B
:101AC000DBE900AB24A7D7E90067044600F10C0569
:101AD000206814F027F832463B4613F0C5FE1CA3DD
:101AE000D3E9002315F0E2FD32463B4613F0BAFE7F
:101AF00014F040FB019014F015F832463B46804646
:101B0000894614F0F7FA48B152465B4640464946CA
:101B100013F0A8FE14F02EFB20600BE010A3D3E915
:101B200000234046494614F0D1FA48B9DDED017A68
:101B3000C4ED007A0434AC42CAD103B0BDE8F08FE2
:101B400052465B464046494613F08EFEE2E700BF30
:101B5000182D4454FB211940182D4454FB210940F1
:101B6000182D4454FB2109C008B50346D0E90002F2
:101B7000D9680A44032A02D19B68032B05D0034B82
:101B8000034A04487C2118F0A5FA08BD9B00030015
:101B90003A0A0300F802030070B500260660D1ED92
:101BA000027A8AB00022F1EE677A0123CDE9072399
:101BB0000C4609930AA917EE903A054641F8243DD0
:101BC000069006A8FFF742FB211DFFF73FFB04F13B
:101BD0000801FFF73BFB0AA941F8206DFFF736FB30
:101BE000D4ED007AF1EE677A0AA917EE903A41F83F
:101BF0001C3DFFF72BFBD4ED017AF1EE677A17EE6F
:101C0000903A0AA941F8183DFFF720FB2146FFF75B
:101C10001DFB0AA941F8146DFFF718FB06A8FFF792
:101C2000A3FF28460AB070BD10B5D0E90034626841
:101C300094ED027A1B6889000A44D2ED006AC6EE70
:101C4000877A0B44C3ED007A10BD10B58AB00B68DB
:101C500003938B6804930AAB044643F8240D099060
:101C6000069306A802AB00210793CDF820D0FFF71A
:101C7000DBFF06A80121FFF7D7FF06A80221FFF727
:101C8000D3FF06A80321FFF7CFFF06A80421FFF723
:101C9000CBFF06A80521FFF7C7FF06A80621FFF71F
:101CA000C3FF06A80721FFF7BFFF06A80821FFF71B
:101CB000BBFF20460AB010BD43681B6889000B4477
:101CC0001A6803681B6819440A6070477FB506AB41
:101CD000CDE9042043F8140D009102A800210293DD
:101CE000CDF80CD0FFF7E8FF02A80121FFF7E4FFD1
:101CF00002A80221FFF7E0FF02A80321FFF7DCFFA3
:101D000002A80421FFF7D8FF02A80521FFF7D4FF9E
:101D100002A80621FFF7D0FF02A80721FFF7CCFF9A
:101D200008210DEB0100FFF7C7FF07B05DF804FBCA
:101D3000884213B5044602D001AAFFF7C7FF204628
:101D400002B010BD10B50468406824689FED0C7A9D
:101D5000D0ED026A02EB420391420B4402694FEA62
:101D600083031C44F7EE007A134418BFF0EE477A61
:101D700093ED007AE6EE877AC4ED007A10BD00BFDD
:101D800000000000002210B511460446FFF7DAFFFC
:101D9000204600220121FFF7D5FF20460022022124
:101DA000FFF7D0FF204601220021FFF7CBFF0122E1
:101DB00011462046FFF7C6FF204601220221FFF709
:101DC000C1FF204602220021FFF7BCFF204602226D
:101DD0000121FFF7B7FF022211462046FFF7B2FFAD
:101DE00010BD000010B501EB82040460C0E90212CE
:101DF00000240121022AC0E9044105D9034B044A09
:101E000004487A2118F066F910BD00BFC804030029
:101E1000360C03007304030010B502EB420401EB1F
:101E2000840481600021C0E90312022A4FF00301FB
:101E30000460416105D9034B034A04487A2118F034
:101E400049F910BDC8040300120D03007304030018
:101E50002DE9F04117460268D0F8048007EB4706E9
:101E600098B0731816680CA80A460CAC414606EBED
:101E70008306FFF7B7FF0FCC12AD0FC594E8030040
:101E80003A4685E80300D8F8241006A8FFF7C4FFF7
:101E9000129B029301A8069B0493FFF7ADFD86ED0C
:101EA000000A18B0BDE8F08110B5002204460121F7
:101EB000FFF7CEFF204600220221FFF7C9FF204690
:101EC00001220021FFF7C4FF012211462046FFF73F
:101ED000BFFF204601220221FFF7BAFF204602225F
:101EE0000021FFF7B5FF204602220121FFF7B0FFD6
:101EF000022211462046FFF7ABFF10BD2DE9F0414D
:101F000017460268D0F8048007EB470698B07318AC
:101F100016680CA80A460CACD8F8001006EB83062D
:101F2000FFF760FF0FCC12AD0FC594E803003A46EF
:101F300085E80300D8F8041006A8FFF76DFF129B90
:101F4000029301A8069B0493FFF756FD86ED000A55
:101F500018B0BDE8F08100B5D1E900238DB0CDE91E
:101F60000723CDE9092303230B930CAB002243F88D
:101F7000280D039307AB049301ABCDE9053011465F
:101F800003A8FFF7BBFF03A800220121FFF7B6FF5C
:101F900003A800220221FFF7B1FF03A801220021BC
:101FA000FFF7ACFF0122114603A8FFF7A7FF03A824
:101FB00001220221FFF7A2FF03A802220021FFF75E
:101FC0009DFF03A802220121FFF798FF022211467C
:101FD00003A8FFF793FF0DB05DF804FBF0B593B0D5
:101FE0000F4605AC054620461646FFF7B4FFBB6812
:101FF0001093CDE90E340323119312AB002243F862
:10200000485D114601A8CDE90134CDE90365FFF72C
:102010001FFF01A8FFF748FF13B0F0BD2DE9F04FF7
:102020002DED028BB5B09FED928A019310AB012587
:102030002B9300230DF1D00BCDE92C3518EE103A7F
:102040004BF8B03D8A46F7EE008A039059462BA81C
:1020500091460DF1D0082E95CDED108AFFF7F6F8D8
:1020600018EE103A48F8AC3D4146FFF7EFF834AFB0
:1020700018EE103A47F8A83D3946FFF7E7F804464E
:10208000DAF8000015F01CFA34AB43F8A40D204632
:1020900019460093FFF7DAF80646DAF8000080F0F8
:1020A000004015F0B3FA34AC44F8A00D3046214698
:1020B000FFF7CCF834AE18EE103A46F89C3D3146A6
:1020C000FFF7C4F80290DAF8000080F0004015F045
:1020D0009DFA34AA80F0004042F86C0D029B0492F5
:1020E00011461846FFF7B2F80290DAF8000015F032
:1020F000E7F90DF1D00A029B4AF8480D18465146FF
:10210000FFF7A4F82BA8FFF72FFDD9F8000015F072
:10211000D7F9049A2B920023CDE92C35059234ABE4
:1021200018EE102A43F8B42D199019462BA80493E1
:102130002E95FFF78BF80290D9F8000080F0004050
:1021400015F064FA80F00040089059460298FFF7B5
:102150007DF841468DED098AFFF778F83946CDEDD7
:102160000A8AFFF773F800998DED0B8AFFF76EF876
:102170000290D9F8000080F0004015F047FA21469F
:102180000C900298FFF762F831468DED0D8AFFF74B
:102190005DF80290D9F8000015F092F951462290AE
:1021A0000298FFF753F82BA8FFF7DEFC019BD3F84A
:1021B0000090484615F084F90023229089F00040F1
:1021C000CDE92C352E95CDF8ACA015F01FFA34A929
:1021D00041F8B80D2BA8FFF739F8049B8DED078A5D
:1021E0001946FFF733F8019B0546186880F0004058
:1021F00015F00CFA80F00040594608902846FFF789
:1022000025F8019B0546186815F05AF941460990D2
:102210002846FFF71BF839468DED0A8AFFF716F8B6
:1022200000998DED0B8AFFF711F821468DED0C8A90
:10223000FFF70CF83146CDED0D8AFFF707F82BA814
:10224000FFF792FC059A0F9210AB224631462BA85D
:102250000E93CDF834A0FFF7C1FE32462BA90398A8
:10226000FFF734FD35B0BDEC028BBDE8F08F00BF49
:10227000000000001FB50446096812681B68019140
:1022800001A802920393FFF717FC03AB02AA01A96E
:102290002046FFF7C3FE04B010BD4369D0ED017ABC
:1022A0001A44036902EB420219440A44C16801EB73
:1022B000820292ED007A67EE277A17EE900A704755
:1022C000F0B52DED028B022991B00C468768C668E7
:1022D00005D91C4B1C4A1D487A2117F0FBFE4169A9
:1022E0006846FFF799FDCDE90A640024009D089730
:1022F0002246214607A80C940E95FFF7CEFF2146F3
:1023000008EE100A012207A8FFF7C7FF022208EE15
:10231000900A214607A8FFF7C0FFD5ED027A07EE25
:10232000100A67EE277A95ED017AE8EE877A95ED47
:10233000007AE8EE077A17EE900A11B0BDEC028B36
:10234000F0BD00BFC80403009F0A0300730403002C
:1023500038B50568406802EB420463182C6804EB4A
:102360008304FFF7ADFFD4ED007A07EE100A77EE95
:10237000877AC4ED007A38BDD1ED027AD1ED016AD9
:1023800091ED007A67EEA77AF0B5E6EEA67A0446FC
:102390000D462DED028BE7EE077A9FB012AE17EED9
:1023A000900A15F0E3FB08EE100AB5EEC08AF1EED4
:1023B00010FA08D831462046FFF733FB20461FB0FD
:1023C000BDEC028BF0BD2946304609ADFFF7E4FBBA
:1023D00005A928468DED078A0596FFF736FC18EE0D
:1023E000100A15F013F9074618EE100A15F068F8F0
:1023F00014971EAF07EE900A47F8684D03ABB7EE8F
:10240000008A05A838EE678A169507930193CDE9EF
:1024100005760894FFF7B6FC019B1595CDE90447B6
:10242000CDE9073403221795CDE91B558DED148AAC
:102430008DED198A1D92069600252A46002105A8D1
:10244000FFF786FF2A46012105A8FFF781FF2A46EC
:10245000022105A80135FFF77BFF032DEDD1ADE784
:1024600030B597B004AD04462846FFF785FF02A9B2
:102470000DA8CDE90245FFF76EFD01AA0DA9204682
:10248000FFF724FC17B030BD00F1080373B50360FB
:10249000044608460D4619F073FE0F2805EB0006AA
:1024A000019007D9002201A9204612F011F8019BE2
:1024B0002060A36032462946206812F035F8019B5F
:1024C0002268636000212046D15402B070BD000034
:1024D00038B52DED048B08EE103A00F11C03436172
:1024E0000023044609EE101A00F1140583610377F6
:1024F00047490A9808EE902A12F078F8002859D136
:1025000019EE100A13F00EFB3BA3D3E9002313F0DE
:1025100061FB3BA3D3E9002313F086FC13F02AFEF2
:10252000206018EE900A13F0FDFA33A3D3E90023DC
:1025300013F050FB0022374B13F076FC13F01AFE19
:10254000606018EE100A13F0EDFA2BA3D3E9002314
:1025500013F040FB2CA3D3E9002313F065FC13F028
:1025600009FEA060089813F0DDFA23A3D3E9002345
:1025700013F030FB22A3D3E9002313F055FC13F032
:10258000F9FDE060099813F0CDFA1BA3D3E900230D
:1025900013F020FB1AA3D3E9002313F045FC13F03A
:1025A000E9FD20610A99284611F0CCFFBDEC048BAF
:1025B000204638BD18490A9812F018F80028F1D1C1
:1025C000DFED167A9DED087A27EE277A29EE279A15
:1025D00084ED037A9DED097A84ED009A68EEA78A6E
:1025E00028EE278A67EE277AC4ED018A84ED028AF5
:1025F000C4ED047AD6E700BF399D52A246DF913F71
:10260000000000000020AC4000000000005E0A4115
:10261000ED0D030000004E40F20D0300AE6A2437BA
:102620002DE9F043DFF83C908BB00546044600F1FD
:10263000840804AE002749463046FFF725FF0023F3
:102640001A4619462046029601970097FFF740FF69
:102650002C34304611F060FFA045ECD128460BB079
:10266000BDE8F083ED0D03000B6810B503604B6807
:1026700043608B688360CB68C3600B690361044669
:102680001431143011F05EFF204610BDF8B5044639
:1026900004F1840715460E46FFF7C2FF3846FFF7E0
:1026A000BFFF31462046FFF7DFFF314604F12C0023
:1026B000FFF7DAFF314604F15800FFF7D5FF29464E
:1026C0003846FFF7D1FF294604F1B000FFF7CCFFF1
:1026D000294604F1DC00FFF7C7FF2046F8BDCA68B1
:1026E00002608A6B42604A6E826070474A6802608C
:1026F0000A6B4260CA6D82607047D1F88420026024
:10270000D1F8B0204260D1F8DC2082607047D1F867
:1027100094200260D1F8C0204260D1F8EC208260A1
:102720007047D1F890200260D1F8BC204260D1F807
:10273000E82082607047F8B5074600F1140501F102
:10274000140401F1980654F8143C45F8143C54F86C
:10275000103C45F8103C54F80C3C45F80C3C54F83F
:10276000083C45F8083C54F8043C45F8043C214634
:1027700028462C3411F01CFFB44205F12C05E2D19F
:102780003846F8BD38B504460D46FFF7D4FF05F1CD
:10279000840104F18400FFF7CEFF204638BD00001D
:1027A00070B5EEB005462CAC042900F2E880DFE8F5
:1027B00001F05503377593007F492046FFF764FE0B
:1027C0007E497F4B01914FF07C520091029416A8F4
:1027D000FFF77EFE204611F09FFE7A492046FFF764
:1027E00053FE794B79497A4A0093029401914FF054
:1027F000824321A8FFF76CFE204611F08DFE21AA2E
:1028000016A92046FFF742FF21462846FFF7BAFFE8
:102810002046FEF7E3F826A811F07EFE1BA8A9E0EB
:1028200065492046FFF730FE6A496B4B6B4A0191C0
:10283000009302946A4B16A8FFF74AFE204611F057
:102840006BFE60492046FFF71FFE4FF0804365494D
:10285000009302940191624B634ACAE756492046AD
:10286000FFF712FE564B01935F4B604A0093002125
:102870005F4B029416A8FFF72BFE204611F04CFE8A
:1028800050492046FFF700FE5A4B01935A4A5B4BD2
:10289000009302944FF07E530021AAE74649204658
:1028A000FFF7F2FD524B0193524B554A0093002122
:1028B000544B029416A8FFF70BFE204611F02CFE95
:1028C00040492046FFF7E0FD4F4B01934F4B0093EB
:1028D00002944F4B4F4ADFE737492046FFF7D4FDBC
:1028E000434B0193434B464A00930021454B0294CE
:1028F0000BA8FFF7EDFD204611F00EFE31492046F2
:10290000FFF7C2FD404B0193404B424A0093002128
:102910003F4B029416A8FFF7DBFD204611F0FCFDAB
:1029200005AE16AA0BA92046FFF7B0FE2249304695
:10293000FFF7AAFD384B0193384B394A0093002129
:10294000384B029621A8FFF7C3FD304611F0E4FD95
:1029500021A942A8FFF788FE21462846FFF712FF6B
:1029600026A811F0D9FD2046FEF738F81BA811F073
:10297000D3FD10A811F0D0FD28466EB070BD002622
:102980000D492046FFF780FD3346274A0294314621
:102990000196009616A8FFF79BFD204611F0BCFD9E
:1029A00008492046FFF770FD204B009302940196E2
:1029B0003346324631461CE7ED0D030000007A43F2
:1029C00000003442F20D030000803B450000FA4451
:1029D00000005C4300004842000016435A64BB3EBE
:1029E0000000704100000C440000C8429A99193E52
:1029F0000000A04100009643000020420000FA437E
:102A0000CDCCCC3E0000E0400000AF4300007A4453
:102A10009A9959400000AA420000204014AEA341F8
:102A2000CDCC4C3DCDCC2C400B045C4000002F4461
:102A30004A780B7843EA02230380CA788B7843EA0A
:102A4000022343804A790B7943EA0223838070474B
:102A500082B00388ADF800304388ADF80230838837
:102A6000ADF8043091F8272091F824305B00E2B9EA
:102A700002AA134433F8083C038091F8253002AAD7
:102A800002EB430391F8282033F9083C9AB94380BC
:102A900091F8263002AA02EB430391F8292033F97A
:102AA000083C52B9838002B0704702AA134433F83D
:102AB000083C5B42E0E75B42E9E75B42F2E748B192
:102AC000836B3BB1C36B2BB1006CB0FA80F0400953
:102AD000404270474FF0FF3070472DE9F048044600
:102AE0000025231ADBB2994202D82846BDE8F088B7
:102AF00014F8013B012B0FD006D3022B11D0202B51
:102B000014D06FF00705ECE7D2E9006746F0010B3F
:102B1000BC46C2E900BCE4E7D2E9006746F0020B1C
:102B2000F6E7D2E9006746F0040BF1E7D2E9006767
:102B3000B34647F0010CECE710B588B104788C423D
:102B40003FBF0170197841F001011970017891427D
:102B500004D902701A7842F002021A70002001E0D3
:102B60004FF0FF3010BD2DE9F0418046A0B018466F
:102B70000D4616461C46FFF7A2FF50BB49B3637AC9
:102B80000BB948F08008E27A6368A76B3244694663
:102B90004046B84794F84730A072012B0CBF4FF461
:102BA000E1700220236C6168984794F90A0098B993
:102BB0002A46511B8BB29E4202D820B0BDE8F0815C
:102BC000E37A20AF3B440B4413F8803C02F8013B0E
:102BD000EFE74FF0FF30F0E76FF00100EDE70000A6
:102BE00007B5034601220DF107011B20FFF7BBFFCC
:102BF00048B99DF80730C3F38203013BDBB2022BD7
:102C00009CBF024AD05603B05DF804FBF70D0300E9
:102C100013B5002304460846ADF80430FFF74FFF14
:102C2000B8B90B46022201A94020FFF79CFF70B9FA
:102C30009DF80430DA09A270C3F3021203F00F0307
:102C400023709DF80530627003F00303E37002B057
:102C500010BD4FF0FF30FAE713B5002304460846D5
:102C6000ADF80430FFF72BFFE8B90B46022201A9AB
:102C70004220FFF778FFA0B99DF80430DA09A2706E
:102C8000C3F380126271C3F3011203F00F032370C8
:102C90009DF805306270C3F3C00203F00703E270D1
:102CA000237102B010BD4FF0FF30FAE7F8B50546CA
:102CB00018460E461C46FFF702FF20BB19B3637A85
:102CC0000BB905F07F056368E76B31462846B847C6
:102CD00094F84730A072012B0CBF4FF4E170022032
:102CE000236C616898477C2D06D1337813F001037B
:102CF00018BF012384F8473094F90A00002818BF50
:102D00006FF00100F8BD4FF0FF30FBE773B51546DB
:102D10001E460446A0B1C1F3430249098DF80420C0
:102D20008DF80510022201A95B20FFF7BFFF28B92B
:102D300033462A4621465E20FFF7B8FF02B070BD39
:102D40004FF0FF30FAE773B502AC002304F8013D01
:102D500006460D460B46012221465920FFF703FF88
:102D600060B99DF8070020F0010030438DF807009E
:102D70002B46012221465920FFF798FF02B070BD73
:102D8000F7B50D4605F10806044600213346012239
:102D90000230ADF80410FFF7CFFE002838D1A37839
:102DA000671C012B0CBF032207220146334638461D
:102DB000FFF7C2FE60BB0C2201212046FFF7BCFEDC
:102DC00030BB03220146A018FFF7B6FE00BB6378B4
:102DD000A2781B0103F0700343EAC213227802F0C9
:102DE0000F0213438DF80430E2789DF8053002F0AD
:102DF000030223F0030313438DF8053002222B4610
:102E000001A94020FFF752FF10B92846FFF7E8FE5E
:102E100003B0F0BD73B50D4605F108060446002168
:102E2000334601220230ADF80410FFF785FE00287A
:102E300057D101460322601CFFF77EFE002850D1C7
:102E400001460122601DFFF777FE002849D10D22BF
:102E500006212046FFF770FE002842D101460122DC
:102E6000E01CFFF769FE00283BD104220146A018B0
:102E7000FFF762FEA8BB9DF80430A27803F07F0341
:102E800043EAC2136279920102F0400223F0400348
:102E900013436278120102F0300223F0300313432F
:102EA000227823F00F0302F00F0213438DF8043051
:102EB000E378DB0003F008029DF8053003F0F0032F
:102EC0001343227902F0070213438DF805300222E2
:102ED0002B4601A94220FFF7E9FE10B92846FFF76B
:102EE0007FFE02B070BD37B50023054608460C468C
:102EF0008DF80730FFF7E3FDF0B90B4601220DF125
:102F000007017C20FFF72FFEB0B99DF8070005F000
:102F1000010520F0010028438DF807002346012217
:102F20000DF107017C20FFF7C1FE38B99DF807308D
:102F300003F0010384F8473003B030BD6FF00C009C
:102F4000FAE773B50023044608460D46ADF8043091
:102F50008DF80630FFF7B3FD00285ED1002C5CD061
:102F60002678731E022B5BD80B46032201A953203F
:102F7000FFF7F9FD00284ED106F0FD03012B1BD110
:102F8000A3785B0003F002029DF8043003F0F9031C
:102F90001343E278920002F0040213432279D20034
:102FA00002F0080203F0E70313436279120102F012
:102FB000100213438DF80430023E012E1BD8A37972
:102FC0005B0003F002029DF8053003F0F9031343A0
:102FD000E279920002F004021343227AD20002F056
:102FE000080203F0E7031343627A120102F01002B1
:102FF00013438DF805309DF80630627823F0010305
:1030000002F0010213438DF8063003222B4601A97A
:103010005320FFF74BFE02B070BD4FF0FF30FAE7D0
:103020006FF00B00F7E713B5002304460846ADF830
:103030000430FFF744FD80B97CB10B46022201A9A0
:103040001C20FFF790FD30B99DF805209DF8043055
:1030500043EA0223238002B010BD4FF0FF30FAE7AD
:103060002DE9F043174685B0044600220023384678
:10307000CDE90223FFF723FD002852D1002C50D0C8
:1030800002AA2046FFF729FD002847D104AE3B469F
:1030900006F8090D012231467D20DDE90289FFF79E
:1030A00062FD00283AD1002308F0010213431EBF3D
:1030B0009DF8073043F004038DF8073008F0020252
:1030C000002313431EBF9DF8073043F002038DF821
:1030D000073008F00402002313431EBF9DF8073099
:1030E00043F001038DF80730002209F00103134378
:1030F00018BF9DF8073008F0070418BF43F0080315
:1031000009F0010518BF8DF8073054EA050305D012
:103110003B46012231467D20FFF7C8FD05B0BDE8E2
:10312000F0834FF0FF30F9E72DE9F04188B00E460B
:1031300005460021142203A88DF8071018F048FC5A
:103140003046FFF7BCFC002840F09880002D00F0CE
:103150009580334601220DF107017D20FFF703FD25
:1031600000287DD19DF8074014F0010F14BF4FF0E7
:1031700008084FF0000814F0040718BF08F106070C
:1031800014F002041CBF08F10604E419B8F1000FA2
:1031900007D0002F75D0002C14BF14220E2204205B
:1031A00005E0002F72D0002C5DD106220C203346A2
:1031B00003A9FFF7D8FC002852D1ADF808008DF81C
:1031C0000A00B8F1000F0BD00DF10B0205F1170347
:1031D00005F11F0112F8010F03F8010F9942F9D10F
:1031E00047B103ABB91F19442846FFF721FC31460C
:1031F000FFF72EFC14B305F10C04B8F1000F4CD00E
:103200000DF11A012046FFF713FC298AB6F8442075
:10321000B5F90C3012FB01F24FF4007192FBF1F2A0
:1032200012B29B1AB3F5004F23DA13F5004F23DBDC
:103230001BB2AB8131462046FFF70AFC334603221E
:1032400002A91820FFF78FFC50B99DF809309DF8AE
:103250000A201B0243EA02439DF8082013432B6215
:1032600008B0BDE8F0810C221046A0E70DF1120174
:10327000C8E747F6FF73DCE70A4BDAE74FF0FF30A9
:10328000EEE7002C14BF1422082288E7002C0BBFA5
:10329000224606222046122089E7002FE6D103A904
:1032A000B0E700BF0080FFFF10B504460846FFF7F7
:1032B00006FC40B93CB10B46012221460320BDE883
:1032C0001040FFF750BC4FF0FF3010BDF7B502AC17
:1032D000002304F8013D06460F46154613462146D5
:1032E00001225820FFF73FFCB0B9032F19D8330152
:1032F000022FD8B29DF8073011D0032F0ED0012F26
:103300001ABF3043834333438DF8073001222B46E5
:1033100021465820FFF7CAFC03B0F0BD33430343F6
:10332000F2E76FF00B00F7E770B5054608460C466C
:10333000FFF7C5FB60B95DB10B6C0748496898475A
:103340002346294601222120BDE87040FFF70BBC2F
:103350004FF0FF3070BD00BFE0220200F7B5002340
:1033600004468DF80730FFF7AAFB00287DD1B4F89A
:103370004A60002E79D0E389DA0744BF03F1FF33B6
:10338000E381E389012B9CBF0223E38121460020D6
:10339000E789FFF7A8FD034660BB2146FFF7D3FC92
:1033A000034638BBB6FBF7F507FB156515F0FF05BF
:1033B00023D0751BADB20746BD4220D9D3B92069D1
:1033C000E289234639463844FFF7A0FCE2891744D6
:1033D0000346BFB2F0E72069E28923462946284424
:1033E000FFF794FCE28915440346ADB2AE420ED914
:1033F000002BF0D0184603B0F0BD0546F6E7002BD1
:10340000F8D10222E789E281AE4220D8E781002B81
:10341000F0D121460120FFF796FC03460028E9D1B0
:1034200021460120FFF75FFD03460028E2D1214637
:103430000DF10700FFF778FF03460028DAD19DF869
:10344000072012F0010F08BF6FF00803D2E7002B2E
:10345000DCD12069E289234629462844FFF756FC3F
:10346000E28915440346ADB2CEE74FF0FF33C1E722
:1034700037B5B6238DF80630002305468DF80730A2
:10348000FFF71DFB0446B8B901222B460DF10601DA
:103490007E20FFF70BFC2B6C696804464FF4FA6042
:1034A0009847012285F8472034B96B7A3BB128460A
:1034B000FFF754FF044660B1204603B030BD2046FC
:1034C0002B460DF10701FFF74EFB04460028F3D110
:1034D000EDE700220023C5E90C23EDE713B5002337
:1034E0008DF807300446FFF7EAFA034668B9637AB5
:1034F000012284F847205BB1234601220DF1070128
:103500000020FFF730FB034658B1184602B010BD4B
:1035100023460DF10701FFF726FB03460028F4D1EF
:10352000EAE79DF80720217891420BD110222273FF
:103530000122E275054A208562622046FFF798FF66
:103540000346E2E722706FF00203DEE700010200AB
:103550002DE9F74314468DF807008946002942D02B
:10356000002A40D0127DC3B29A423FD9234601229D
:103570000DF107012F20FFF799FB30BBE3890F2BDB
:103580002AD8DA0748BF03F1FF334FF0000648BFDF
:10359000E3813027B0461025E089AAB2824209EBC8
:1035A0000801234614D302463846FFF7DCFAA57B10
:1035B000A8442F445FFA88F8FFB22E44F6B2C6F151
:1035C0001005EDB208B9002DE6D103B0BDE8F083D7
:1035D0003846FFF7C8FAF0E7234610224946302064
:1035E000FFF7C1FAF1E74FF0FF30EEE76FF00900A7
:1035F000EBE77FB50E46044610220021684618F01E
:10360000E7F9B57D0023DAB2AA4202D36FF00700D2
:103610000FE003EB4302316A88188A5C092A03F140
:103620000103F0D18578407832466946FFF790FF74
:1036300008B104B070BD04AB1D4415F8103C03F094
:1036400001022270C3F340026270C3F38002C3F32D
:10365000C203A270E370ECE72DE9F043074687B0A0
:1036600010461646FFF72BFA044600286ED1002FAD
:103670006CD03D1D92F8478007EB01170437BD421F
:1036800003D1204607B0BDE8F08315F8043C032BB6
:1036900007D9B8F1010F04D131460020FFF723FC10
:1036A000044674BB15F8043C092B48D0292B0ED1D5
:1036B0001022214602A818F08BF9B6F848309B0674
:1036C00008D496F816C02346DAB294451BD86FF09A
:1036D0000704D6E7334601220DF107011E20FFF74C
:1036E00042FA08BB9DF8073013F0400F18BF803B2B
:1036F0002B80B8F1010F04D131464046FFF7F3FBB0
:1037000004461035BBE703EB4302316A88188A5C34
:10371000292A03F10103D7D190F80290407832466C
:1037200002A9FFF715FF08B10446AAE706AB9944C2
:1037300019F8102C02F07F0312F0400FD6E7314643
:103740002846FFF756FF0028D3D0EDE74FF0FF34AF
:1037500097E71FB5B0F848309B07044611D5FFF72F
:10376000AEF988B904A8292300F8103D22460121AA
:10377000FFF772FF18B9BDF80430A4F8443004B064
:1037800010BD6FF00700FAE74FF0FF30F7E7F0B534
:10379000577D0023DCB2A74201D800200DE003EBE7
:1037A0004305D6697419755D8D4203F10103F1D1AA
:1037B00023880380A37883700120F0BD2DE9F04FAA
:1037C000044687B010461546FFF779F9002840F007
:1037D0005681002C00F053814FF0340818FB01484B
:1037E00092F847A0DFF89CB2A61C08F102088146B7
:1037F00002AFB04505D1BAF1010F00F03A810024C3
:103800001AE0BAF1010F10D016F8023C092B00F2B1
:10381000EA80DFE813F015001B002000E800E80054
:10382000E800E800E800E800D90029460020FFF79A
:103830005AFB04460028E7D0204607B0BDE8F08FC9
:1038400029463046FFF79CFA0446A7E02946304651
:10385000FFF7E0FAF8E705F108030B220121701DDC
:10386000FFF76AF904460028E6D12B4601223946C3
:103870006B20FFF778F904460028DDD133789DF8F6
:1038800008205B0122F0200203F0200313438DF88F
:10389000083001222B4639466B20FFF707FA044611
:1038A0000028C9D1ADF808008DF804002B4602228B
:1038B00039464B20FFF757F904460028BCD19DF844
:1038C0000830F27903F0010343EA42038DF808302F
:1038D0009DF80930727803F07F0343EAC213B2788F
:1038E000920102F0400223F040031343F278920069
:1038F00002F00C0223F00C031343327923F003038C
:1039000002F0030213438DF809301524294601A85B
:10391000FFF7CAFC00284BD19DF804305B0747D461
:103920002B46394602224B20FFF7C0F92B6C696801
:1039300004464FF47A709847002C7FF47DAF73787B
:103940008BBBEC752B4606F1080101224D20FFF7D9
:10395000ADF92B6C696804464FF47A709847002CD7
:103960007FF46AAF2B46012239464420FFF7FBF86B
:10397000044698B97379B27903F00F0343EA02134E
:103980008DF8083039462B4601224420FFF78EF986
:103990002B6C696804464FF47A7098473436002CD3
:1039A0003FF427AF48E70123EB75F3782B76D9E78F
:1039B0002B6C696842F21070013C984714F0FF04C8
:1039C000A4D16FF00E0437E710220021384617F01B
:1039D000FFFF2A46092101A8ADF804908DF8069052
:1039E000FFF7D5FE10B96FF0070425E739469DF8BB
:1039F0000500FFF7ADFD04460028CFD19DF8063045
:103A0000B6F800C05A0810B2CCF30A0C37F8101000
:103A100001EA0B0141EA0C0127F81010501CB6F81E
:103A200002C037F81010CCF30A0C01EA0B0141EA8E
:103A30000C0127F81010901CB6F804C037F81010CD
:103A4000CCF30A0C01EA0B0141EA0C010332C3EB8F
:103A5000420327F8101003F0FF03E2B2934206D8A6
:103A60002B46102239463020FFF720F9ECE60134CE
:103A7000F3E729465046FFF736FA0446DCE64FF0F6
:103A8000FF34D9E600F8FFFF2DE9F041804686B00B
:103A900010461546FFF713F820B14FF0FF3006B07F
:103AA000BDE8F081B8F1000FF7D0342616FB01868F
:103AB00092F8477008F102040236B44203D1012F94
:103AC00073D00020EBE714F8023C032B0CD8022B38
:103AD00073D014F8023C092B6CD8DFE803F00E1603
:103AE000706B6B6B6B6B6B1B012FF2D12946002047
:103AF000FFF7F9F90028D2D1EBE729462046FFF776
:103B000087F8002800F0A680C9E729462046FFF77D
:103B1000A3F8F6E71022002102A817F059FF0023AE
:103B20002A46092101A8ADF804308DF80630FFF7C8
:103B30002EFE00283ED002A99DF80500FFF708FDE3
:103B40000028ACD19DF8063006A95A1C51FA82F221
:103B500012F8101C06AA1A4412F8102C42EA01228C
:103B6000C2F30A0206A92280DA1C51FA82F2991CD9
:103B700012F8100C06AA52FA81F111F8102C42EA40
:103B80000022C2F30A0206A962805A1D043351FAC8
:103B900082F251FA83F312F8102C13F8103C43EA26
:103BA0000223C3F30A03A38054E029463846FFF7F3
:103BB0009AF974E76FF0070071E7012F96D0284655
:103BC000FEF77DFF00287FF468AF2B46012202A993
:103BD0006B20FEF7C8FF00287FF461AF9DF8083026
:103BE000ADF80800C3F34013237002222B4602A94C
:103BF0004B20FEF7B8FF00287FF451AF9DF8083046
:103C00005B08E3719DF80930C3F38011DA09A170F4
:103C1000C3F3810103F003036270E17023714AB9B9
:103C20002B46012204F108014D20FEF79CFF0028DD
:103C30007FF435AF2B46012202A94420FEF793FF03
:103C400000287FF42CAF9DF808301A0903F00F0309
:103C5000A2716371343430E748B1836B3BB1C36BFD
:103C60002BB1006CB0FA80F04009404270474FF031
:103C7000FF30704710B50446FFF7EEFF034610BB58
:103C800024222270104AA264627A02B90123E372EC
:103C900023690BB90D4B23612046FFF71FFC90B938
:103CA0000B4BE3610B4B236241F20813A382072302
:103CB000A375094BE365082384F860302046BDE80E
:103CC0001040FFF746BD10BD03000020FA0D0300B1
:103CD000FA2D03002D2E03000402002058B1C36802
:103CE0004BB103693BB143692BB14068B0FA80F036
:103CF0004009404270474FF0FF30704710F5805F39
:103D000030B502D0D38C19B90BB9194830BD19465A
:103D10009B0393FBF1F1A1F5804109B201FB01F393
:103D2000802493FBF4F392F8244092F92550E401A7
:103D3000614305FB03114FF4007391FBF3F192F91A
:103D40001A3001F58011A03359434FF4805391FB91
:103D5000F3F14FF40053484390FBF3F092F918301D
:103D600000B200EBC300102390FBF3F000B2CDE7EC
:103D70000080FFFF10F5805F30B502D0D38C19B9F9
:103D80000BB9194830BD19469B0393FBF1F1A1F51E
:103D9000804109B201FB01F3802493FBF4F392F814
:103DA000244092F92550E401614305FB03114FF4CF
:103DB000007391FBF3F192F91B3001F58011A033F0
:103DC00059434FF4805391FBF3F14FF400534843B0
:103DD00090FBF3F092F9193000B200EBC30010230E
:103DE00090FBF3F000B2CDE70080FFFF10F5804FAD
:103DF00070B529D0B2F91E4034B3938B23B319B3F5
:103E0000D68C0EB3B2F922508E1B4900451B4B4392
:103E1000108C03F5004304EB234310FB06F004224F
:103E200090FBF2F0C0EBC53090FBF3F0074B9842EB
:103E3000B8BF184647F6FF739842A8BF184610232C
:103E400090FBF3F000B270BD0148FBE70180FFFF7B
:103E50000080FFFFF8B5074618461D46FFF73EFFF6
:103E6000044640B939B132B12E696B683846B04763
:103E700028722046F8BD4FF0FF34FAE7F8B5064641
:103E800018461C46FFF72AFF054660B959B163780A
:103E9000E768012B18BF46F0800663683046B847D4
:103EA00020722846F8BD4FF0FF35FAE773B502AC33
:103EB000002304F8013D06460D460B46012221462B
:103EC0004B20FFF7DBFF78B99DF8073023F00103A3
:103ED00033438DF8073001222B4621464B20FFF754
:103EE000B9FF08B985F82A6002B070BD38B504463C
:103EF000FFF7F4FE054660B994F82A304BB9214625
:103F00000120FFF7D3FF63696168054640F6B830CA
:103F10009847284638BD10B586B0044600230146B0
:103F200001208DF80330FFF7C1FF002857D16369E6
:103F3000616840F6B8309847234601220DF103012D
:103F40004020FFF79BFF002849D19DF80330322B1A
:103F500047D12370ADF80400CDE902000490ADF81C
:103F600014002346022201A95D20FFF787FFB0BBA2
:103F70002346042202A96220FFF780FF78BB234674
:103F80000A2203A96820FFF779FF40BB9DF804309F
:103F900023769DF8053063769DF80A30A3769DF868
:103FA0000B30E376BDF80E30A383BDF80C30E3830D
:103FB000BDF812302384BDF8083063849DF81530B5
:103FC00084F824309DF8143084F825309DF81130A1
:103FD0009DF810201B0203F4FE431343E38406B054
:103FE00010BD6FF00100FAE737B50B4604460D46E9
:103FF00001220DF107014C20FFF740FF80B99DF829
:104000000700640020F0060004F0060420438DF849
:1040100007002B4601220DF107014C20FFF71AFF84
:1040200003B030BD37B50B4605460C4601220DF1F5
:1040300007014C20FFF722FF88B92B789DF8072055
:10404000DB0022F0380203F0380313438DF8073009
:10405000012223460DF107014C20FFF7FBFE03B0C0
:1040600030BD73B5054602300E46FFF7DBFF98B949
:1040700002ACEB7804F8013D012233462146512081
:10408000FFF7E8FE40B92B798DF80730012233465F
:1040900021465220FFF7DEFE02B070BD10B5024689
:1040A00008460C46FFF71AFE034640BB5378042B24
:1040B00023D8DFE803F0030D22151D000846FFF7A3
:1040C00015FF0346D8B92146BDE81040FFF78CBF65
:1040D0000846FFF70BFF034688B921460120F3E7A6
:1040E0000846FFF703FF034648B921460320EBE7E4
:1040F0000020BDE81040FFF7D9BE6FF0020318465C
:1041000010BD08B502460846FFF7E8FD28BB537905
:10411000013B032B1FD8DFE803F0020C1218002329
:1041200093700123D37013711046BDE80840FFF768
:1041300098BF002393700423D3700723F3E705236C
:1041400093701723D3702923EDE70023937007237F
:10415000D3700D23E7E76FF0020008BD13B500230D
:104160000446CDE9003308220B464B206946FFF791
:1041700085FE80BB9DF8073023719DF80630E37003
:104180009DF8053023749DF80430E3739DF80330E7
:10419000C3F3C2022270DA09A271C3F38012E27182
:1041A000C3F380022272C3F3400203F00103A3723F
:1041B0009DF802306272DA09E272C3F38012227350
:1041C000C3F3C20203F00703A3739DF801306273C7
:1041D000C3F3C203A37002B010BD2DE9F74300235F
:1041E000CDE9003307460B460E46082269464220B9
:1041F000FFF744FE804690BB9DF802509DF90320D6
:104200009DF905909DF806409DF800309DF901004C
:10421000ED088DF8025045EA42159DF80420520839
:104220008DF8042042EAC9199DF80720A408DB088C
:104230008DF8064044EA821443EA40103246214693
:104240008DF80030FFF75AFD214638802846FFF7E9
:1042500091FD214678804846FFF7C8FDB88040466A
:1042600003B0BDE8F08313B50346044601220DF107
:1042700007014820FFF702FE80B9234601220DF115
:1042800006014A20FFF7FAFD40B99DF8073003F018
:1042900001029DF8063043EA0223238502B010BDD7
:1042A0002DE9F041804617461C460E4629B3531EA1
:1042B0001F2B22D82068257903682946DB6A984796
:1042C0002068036841461B689847206803685B6B59
:1042D000984790B9206803683A462946DB6B9847AF
:1042E0003546C7B2AB1B9BB29F420AD92068036810
:1042F0005B69984705F8010BF4E74FF0FF30BDE824
:10430000F0810020FBE713B5044600F138010DF100
:104310000600FEF788FEBDF80630B4F8CC0018435E
:1043200000F40040C3F30E03A4F8CC3002B010BD7B
:1043300013B5044600F138010DF10600FEF773FED7
:10434000BDF80630B4F8CC00184300F4804023F4E4
:104350008043A4F8CC3002B010BD00000000000083
:1043600000B58FB00EAB002203F8342D012100F10F
:1043700038021846FFF788FB9DF806300120984068
:1043800011F0BEFB04A3D3E9002311F023FC11F0CC
:10439000F1FE0FB05DF804FBF6285C8FC2F5D83F44
:1043A00010B58EB00EAB012403F8344D00F1380285
:1043B00021461846FFF768FB9DF8060004FA00F056
:1043C00011F09EFB04A3D3E9002311F003FC11F0CC
:1043D000D1FE0EB010BD00BFF6285C8FC2F5D83FED
:1043E00030B58BB00D4600F1380101A81446FEF738
:1043F0009BFEBDF91030DFED257A9FED256A07EEB3
:10440000103AB8EEC77ABDF91230C7EE276AB0FA93
:1044100080F0400907EE103AB8EEC77AC5ED006AA1
:10442000C7EE276ABDF9143007EE103AB8EEC77A26
:10443000C5ED016AC7EE276ABDF9043007EE103AF0
:10444000B8EEC77AC5ED026A27EE067ADFED116A8B
:10445000BDF9063027EE267A84ED007A07EE103A91
:10446000BDF9083007EE903AB8EEC77AF8EEE77A71
:1044700027EE067A67EE867A27EE267A67EEA67A28
:1044800084ED017AC4ED027A0BB030BD6F12834225
:1044900000000039CBA11C4110B50446A030FFF745
:1044A000E2FEB4F8C80000F4807010BD7FB500F1E2
:1044B000A00101A8FFF752FE9DF80620072A9BBF26
:1044C000034B03EB82030020186807B05DF804FB80
:1044D0005C2E030070B59EB04FF48073ADF80030D1
:1044E0004FF001130193002301264FF484728DF8DD
:1044F0001030022440F2011301A80D46ADF8086007
:10450000ADF81220ADF814308DF84460ADF84620B7
:10451000ADF848308DF84A40FEF713FD80B92A46C1
:1045200031460420FEF7D2FE50B92A46214604A89F
:10453000FFF744F920B92A4621466846FEF790FD68
:104540001EB070BD10B586B0002301A80C468DF8D2
:104550000530FFF7A3FD30B90323214601A88DF8EC
:104560000930FFF7CEFD06B010BD03F0A5B808B5C1
:1045700001210D2003F04CF900210D2003F08CF9EE
:10458000642003F097F801210D2003F085F96420E1
:1045900003F090F8F0E7F8B5074615461E460C46BE
:1045A000E9B1531E1F2B1AD8306831790368DB6AD2
:1045B00098473068036839461B6898472544306837
:1045C000A542036804D01B6814F8011B9847F6E75E
:1045D0005B6B9847003018BF01204042F8BD4FF098
:1045E000FF30FBE7036837B59B6905460C469847E3
:1045F00000B305F1A0016846FFF7EFFDBDF90030FB
:1046000007EE903ABDF90230F8EEE77AB0FA80F0A2
:10461000C4ED017A07EE903ABDF90430F8EEE77A7E
:104620005B42C4ED007A07EE903AF8EEE77A400973
:10463000C4ED027A03B030BD006870470022C2604A
:1046400070470C307047CB68C3600BB15B6818478C
:104650007047000030B5C46887B00D46002C00F0EC
:10466000968201F12203222B00F28282DFE813F00E
:10467000700260025002400230022002100200026A
:10468000F001E001D0019001800170016001500152
:1046900040013001200110010001F000E000D000D5
:1046A000C000B000A00090008000700060005000CA
:1046B000400023008F02BE4903A802F0EFFE0A2249
:1046C0004FF0FF31684602F008FF694603A802F088
:1046D00049FFB84902F052FF0146204602F082FD30
:1046E000684602F090FE03A802F08DFEFFF73FFF40
:1046F000AF4903A802F0D2FE0A226FF0010168461A
:1047000002F0EBFE694603A802F02CFFAA49E1E79C
:10471000A74903A802F0C2FE0A226FF00201684610
:1047200002F0DBFE694603A802F01CFFA349D1E7B3
:104730009F4903A802F0B2FE0A226FF00301684607
:1047400002F0CBFE694603A802F00CFF9C49C1E7CA
:10475000974903A802F0A2FE0A226FF004016846FE
:1047600002F0BBFE694603A802F0FCFE9549B1E7E2
:104770008F4903A802F092FE0A226FF005016846F5
:1047800002F0ABFE694603A802F0ECFE8E49A1E7F9
:10479000874903A802F082FE0A226FF006016846EC
:1047A00002F09BFE694603A802F0DCFE874991E710
:1047B0007F4903A802F072FE0A226FF007016846E3
:1047C00002F08BFE694603A802F0CCFE804981E727
:1047D000774903A802F062FE0A226FF008016846DA
:1047E00002F07BFE694603A802F0BCFE794971E73E
:1047F0006F4903A802F052FE0A226FF009016846D1
:1048000002F06BFE694603A802F0ACFE724961E754
:10481000674903A802F042FE0A226FF00A016846C7
:1048200002F05BFE694603A802F09CFE6B4951E76B
:104830005F4903A802F032FE0A226FF00B016846BE
:1048400002F04BFE694603A802F08CFE644941E782
:10485000574903A802F022FE0A226FF00C016846B5
:1048600002F03BFE694603A802F07CFE5D4931E799
:104870004F4903A802F012FE0A226FF00D016846AC
:1048800002F02BFE694603A802F06CFE564921E7B0
:10489000474903A802F002FE0A226FF00E016846A3
:1048A00002F01BFE694603A802F05CFE4F4911E7C7
:1048B0003F4903A802F0F2FD0A226FF00F0168469B
:1048C00002F00BFE694603A802F04CFE484901E7DE
:1048D000374903A802F0E2FD0A226FF01001684692
:1048E00002F0FBFD694603A802F03CFE4149F1E6F7
:1048F0002F4903A802F0D2FD0A226FF01101684689
:1049000002F0EBFD694603A802F02CFE3A49E1E60D
:10491000274903A802F0C2FD0A226FF0120168467F
:1049200002F0DBFD694603A802F01CFE3349D1E624
:104930001F4903A802F0B2FD0A226FF01301684676
:1049400002F0CBFD694603A802F00CFE2C49C1E63B
:10495000174903A802F0A2FD0A226FF0140168466D
:1049600002F0BBFD694603A802F0FCFD2549B1E653
:104970000F4903A802F092FD0A226FF01501684664
:1049800002F0ABFD694603A802F0ECFD1E49A1E66A
:10499000074903A802F082FD0A226FF0160168465B
:1049A00002F09BFD694603A802F0DCFD174991E681
:1049B0007C2E0300842E0300952E0300AF2E0300EF
:1049C000C42E0300D52E0300F52E0300142F030080
:1049D000392F03004C2F03006C2F03007E2F0300A0
:1049E000962F0300B02F0300D72F0300FB2F0300E7
:1049F0000E3003002330030037300300583003002B
:104A00006F3003008130030094300300A2300300B4
:104A1000604903A802F042FD0A226FF017016846C0
:104A200002F05BFD694603A802F09CFD5A4951E67D
:104A3000584903A802F032FD0A226FF018016846B7
:104A400002F04BFD694603A802F08CFD534941E694
:104A5000504903A802F022FD0A226FF019016846AE
:104A600002F03BFD694603A802F07CFD4C4931E6AB
:104A7000484903A802F012FD0A226FF01A016846A5
:104A800002F02BFD694603A802F06CFD454921E6C2
:104A9000404903A802F002FD0A226FF01B0168469C
:104AA00002F01BFD694603A802F05CFD3E4911E6D9
:104AB000384903A802F0F2FC0A226FF01C01684694
:104AC00002F00BFD694603A802F04CFD374901E6F0
:104AD000304903A802F0E2FC0A226FF01D0168468B
:104AE00002F0FBFC694603A802F03CFD3049F1E509
:104AF000284903A802F0D2FC0A226FF01E01684682
:104B000002F0EBFC694603A802F02CFD2949E1E51F
:104B1000204903A802F0C2FC0A226FF01F01684678
:104B200002F0DBFC694603A802F01CFD2249D1E536
:104B3000184903A802F0B2FC0A226FF0200168466F
:104B400002F0CBFC694603A802F00CFD1B49C1E54D
:104B5000104903A802F0A2FC0A226FF02101684666
:104B600002F0BBFC694603A802F0FCFC1449B1E565
:104B7000084903A802F092FC0A222946684602F07E
:104B8000ACFC694603A802F0EDFC0E49A2E507B0B3
:104B900030BD00BF7C2E0300C0300300E0300300B6
:104BA000ED300300FE3003000E3103002731030017
:104BB000423103005A310300723103008C3103008B
:104BC000AC310300C5310300F8B504468068304FAE
:104BD0000368DB690E46984704F128026823012127
:104BE000DFF8B4C0E2631E222A4884F8383084F823
:104BF0004110A4F846200025A26884F82C3084F8DF
:104C0000A110102304F13001012EC4F870C06767B1
:104C1000A067A564A26284F8A030C4E92BC7C4F8D9
:104C2000B400C4F8A410226384F8343015D004F121
:104C300038073846FFF71EF8014605462046FFF7BD
:104C400009FD236839465B6A2046984705436DB2E3
:104C500029462046FFF7FEFC9EB104F1A00630462F
:104C6000FFF759F9284341B22046FFF7F3FC2368C8
:104C700031461B6A20469847054601462046FFF705
:104C8000E9FCB5FA85F0400984F82000F8BD00BFC2
:104C9000974501006B450100A142010070B5044633
:104CA000006803680D46DB6A5C219847206803684A
:104CB00029461B6898472068036800211B6B9847AA
:104CC00068B9206803680122DB6B5C2198470128E2
:104CD00005D120680368BDE870405B6918474FF054
:104CE000FF3070BD10B5044600680368DB69984763
:104CF0000F212046FFF7D2FFB12814BF002001206A
:104D0000207110BD70B50446006803680E46DB6A6A
:104D10005C21154698472068036831461B68984710
:104D20002068036829461B689847206803685B6B06
:104D30009847B0FA80F0400970BD00002DE9F041BD
:104D4000057904460E461DB900252846BDE8F081C8
:104D500001221121FFF7D6FF11212046FFF79EFF08
:104D6000C307F1D428212046FFF798FF29210746E1
:104D70002046FFF793FF2A2180462046FFF78EFF4B
:104D8000000440EA0820384310F0BAFE0022034B2A
:104D900011F04AF811F0EEF93060D6E70000E44077
:104DA00010B500210446FFF749FC204610BD000065
:104DB00070B5094B03600025FF2304460371C560ED
:104DC00010300E46FFF7ECFF0B2384F8205065628D
:104DD000A6602371204670BD8032030008B5FBF742
:104DE000C5FA08BD10B5044B044640F8103BFBF76C
:104DF000BDFA204610BD00BF80320300884238B59E
:104E0000044606D00D46FBF7FAF929462046FFF77F
:104E10001AFC204638BD10B50446FFF714FC2046A6
:104E200010BD08B5FFF70DFC0068003018BF012069
:104E300008BD00001FB590F82030F3B100F1100458
:104E40002046FFF7EEFFC0B121466846FFF7E3FFBB
:104E500010210B4807F08CFB044658B16946FFF758
:104E6000DAFF0849204607F026FD22460649044895
:104E700007F03EFC6846FBF779FA04B010BD00BFAE
:104E800054120020DD4D0100D550010010B4D0E9CE
:104E9000003409686210E40701EB020048BF8A5839
:104EA0005DF8044B48BFD358184708B50146043095
:104EB000FFF7ECFF08BD0000034AC260034607C9C4
:104EC00083E80700704700BF502E030010B586B07E
:104ED00004460391684606A980E80C0001E90C002D
:104EE000204603A9FFF7E8FF204606B010BD37B5FE
:104EF0006C4684E80C0094E80C000546FFF7E6FFDA
:104F0000284603B030BD10B4D0E9003409686210FF
:104F1000E40701EB020048BF8A585DF8044B48BF24
:104F2000D358184708B501460430FFF7ECFF08BD19
:104F3000034AC260034607C983E80700704700BF01
:104F4000442E030010B586B004460391684606A9B6
:104F500080E80C0001E90C00204603A9FFF7E8FFF8
:104F6000204606B010BD37B56C4684E80C0094E8C6
:104F70000C000546FFF7E6FF284603B030BD0000F1
:104F80002DE9F04190F9043001338AB00646884695
:104F900069D0364C2378BFF35B8FDB0711D42046F2
:104FA00009F06EF868B1012296F90410304805F056
:104FB0005BF9204609F086F82E4A2F492C4809F063
:104FC0004CF82E4F3D78BFF35B8F15F0010524D1CF
:104FD000384609F055F800B3294C2A4B204640F8D2
:104FE000043BFFF7DDFE294604F1400009F08AFC8E
:104FF00004F1540009F024FC234B00934FF4407259
:1050000028212B46204609F0F7FC384609F05AF8CB
:10501000184A1E49204609F020F8414606F11000C2
:10502000FFF7ECFE00241A4B0293039402AB0CCB67
:10503000184906A8FFF75BFF06A9114809F044FDCF
:1050400006A8FBF793F9144BCDE9043404AB0CCB61
:10505000314606A8FFF787FF054806A905F040F985
:1050600006A8FBF783F90AB0BDE8F0814C120020D6
:10507000B012002000020020A5A201005012002062
:10508000DC120020DC4B0300DC31030079EA010074
:1050900039C4010054120020354E010010B50446F9
:1050A000FFF7BFFE28B940F202220649064808F081
:1050B000E3FBE068FFF7C0FA03462046BDE8104076
:1050C000184700BF613203006C32030008B5FFF7D8
:1050D000E5FF08BD08B5FFF7F9FF08BD08B5FFF704
:1050E000E4FE08BD08B5FFF7F9FF08BD08B5FFF7F6
:1050F00019FF08BD08B5FFF7F9FF08BD70B50E4CE4
:105100000E4E0F4D00224FF40271204607F098F921
:1051100020460C4C0C49324608F09FFF2146284699
:10512000FFF746FE32460949284608F096FF084B2D
:1051300000221C601A7170BD541200200002002071
:10514000A0130020AC1600206FC40100E54D010043
:105150009813002010B5C0E9001207318360C90818
:105160000023C360016110BD2DE9F04106680569A7
:10517000846806F1FF3C012303FA0CFCB340013BB9
:10518000A2EB050E8846083EA8EB010575450EDA30
:1051900018F8015BB5406C4008250CEA040703EAE7
:1051A00044040FB147687C40013DF6D1ECE700258F
:1051B0000369AB4209DDD61A013B5B1B4F19DB00CB
:1051C00024FA03F3BB550135F2E7BDE8F081002076
:1051D00070470368C9B21B68184749000023C161C2
:1051E000C0F82C327047036801211B6B184710B4BC
:1051F00003689C6B0123A4465DF8044B6047D0F81C
:105200002C32B3F5807F1FBF5A1CC0F82C22C01867
:1052100080F82C1114BF0120002070477047C0F89F
:1052200030127047C0F834127047D0F828312BB1D3
:10523000D0F82431184490F8200070474FF0FF3028
:10524000704738B503685B6A04469847A82009F0A0
:105250000FF994F9192094F91810054604F088FF05
:10526000656138BD38B5D0F82C3214461A44B2F511
:10527000807F88BFC3F58074054600F5967022468E
:10528000184416F0A7FAD5F82C322344C5F82C326E
:10529000204638BD38B5044640690D4608B104F0D3
:1052A00063FE206920B12946BDE8384004F0B6BF4E
:1052B00038BD10B5044608F08FFBD4F8284108F03B
:1052C000A1FB204610BD10B5044608F085FBD4F8BC
:1052D0002831BBB1D4F82831A3B1D4F82431234408
:1052E00093F82000D4F824310133DBB2C4F8243120
:1052F000D4F82831013BC4F82831044608F082FB79
:10530000204610BD4FF0FF34F8E710B50446406961
:1053100020B10368DB6898470023636123699BB170
:10532000D4F8380209F073FBD4F8380209F090FB86
:10533000D4F8380210B103685B68984748212069A7
:1053400009F0AEF80023236110BD1FB50246D0F866
:105350002C32D469406981F0010100913BB90123ED
:1053600003AA214604F031FEC0B204B010BD02F51C
:105370009672214604F00AFE002814BF0220002085
:10538000F3E770B5C2B0B2F5807F83F0010328BFA8
:105390004FF48072009302AE04461546134649004E
:1053A0003246406904F011FEC8B9A84218D0D4F8BA
:1053B0002831B3F5807F10D0D4F82031325C2344FB
:1053C00083F82020D4F820310133DBB2C4F8203137
:1053D000D4F828310133C4F828310130E5E700253D
:1053E000284642B070BD70B50446BCB000252069A7
:1053F00004F01DFF0328FAD8DFE800F0580218185F
:10540000D4F8343203B19847D4F82C32002BEED0C4
:1054100008F0E2FAD4F82C22206904F5967104F021
:105420000AFF08F0EFFAC4F82C52E0E708F0D4FACB
:10543000C4F82051F022C4F824516946C4F8285118
:10544000206904F0F6FE002282421DDAD4F82831E9
:10545000B3F5807F18D0D4F82831B3F5807F11D010
:10546000D4F820311DF80210234483F82010D4F81A
:1054700020310133DBB2C4F82031D4F828310133B4
:10548000C4F828310132DFE708F0BCFA236820466F
:105490001B6998470028AADDD4F83062002EA6D0F8
:1054A000236820461B699847B047A0E702F014F92B
:1054B0009DE7000038B500254FF47A730446C0E933
:1054C00001530D4B0360C0E904550176427629462D
:1054D0004FF48072203016F07BFAC4F82051C4F8E3
:1054E0002C52C4F82451C4F83052C4F82851C4F8DE
:1054F0003452204638BD00BFC832030010B4D0E992
:10550000003409686210E40701EB020048BF8A58C2
:105510005DF8044B48BFD358184708B5014604301E
:10552000FFF7ECFF08BD0000034AC260034607C94D
:1055300083E80700704700BFA832030010B586B0AB
:1055400004460391684606A980E80C0001E90C00B6
:10555000204603A9FFF7E8FF204606B010BD37B587
:105560006C4684E80C0094E80C000546FFF7E6FF63
:10557000284603B030BD000070B5036888B05B6A90
:1055800005460E469847482008F072FF95F9192005
:1055900095F91810044604F027FE71002C6120468E
:1055A00004F03EFEBC2008F063FF164B044640F8B2
:1055B000043BFFF7F5FB002104F1400009F0A2F9DC
:1055C00004F1540009F03CF90F4B009320460023EE
:1055D0004FF40062182109F00FFA0C4B02930023DC
:1055E000039302AB0CCB294604A8C5F83842FFF759
:1055F000B6FF04A9204609F067FA04A8FAF7B6FE38
:1056000008B070BDDC4B0300B4320300E753010067
:1056100008B5FFF782FF08BD08B5FFF7F9FF08BD21
:1056200010B5122002F00EF80446132002F00AF81A
:10563000214602460848FFF73DFF1E2002F002F80F
:1056400004461F2001F0FEFF21460246BDE810403F
:105650000248FFF72FBF00BF70140020AC160020D7
:1056600030B5A1F11004002500F00F02D3B2092AD1
:10567000CCBF373330338B73CD7302398C424FEA52
:105680001010F1D130BD22207047000030B501214B
:1056900085B0192002F0BCF80121192002F0FCF8B5
:1056A0004FF080430022C3F85C2503F588334FF4A4
:1056B0008032C3F848230121C3F80823212002F0D7
:1056C000A7F80121202002F0A3F80121212002F0F7
:1056D000E3F80A2001F0EEFF0121202002F0DCF8BF
:1056E000212001F0AFFF1F2886BF00F01F00154BDF
:1056F0004FF0A04300F5E07040F2033243F8202061
:10570000114B01221A60114A1368002BFCD0104B78
:105710000024C3F80045C3F800450E4B0FCB6D467F
:1057200085E80F00234620464FF0FF3155F823202F
:105730000133042BC2F80005C2F86015F6D105B09C
:1057400030BD00BF00030050042000404421004051
:10575000002000401833030038B54FF08055044650
:105760002146D5F8A800FFF77BFFD5F8A40004F187
:105770001001FFF775FF202038BD000072B64FF012
:105780008043B022C3F81C25BFF34F8F0549064B59
:10579000CA6802F4E0621343CB60BFF34F8F00BFCF
:1057A000FDE700BF00ED00E00400FA0570B590F8D9
:1057B000303105461446F3B90368DB69984704F4B1
:1057C0007063B3F5407F04F0F0030CBF072108219C
:1057D00004F00F02302B0CBF02230123012A08D052
:1057E000901E42424241A869BDE87040006804F042
:1057F000DCBE0222F7E770BD10B590F830310446E8
:105800002BB9A369186804F027FF0028F9D010BD50
:1058100038B590F830510446A5B983695BB1186872
:1058200048B10368DB689847A3691D600421A0693B
:1058300008F036FEA5610023C4F82431C4F82831ED
:10584000C4F82C3138BD13B590F8303104466BBB29
:10585000A369186804F0C0FE40B308F0BDF8A3695E
:105860001868036801225B690DF107019847D4F8B5
:105870002C31B3F5807F16D0D4F82C31B3F5807F6E
:1058800011D0D4F824319DF80720234483F8242034
:10589000D4F824310133DBB2C4F82431D4F82C31EC
:1058A0000133C4F82C3108F0ADF8D1E702B010BDD7
:1058B00008B590F830313BB1012001F0FBFE0648FD
:1058C000BDE8084001F0DBB982691AB11368003302
:1058D00018BF0123184608BDE420002070B5044617
:1058E0000D4601F0CCF930B12368294620461B6CE7
:1058F000BDE87040184770BDA0F5A070EEE700004D
:1059000013B590F830318DF8071004462BB1C9B2A9
:105910000B48FFF7E3FF02B010BDA369186804F05D
:105920009BFE0028F9D0A3691868036801221B694F
:105930000DF107019847013018BF0120EBE700BFC8
:10594000E42000202DE9F04107468846164601F084
:1059500096F970B10024A6420CD9351B402D28BF02
:10596000402508EB04012A46384600F0F1FE2C449D
:10597000F1E704462046BDE8F081A0F5A070E1E71C
:1059800070B590F8303105460E4614462BB11048DC
:10599000FFF7D8FF0446204670BDAB69186804F0D5
:1059A0005BFE0028F9D0AB691868D0F808310121F6
:1059B0001B6B00F584709847AB6918680368224632
:1059C0001B6931469847013008BF0024E3E700BF58
:1059D000E420002030B50446C3B001F03DF9D4F80E
:1059E0005832C3F5807398420546C4BFD4F8585264
:1059F000C5F580752A4601AB02A9204600F092FF4A
:105A0000019902AB6D1A00221D44D4F85832B3F547
:105A1000807F19D08A4217D0D4F85832B3F5807FEE
:105A200010D0D4F85032A85C234483F85001D4F845
:105A300050320133DBB2C4F85032D4F8583201335B
:105A4000C4F858320132E0E743B030BD38B50446FF
:105A500000F07EFB2046FFF7BDFFD4F858522046E9
:105A600000F07EFB284638BDA0F5A070EEE70000F0
:105A700010B590F8303104462BB10648FFF7E6FF29
:105A80000446204610BD07F0A7FFD4F82C4107F0CC
:105A9000B9FFF6E7E420002038B5044600F058FBD3
:105AA0002046FFF797FFD4F858324BB1D4F8543260
:105AB000234493F85051204600F052FB284638BD4D
:105AC0004FF0FF35F7E7A0F5A070E5E710B590F8C7
:105AD000303104462BB10B48FFF7DEFF0446204669
:105AE00010BD07F079FFD4F82C313BB1D4F8280170
:105AF000044494F8244007F085FFF0E74FF0FF34AA
:105B0000F9E700BFE420002038B5044600F020FB90
:105B10002046FFF75FFFD4F85832A3B1D4F85432CF
:105B2000234493F85051D4F854320133DBB2C4F813
:105B30005432D4F85832013BC4F85832204600F0B1
:105B40000FFB284638BD4FF0FF35F7E7A0F5A070F2
:105B5000DAE7000010B590F8303104462BB1114857
:105B6000FFF7D2FF0446204610BD07F035FFD4F8FA
:105B70002C319BB1D4F82831234493F82400D4F875
:105B800028310133DBB2C4F82831D4F82C31013B81
:105B9000C4F82C31044607F035FFE4E74FF0FF343A
:105BA000F9E700BFE420002008B54FF4807200211F
:105BB00015F00EFF0022C0F80021C0F80421C0F843
:105BC000082108BD10B4D0E9003409686210E40768
:105BD00001EB020048BF8A585DF8044B48BFD35818
:105BE000184708B501460430FFF7ECFF08BD000078
:105BF000034AC260034607C983E80700704700BF35
:105C00002833030010B586B004460391684606A900
:105C100080E80C0001E90C00204603A9FFF7E8FF2B
:105C2000204606B010BD37B56C4684E80C0094E8F9
:105C30000C000546FFF7E6FF284603B030BD000024
:105C400070B590F8303186B004460D46002B37D140
:105C5000866926B9042008F00BFCA0610660A369E0
:105C6000186878BB4FF4867008F002FC2B4694F954
:105C7000212094F92010064604F0FAFFA3691E6063
:105C800094F92220531C06D0A06994F923300068AF
:105C9000032104F0FDFFA3691D688DB10B4B009338
:105CA000002601966B460CCB214602A8FFF7BBFFEE
:105CB0002846324602A904F053FD02A8FAF756FB23
:105CC00006B070BD294604F05CFCD9E747580100D6
:105CD00008B5FFF786FF08BD08B5FFF7F9FF08BD57
:105CE0002DE9F047194C1A4F276000254FF47A78B8
:105CF000C4E90158202604F12400C4E90565E561E2
:105D00004FF00109FFF750FF284684F8309101F069
:105D100099FC8246484601F095FC0E4CFF2384F81E
:105D20002100C4E9015804F124002760C4E9056595
:105D3000E56184F820A084F8223084F82330FFF74E
:105D400033FF84F83051BDE8F08700BF1C1A0020F3
:105D50003C330300E818002000207047704770476C
:105D600010B5D0F88C452CB123682046DB6A9847E3
:105D7000A468F8E710BD38B5D0F88C450D4634B1AD
:105D800023682046DB6829469847A468F7E738BDB2
:105D900000487047FC33030010B5054B0360044610
:105DA00006F0C7F9204606F0D5FA204610BD00BF20
:105DB0007C33030010B50446FFF7EEFF20464FF496
:105DC000B26108F06DFB204610BDF7B5D0F88C45E8
:105DD00005460E460023A4B1236831461F690DF124
:105DE000030201AB2046B8479DF80310042903467F
:105DF00005D0019A284605F0ABFC03B0F0BDA468BD
:105E0000E9E7019A9DF80310F4E770B505460E46E0
:105E100022B10021BDE8704005F0A6BAD0F88C454B
:105E20005CB1236800225B6931462046984710B177
:105E300001212846EEE7A468F2E72146F9E770B5AC
:105E4000D0F88C450E46054600213CB1236831460A
:105E500020469B699847A4680146F6E72846BDE8B6
:105E6000704005F075BBF8B5D0F88C4505460E4678
:105E700017463CB123682046DB693A4631469847CD
:105E8000A468F6E728460121BDE8F84005F0BEBB4E
:105E900070B5002186B0044605F0A5FD0023ADF8DD
:105EA000063023898DF810301B0AA188E2888DF80E
:105EB00011304FF4897540F20123ADF80450ADF86C
:105EC0001230022540F20313EF268DF807508DF8AB
:105ED00009508DF80C100125090A8DF80E20ADF837
:105EE0001430120A04F10A038DF808608DF80A5084
:105EF0008DF80B008DF80D108DF80F2001AD05AE5B
:105F00001C462A4603CAB24218605960154603F17E
:105F10000803F6D112881A80204606B070BDF8B585
:105F2000002406460D462746304616F029F9A042C1
:105F300007D9335D05F8143005EB440301345F7075
:105F4000F2E7400000F0FE00F8BD38B5D0F88C55FF
:105F5000044635B12B6828465B6A984710B9AD688E
:105F6000F7E7284640F20233A4F8483504F24A51D4
:105F7000FFF7D5FF94F84835184484F8480504F530
:105F8000A96038BD40F2023310B500F20A51044650
:105F9000A0F808350548FFF7C2FF94F80835184403
:105FA00084F8080504F5A16010BD00BF6833030044
:105FB00040F2023310B50446A0F8C83400F2CA40DB
:105FC000FFF7CAFB94F8C834184484F8C80404F5F1
:105FD000996010BD2DE9FF4100238DF80A3090F83B
:105FE00088351B4A8DF80830012301928DF809305D
:105FF0003222C0238DF80B308DF80C2001AB044603
:1060000000F54E7803CBC4F83803C8F8041088F8BC
:106010000820D4F88C6509258EB1336800219B686F
:1060200030469847478805F54E73093F00F109014E
:106030003A46E01815F0CEFB3D44B668ECE784F82C
:106040003A5340462D1284F83B5304B0BDE8F0812A
:106050000902FFFF73B504460D46164608F086FF99
:106060004FF480730093014633462A46204606F0DB
:106070002DF9024B2360204602B070BD7C33030033
:1060800010B5D0F88C350446A3B9C0F88C1594F837
:1060900088350B7194F888354A79134484F888352B
:1060A0000B6808469B6A9847238918442081012081
:1060B00010BD13469A68002AFBD19960E7E71FB527
:1060C000044605F08BFC0146684604F0A9FE402119
:1060D000684604F017FFD4F88C4534B12368204695
:1060E0001B6A69469847A468F7E7684604F09FFE74
:1060F00004B010BD10B50446FFF7E1FF2046BDE82F
:10610000104005F052BC000010B50D4C2378BFF3D1
:106110005B8FDB0712D4204607F0B2FF70B148F264
:106120005A0242F241310748FFF794FF204607F038
:10613000C9FF054A0549034807F08FFF014810BD14
:10614000501B0020541B002000020020995D01001C
:1061500010B5FFF7D9FF0368BDE810405B6F184723
:1061600010B5FFF7D1FF0368BDE810409B6F1847DB
:1061700010B5FFF7C9FF0368BDE81040DB6F184793
:1061800004F0D2BF04F0E6BF04F0BEBF7047704712
:106190007047436A93F878007047D0F8240170473D
:1061A0000120704700487047643503002DE9F04F27
:1061B000044697B00F464B22002103A815F008FCB7
:1061C000D4F82431267994F80EA094F80C90002B82
:1061D00006F10105637B019314BF05200020EDB299
:1061E000002F40F0978040F20923ADF80C304FF4B7
:1061F0008173ADF8103080238DF8133032238DF881
:10620000143008238DF815300B2301218DF816303A
:106210008DF8250040F2022342F205404FF0240C95
:106220004FF0090E04274B22ADF818308DF82110DD
:1062300002238DF82410ADF826004FF01008052039
:106240008DF82A108DF82D108DF82F104FF0030BBC
:1062500006218DF80E208DF817608DF81A308DF814
:106260001DE08DF81F608DF822308DF823308DF8F9
:106270002B008DF82CC08DF831C08DF832308DF8A0
:1062800033108DF834008DF835C08DF81E708DF800
:1062900029808DF82EB08DF830708DF836100721DA
:1062A0008DF839108DF8491044F20201ADF84C1008
:1062B00040F20751ADF850101D349DF804108DF8D0
:1062C00037608DF838508DF83A008DF842508DF8CF
:1062D0004A008DF852108DF8533044F203064023E3
:1062E00040F6022503A920468DF83BA0ADF83C609E
:1062F0008DF83F808DF840E08DF84170ADF8445046
:106300008DF84B908DF8543015F064FA204617B094
:10631000BDE8F08F0020FAE738B505460A4B45F88E
:10632000D03B0446FFF7F0FE05F003FF284604F0DB
:1063300083FE04F17C0004F07FFE04F1700004F0A1
:106340007BFE204638BD00BF2435030010B504464F
:10635000FFF7E2FF20464FF4947108F0A1F82046C1
:1063600010BDFFF705BF000010B5034B03600446E6
:1063700004F01EFD204610BD4434030010B5044651
:10638000FFF7F2FF2046282108F08AF8204610BDCA
:1063900010B5034B0360044604F00AFD204610BD0F
:1063A0001434030010B50446FFF7F2FF20463421F1
:1063B00008F076F8204610BD10B5034B0360044684
:1063C00004F0F6FC204610BD2C34030010B5044642
:1063D000FFF7F2FF2046382108F062F8204610BD92
:1063E00038B51C4B0D461968C0F80F1099889B7979
:1063F00043750446A0F8131040220221284604F0F9
:1064000077FD402220730221284604F076FD4022C9
:1064100060730321284604F06BFDA073284604F046
:1064200007FD20B9AF220C490C4807F025FA0023DC
:1064300004F18502C4E9322304F1D90284F87830EA
:1064400084F8843084F8D830C4F81C21C4F8203192
:1064500038BD00BF60340300FF3403000A35030079
:106460002DE9F34104460E461546FFF781FEF288FA
:1064700023799A4237D1002D35D17778012F2ED14B
:10648000F378202B27D13289072A24D104F10F0871
:1064900004F116052946404615F06AF9D0B1D4F842
:1064A0001630C4F80F30207CE17B638BA4F81330E6
:1064B00001EB0021607CE57C237F009501EB00412E
:1064C0002568A07C637501EB0061237D627D6D6BA7
:1064D0002046A8473D46F378212B08BF01252846D2
:1064E00002B0BDE8F0810025F9E710B50446FFF7DA
:1064F0003FFEFFF709FE217B05F0B8FC04F18503A0
:10650000C4F8C8300023C4F8CC3084F8843004F1D7
:106510007C0004F046FD94F884302BB923682046B3
:10652000DB6BBDE81040184710BD000070B5044695
:10653000FFF71EFED4F820512DB140F2DD120F49B5
:106540000F4807F099F904F1D903C4F81C31FFF79B
:10655000DBFD617B05F0E8FB84F8D850C4F820012E
:1065600004F1D00004F01DFD94F8D8302BB9236855
:1065700020469B6BBDE87040184770BDFF34030098
:106580006C34030038B502234371002383600C4B45
:10659000044640F8703B154604F0F6FC04F17C001C
:1065A00004F0F2FC04F1D00004F0EEFCC4F8245135
:1065B000FFF7AAFD2146FFF763FD204638BD00BF67
:1065C0002435030070B504460D46FFF7D1FD84F86D
:1065D0007850002D3ED194F8843033B1FFF794FD0C
:1065E000217B05F01BFA84F8845004F1850304F143
:1065F0007C0600253046C4F8C830C4F8CC5004F0FE
:10660000D0FC304604F0C6FC28B9154915484FF4B3
:10661000A27207F031F994F8D83033B1FFF774FD66
:10662000217B05F0FBF984F8D85004F1D903C4F8B4
:106630001C3104F1D00500232846C4F8203104F0B1
:10664000B0FC284604F0A6FC20B94FF4A772044918
:106650000548DEE704F17000BDE8704004F0A1BC1D
:10666000FF3403007A3403008B34030010B5044672
:10667000FFF77EFD20460021BDE81040FFF7A2BFD6
:1066800038B50D460446FFF773FD042D05D02046AE
:106690000021BDE83840FFF795BF38BDF8B5164674
:1066A00004460D461F46FFF763FD04233370EA8856
:1066B00023799A4225D16978012922D1EA78212AC1
:1066C00008D0222A0BD0202A4FF000001BD13070B6
:1066D000163401E031700F343C600720F8BDAB8800
:1066E00013F0010308BF19462046FFF76BFFAB8884
:1066F00003F00103E366AB8803F00203A366022301
:1067000033700020EAE703233370E7E710B58AB05F
:106710000446FFF71DFD684604F03AFB0A4B009360
:10672000694604F17000099404F053FC2046FFF719
:1067300017FD064B00211A68684604F0EFFA684618
:10674000FFF712FE0AB010BD4434030068340300A2
:1067500070B58EB0154604460E46FFF7F9FC01A849
:1067600004F016FB0E4B0C9501A9002504F17C00EA
:106770000193CDE90A468DF8345004F02AFC2046F6
:10678000FFF7EEFC074B29461A6801A804F0C6FA89
:1067900001A89DF83440FFF7FBFD20460EB070BD08
:1067A000143403006834030010B50446FFF7E0FC1E
:1067B00094F884307BB9D4F8CC3063B1FFF7A4FCF3
:1067C000D4F8CC30217B04F1850205F0EDFA10B14C
:1067D000012384F8843010BD2DE9F8431E46044699
:1067E000894690469DF82070FFF7B2FC0023336085
:1067F00094F87830E3B194F88430CBB9D4F8CC5025
:10680000C5F14005454528BF4546B8F1000F05D004
:106810002A464946D4F8C80014F0DCFFD4F8CC303E
:106820002B44C4F8CC30356017B12046FFF7BCFFCD
:106830002046BDE8F843FFF793BCF0B50446406A34
:1068400090F8785085B001262DB984F8305035463F
:10685000284605B0F0BD04AB002743F8047DD4E919
:106860000A120096FFF7B8FF0399E36AA26A5B1A5F
:106870000A44E362A26213B984F83060E8E7606A10
:10688000FFF792FF3D46E3E72DE9F0431C4691B048
:10689000904606468946FFF75BFC002C08BF01AC1A
:1068A0004FF00005256002A80CBF0127002704F067
:1068B0006FFA104B029302A906F1D000CDE90D84C6
:1068C000CDE90B698DF83C708DF83D5004F081FBEB
:1068D0003046FFF745FC084B29461A6802A804F029
:1068E0001DFA02A89DF83D40FFF766FD204611B055
:1068F000BDE8F0832C3403006834030010B5D0F8F1
:10690000203104466BB990F8D83053B9FFF7FCFB3F
:10691000402304F1D902617B05F0A8F9012384F832
:10692000D83010BD70B51E4604460023336094F87D
:1069300078300846EBB194F8D830D3B9D4F8205168
:10694000D4F81C11954228BF15462A4614F042FF80
:106950003560D4F81C31D4F820212B44551BC4F8E1
:106960001C31C4F8205125B92046BDE87040FFF71E
:10697000C5BF70BD37B50446406A90F878502DB950
:1069800084F835500125284603B030BD02AB002203
:1069900043F8042DD4E90A12FFF7C4FF0199A26A53
:1069A0000A44A262226B13680B441360E36A0199E4
:1069B0005B1A94F83410E36209B9126802B91BB982
:1069C000012384F83530DEE7606AFFF797FF002582
:1069D000D9E710B50446FEF7E3F9204610BD10B420
:1069E000D0E9003409686210E40701EB020048BFF7
:1069F0008A585DF8044B48BFD358184708B501467C
:106A00000430FFF7ECFF08BD034AC260034607C924
:106A100083E80700704700BF5434030010B586B008
:106A200004460391684606A980E80C0001E90C00C1
:106A3000204603A9FFF7E8FF204606B010BD37B592
:106A40006C4684E80C0094E80C000546FFF7E6FF6E
:106A5000284603B030BD00002DE9F0418AB005465C
:106A6000FFF786FBFFF750FB06ACAF7B0646002125
:106A70002046FFF7AEFF39460323402200943046FC
:106A800005F0BAFB2046F9F771FCFFF73DFB002645
:106A90001D4B95F80C800293039602AB07460CCB76
:106AA00029462046FFF7CBFF4146022340220094AF
:106AB000384605F0A1FB2046F9F758FCFFF724FB08
:106AC000124B95F80D80CDE9043604AB07460CCB8C
:106AD00029462046FFF7B3FF414602234022009497
:106AE000384605F089FB2046F9F740FCFFF70CFB20
:106AF0004023D5F81C21697B05F0B8F8012085F802
:106B0000D8000AB0BDE8F081EB6401002D650100FA
:106B100008B5FFF773FF08BD08B5FFF7F9FF08BD1B
:106B20006FF01500704700290CBF6FF018000020AF
:106B30007047012070476FF0150070476FF0150027
:106B400070471120704770477047704703689B6C0F
:106B50001847A0F5A070F9E7704770477047704775
:106B600010B50446012000F0A5FD94F8780010BD92
:106B7000A0F5A070F4E7000038B54FF0FF32012314
:106B8000FF210B480B4D07F019FE00F075FD044680
:106B900095F878301BB1012000F08CFDF8E700F08B
:106BA0006BFD001BC728F6D9BDE83840FEF7E6BDEF
:106BB0009C230020E420002007B502AB012243F80B
:106BC000041D1946FFF7C4FD18B1019803B05DF824
:106BD00004FB4FF0FF30F9E7A0F59470FFF7ECBF2E
:106BE00007B502A9002301F8013D0122FFF74CFE81
:106BF00020B19DF8070003B05DF804FB4FF0FF30B3
:106C0000F9E7A0F59470FFF7EBBF2DE9F8430446D0
:106C1000884617461E46089DFFF7AAFAD4F87092D8
:106C2000B9F1000F04D02B46324639464046C847DA
:106C3000C4F86082C4F86472C4F86862C4F86C5224
:106C4000BDE8F883B0F5966F03D10121014807F044
:106C500097BD70479C23002038B50546FFF778FAAA
:106C600095F8D8304BB9D5F82041402C28BF4024A6
:106C70002846FFF775FA204638BD0024F8E790F85B
:106C800078007047F7B504461F4615460E4608F0D3
:106C90006DF9BDF824300193BDF8203000932A46E9
:106CA0003B4601462046FFF76DFC002104F5947039
:106CB00006F08CFA4FF47A73C4F84831194B23600C
:106CC00003F178020025C4F8282103F1D802E83343
:106CD000C4F84451C4F82C212946C4F840314FF47B
:106CE000807204F5A87014F073FE04F52D77C4F8D3
:106CF0005052C4F85452C4F8585204F51D75284631
:106D00001035FEF74DF8BD42F9D10023C4F8B43276
:106D1000C4F8703216B12046FFF7F8FC204603B0E5
:106D2000F0BD00BF98350300114B03F1780270B538
:106D30000360C0F8282103F1D802E8330446C0F804
:106D40002C21C0F8403100F51D7600F52D75AE42BE
:106D500004D0103D2846F9F709FBF8E704F59470D4
:106D600006F05EFA2046FFF7D7FA204670BD00BF56
:106D700098350300A0F59470FFF7D6BFA0F5967084
:106D8000FFF7D2BF10B50446FFF7CEFF20464FF401
:106D90002E7107F085FB204610BDA0F59670FFF719
:106DA000F1BFA0F59470FFF7EDBFF8B50646FFF709
:106DB000DFF906F51D740025D6F8B432AB420AD9C6
:106DC0002046FEF72EF82746103420B13846FEF74D
:106DD00065F90135F0E7F8BD10B4D0E90034096871
:106DE0006210E40701EB020048BF8A585DF8044BCB
:106DF00048BFD358184708B501460430FFF7ECFFE9
:106E000008BD0000034AC260034607C983E80700C3
:106E1000704700BF7C35030010B586B0044603916F
:106E2000684606A980E80C0001E90C00204603A989
:106E3000FFF7E8FF204606B010BD37B56C4684E882
:106E40000C0094E80C000546FFF7E6FF284603B067
:106E500030BD000030B5044689B0FFF779F92A4B00
:106E6000C4F870322046FFF77BF9284B02930023C9
:106E7000039302AB0CCB214604A8FFF7DEFF2046AC
:106E8000FFF766F9D4F8B402032809D8431C04EBD1
:106E90000010C4F8B43204A900F51D70FDF7AEFF70
:106EA0002046FFF75DF904A8F9F760FABC2007F067
:106EB000DFFA174B054640F8043BFDF771FF002150
:106EC00005F1400007F01EFD05F1540007F0B8FC85
:106ED000104B00934FF4807200232846182107F0CE
:106EE0008BFDC4F85C520C4904A8F9F751FA04A9C7
:106EF000284607F0E9FD04A8F9F738FA2046FEF71E
:106F000069FD09B030BD00BF456C0100D5590100D5
:106F1000DC4B030088350300796B0100A0F5A070FD
:106F2000FFF798BF08B5FFF766FF08BD08B5FFF784
:106F3000F9FF08BD37B50F4C0F4D204607F010FC88
:106F40002A460E49204607F088F80D4C42F21203FB
:106F50000122CDE90032002211464FF4F8532046B9
:106F6000FFF790FE07492A46204603B0BDE83040AF
:106F700007F073B89C2300200002002087E701007F
:106F8000E4200020296D010008B513F09BF82DE9DD
:106F9000F04F027D012A85B005460E4640F09080F4
:106FA00000214FF0FF3B04460B465F4694F804C0B7
:106FB00048B2BCF1000F75D194F805C0BCF1000FC8
:106FC00070D1B7F1FF3F1BBF01335BB201233846DD
:106FD000934201DD1A4683460131082904F1020477
:106FE0005ED1002402EB0B03A1460293CB4502DCE9
:106FF000029B4B4559DC95F8058095F804A04FEAB3
:1070000028170AF00F03FAB25FEA2A1A019208F071
:107010000F0870D05FFA8AF1BAF1090FD4BF30318E
:1070200057313046039300F0D3F8039B0444092BF7
:1070300094BF03F1300103F157013046039300F090
:10704000C7F80444BAF1000F02D1039B03B94FB152
:10705000092F019FD4BF30375737F9B2304600F0BF
:10706000B7F80444B8F1090F94BF08F1300108F1F2
:107070005701304600F0ACF8B9F1070F044404D0D2
:107080003A21304600F0A4F8044409F10109B9F1AD
:10709000080F05F10205A9D1204605B0BDE8F08F23
:1070A000074683E74FF0FF3096E7CB45EDD1BBF1C4
:1070B000000FE5D13A21304600F08AF80444DFE7BA
:1070C00000F1100700F11309002417F8011B0A2230
:1070D000304600F0C5F82E218046304600F078F8A2
:1070E000B94540440444F0D10A22E97C304600F01E
:1070F000B7F80444D0E7002B99D1A8E710B5054BA9
:1071000003600446017510220021043014F060FC75
:10711000204610BDB436030070B5074D056083747A
:1071200000259DF81030057545608560C5600174C7
:107130004274C37470BD00BFB436030007B50121AB
:107140000648FFF7DBFF002300931A461946044860
:10715000FFF7E2FF03B05DF804FB00BFB02300209F
:10716000C82300202DE9F04106460D4601EB020838
:107170000C464445A4EB050707D0336814F8011BFF
:107180001B68304698470028F3D13846BDE8F081A7
:1071900070B5044608460D4614F0F2FF2368024617
:1071A000294620465B68BDE87040184709B1FFF7E3
:1071B000EFBF0846704708B5FFF7F8FF08BD036842
:1071C0008A685B680968184708B5FFF7EFFF08BDD4
:1071D00003681B68184700000149FFF7D9BF00BFCB
:1071E0000D49030038B50546FFF7E9FF0446284678
:1071F000FFF7F2FF204438BD38B50546FFF7D6FF4C
:1072000004462846FFF7E8FF204438BD70B58AB031
:107210000D460AA9002301F8043D012A98BF0A225D
:10722000B5FBF2F402FB1456F3B2092E94BF3033CF
:107230003733DBB2254601F8013D002CF0D1FFF7D2
:10724000B5FF0AB070BD10B42AB903685DF8044BED
:107250001B68C9B21847D2B25DF8044BFFF7D6BF1E
:10726000FFF7F1BF38B50546FFF7EDFF04462846A6
:10727000FFF7B2FF204438BD2DE9F84F0A9E0746BC
:10728000002E10461946B8BF022614461D460EF0C1
:107290003BFF28B14C493846BDE8F84FFFF778BFAF
:1072A00025F000494FF0FF32484B204649460EF08A
:1072B0002BFF48B94FF0FF32444B204649460EF0B1
:1072C00005FF08B94249E6E74FF06042414B2046CE
:1072D00029460EF00FFF08B13F49DCE74FF060424E
:1072E0003E4B204629460EF0E7FE0028F4D100224E
:1072F0000023204629460EF0DFFED0B12D2138466E
:10730000FFF766FF05F1004382461D463449DFF86A
:10731000D8904FF0000B00204FF000085FFA8BF37D
:10732000B3420BF1010B06DA42464B460EF07CFDF0
:10733000F4E78246EAE702460B46204629460EF06D
:1073400093FA0D4604460EF0F5FE0A2201468046E9
:107350003846FFF75BFF82449EB340460EF0C0FB09
:1073600002460B46204629460EF07CFA04460D469E
:1073700038461C49DFF87090FFF70AFF4FF000080D
:10738000824416F1FF361CD34B464246204629461E
:107390000EF020FC0D4604460EF0CCFE0A220146FB
:1073A00083463846FFF732FF824458460EF098FB7A
:1073B00002460B46204629460EF054FA04460D4676
:1073C000DFE75046BDE8F88FB8360300FFFFEF7FD8
:1073D000BC360300FFFFEF41C0360300FFFFEFC1E3
:1073E0000000E03F990003000000244037B50699F3
:1073F00000910546FFF740FF04462846FFF7ECFEE4
:10740000204403B030BD10B50446006808B113F045
:1074100099FE204610BD10B50446006808B113F06F
:1074200091FE00232360C4E9013310BD38B5044642
:107430000D460068013114F02BFB10B1C4E90005C2
:10744000012038BD036810B5044623B143688B4260
:1074500001D3012010BD2046FFF7E8FF0028F9D036
:10746000A368002BF5D122681370F3E770B50E46C0
:10747000114604461546FFF7E5FF20B92046FFF701
:10748000CAFF204670BD2A463146A560206814F028
:10749000A1F92268A3680021D154F2E738B500238E
:1074A0000446C0E9003383600D4639B1084614F044
:1074B00067FE294602462046FFF7D8FF204638BD22
:1074C00038B5054608460C4614F05AFE21460246D9
:1074D0002846BDE83840FFF7C9BF10B504468AB05A
:1074E0000023C4E90033A360084601A900F08BF82B
:1074F000204601A9FFF7E4FF20460AB010BD2DE9A0
:10750000F04105461746884619B900263046BDE8C1
:10751000F0819AB1846814442146FFF793FF064630
:107520000028F2D0AB6828683A461844414614F067
:1075300051F92B68AC6000221A55E7E70126E5E710
:1075400038B5054608460C4614F01AFE2146024698
:107550002846BDE83840FFF7D2BF09B1FFF7F0BFBA
:107560000846704710B58A6809680446FFF7C7FFE8
:1075700010B92046FFF74FFF204610BD10B5044656
:1075800021B92046FFF747FF204610BDFFF7E5FF72
:107590000028F6D0F8E7F0B58BB041B3931E222B4C
:1075A0002FD80A2A06D1002804DA4442012601AB6A
:1075B0001D4610E004460026F9E7B4FBF2F002FB9A
:1075C0001047092F044603F10103F8B294BF30308D
:1075D000573003F8010C002CEFD1AB42EDD04EB187
:1075E0002D204A1C0870AB4206D8002313700846B1
:1075F0000BB0F0BD0A46F6E713F8010D02F8010BD7
:10760000F1E70021F3E7FFF7C6BF000010B500F077
:1076100055F8FEF73BF8FEF777FDFEF76BFD4FF4EC
:10762000E1310648064CFFF715FCF8F745FFF9F77E
:107630002DF9002CFBD0AFF30080F8E7E420002008
:107640000000000010B50446FEF71DF884423BBF61
:107650002401024B4FF0FF30185710BD14020020D8
:1076600010B5044603F0B1F9204610BD10B504462C
:1076700003F0ABF9204610BD07B50749684603F093
:10768000E1F94FF47A720023DDE900010EF0C2FD4A
:1076900003B05DF804FB00BFE023002007B50449F8
:1076A000684603F0CFF9009803B05DF804FB00BF13
:1076B000F823002007F056B907F028B808B50448A9
:1076C00003F08DF90348BDE8084003F088B900BF16
:1076D000F8230020E023002007F054B938B50A4C05
:1076E0000A4D204603F0EBF92046094C09492A4689
:1076F00006F0B3FC204603F0EDF92A462046064981
:10770000BDE8384006F0A9BCF823002000020020A4
:10771000E02300206D760100617601002DE9F04143
:107720002DED028B064608EE101AFDF7ACFF8642DF
:1077300033D2204B204D1A6801239340013B37017F
:1077400007EE903A05EB0708B8EEC88AF8EEE77A3C
:10775000D8F80840C8EE278A84B93046FFF772FF90
:1077600006462C2006F084FE3146044602F031FE27
:10777000C8F808400221204602F0F1FDF5EEC08A6B
:10778000F1EE10FA0DD5204602F047FE2C212046DE
:1077900006F086FEEB1900229A60BDEC028BBDE874
:1077A000F08118EE901ABDEC028B2046BDE8F04146
:1077B00002F0C7BD340400201402002008B590F97F
:1077C00000305A1C04D121220E490F4806F054F80B
:1077D000012259B11F2B86BF03F01F030B494FF045
:1077E000A04102FA03F3C1F8083508BD1F2B86BF7C
:1077F00003F01F0305494FF0A04102FA03F3C1F85B
:107800000C35F2E74B3703005937030000030050F3
:107810002DE9F84304460F46FDF735FF844236D282
:107820001C4D4FEA041805EB0802D06810B1012185
:1078300006F036FE2046FFF705FF8146012006F0E0
:1078400017FE002606704946044605F0BBF805EB16
:107850000803012FDC6010D006D3022F12D020467F
:1078600002F029FB012103E0204602F024FB31460F
:107870002046BDE8F84302F02BBB2046BDE8F843A4
:1078800002F00CBB204602F016FB0321F0E7BDE836
:10789000F88300BF14020020F7B506460F46FDF737
:1078A000F2FE86421BD20F4D05EB0615EC687CB943
:1078B0003046FFF7C7FE0646012006F0D9FD00233B
:1078C0000446037001220097314605F093F8EC60FE
:1078D0003946204603B0BDE8F040FFF76FBF03B064
:1078E000F0BD00BF140200201EF0040F0CBFEFF328
:1078F0000880EFF30980816911F8021C002932D158
:1079000001B590E80F10E047BDE800508CE8030097
:10791000244B93E80600914208BF70471A6041B9B2
:107920001EF0100F10D1204B186820F001001860D5
:107930000AE02CE9F00F1EF0100F08BF2CED108AA2
:1079400081F822E0C1F838C0906B92F8221061F003
:10795000FF0E1EF0100F08BFB0EC108AB0E8F00F59
:1079600080F309887047114A13689942FAD801B523
:1079700052F821C00FC8E047BDE80050CCF8000025
:10798000704701B501F04AFBBDE80140EFF3098CF7
:10799000BEE701B501F006FBBDE80140EFF3098C3D
:1079A000B6E700004C04002034EF00E03838030054
:1079B00008B5014630B96FF0030000F0EEF96FF042
:1079C000030008BD132001F0E3FE30B94FF0FF3093
:1079D00000F0E3F94FF0FF30F3E70020F1E700009B
:1079E00008B5EFF305832BB9EFF3108313B9EFF369
:1079F000118333B16FF0050000F0CFF96FF005008F
:107A000008BDDFF808C000DFFAE700BFB179010068
:107A1000EFF310832BB9EFF31180003818BF01206A
:107A2000704701207047000038B50546A0B1846852
:107A300002686CB114F0030302D1C1680F2926D883
:107A40006FF00801002002F0F1F80024204638BD54
:107A5000C368002BF4D11546104BD3F8900078B1D1
:107A600000F014FC0446A0B10123A3700023C4E974
:107A70000233F322094B2270094A65605A66E5E732
:107A8000D3F880000122102100F088FBEAE71546B8
:107A9000EBE76FF0040102F0C9F8D7E738040020E3
:107AA0000D7B0100930710B502F0010422D400F110
:107AB0000C0384B153E8000F00EA01028A4203D0AC
:107AC000BFF32F8F002005E020EA010243E80024E5
:107AD00004B1EFE710BD53E8000F084203D1BFF334
:107AE0002F8F002005E020EA010243E8002404B1C2
:107AF000F1E7EFE7C06801EA00031CB1994218BF43
:107B00000020E7E7002B08BF0020E3E7F8B5846812
:107B1000054604B9F8BD94F82320616AA768284691
:107B2000FFF7C0FF064638B1204601F0F0FB002207
:107B30003146204601F084FD3C46EAE7F8B50D46A3
:107B400017461E46044620B10378F32B01D10029C5
:107B500007DA20466FF0030102F068F86FF00300C7
:107B6000F8BDFFF79FFF0028FAD186B131464320C8
:107B700001F00EFE40B1074B5E692046314601F030
:107B8000ABFB756286F823706FF00100E8E76FF0D9
:107B90000200E5E73804002070B5054610B103780F
:107BA000F32B07D028466FF0030102F03FF86FF087
:107BB000030070BD836863B1284601F09FFB00227B
:107BC0006FF0020101F03CFDA8680028F4D101F03B
:107BD0001DFCAB78002613F001032E700FD0094B6B
:107BE000D3F89040294624B1204600F069FB304686
:107BF000DFE7D3F8800000F005FB2046D9E7184600
:107C0000D7E700BF380400202DE9F041064620B137
:107C10000378F32B01D1002909DA6FF00301304614
:107C200002F004F86FF003052846BDE8F08100F18A
:107C30000C0353E8002F42EA010543E8005000B16D
:107C4000F7E7B4681CB9204601F0E0FBECE794F8D4
:107C50002320616AD4F808803046FFF723FF0746E7
:107C600078B194F823309B0756BF656A054620EA31
:107C70000505204601F04BFB00223946204601F065
:107C8000DFFC4446DEE7000008B50246EFF305835B
:107C900033B100206FF0050101F0C8FF002008BDDE
:107CA000FFF7B6FE0028F4D1DFF808C0104600DF69
:107CB000F5E700BF297A010038B50246EFF30583E6
:107CC0004BB192B96FF00301104601F0AFFF6FF0B6
:107CD0000304204638BDFFF79BFE0028F1D1DFF8F2
:107CE00030C0104600DF0446F3E71378F32BE9D1E8
:107CF0000029E7DB02F10C0353E8000F40EA01041E
:107D000043E8004505B1F7E7104601F0CFF9E0E799
:107D1000097C010038B504461D46EFF3058343B1E5
:107D20008CB920466FF0030101F080FF6FF0030073
:107D300038BDFFF76DFE0028F2D1DFF828C02046DD
:107D40002B4600DFF4E72378F32BEAD1002DE8D1AE
:107D50000029E6DB2046FFF7A5FE002808BF6FF0EC
:107D60000200E5E73D7B010008B50246EFF305831D
:107D70003BB110466FF0050101F058FF6FF00500B0
:107D800008BDFFF745FE0028F3D1DFF808C0104614
:107D900000DFF5E7997B010070477047EFF3108330
:107DA0002BB9EFF31180003818BF01207047012074
:107DB00070470000064BDA6A3AB1D0695B6C1BB1C0
:107DC0001B69984228BF184670474FF0FF30F5E70F
:107DD00038040020014BD868704700BF38040020E9
:107DE00070B5464C237A012B00F0858033B14FF0FB
:107DF000FF3001F00FFF4FF0FF3070BD404DD5E96F
:107E00000B61EB68E3652B8AA4F854303046AB680D
:107E1000236400F0ABF908B1C4F88060D5E90561CE
:107E2000304600F0A3F908B9D4F880606667D5E958
:107E30000761304600F09AF908B9D4F88060A66767
:107E4000D5E90961304600F091F908B9D4F88060AD
:107E5000E6676E6B3EB1D6E902233168304600F02A
:107E6000F4F9C4F88460AE6B3EB1D6E90223316800
:107E7000304600F0EAF9C4F88860EE6B3EB1D6E90E
:107E800002233168304600F0E0F9C4F88C602E6CB3
:107E90003EB1D6E902233168304600F0D6F9C4F885
:107EA00090606E6C3EB1D6E902233168304600F036
:107EB000CCF9C4F89460AE6C3EB1D6E902233168C7
:107EC000304600F0C2F9C4F89860EE6C3EB1D6E9D5
:107ED00002233168304600F0B8F9C4F89C602D6D7B
:107EE0003DB1D5E902232968284600F0AEF9C4F86F
:107EF000A0500123237200207FE700BF3804002038
:107F0000C837030070B5254D2B7A012B07D06FF0D1
:107F1000060001F07FFE4FF0FF34204670BD01F0F7
:107F20006BFC10B94FF0FF30F3E71D4A1D4E1E49A0
:107F30007068FF2382F8223092F82230D26863F012
:107F4000FF03DB4314BFB3FA83F32023C3F1200301
:107F5000C2F30222934298BF531CFE2202FA03F39B
:107F60000F4ADBB2D37701F0B1FE04460028D9D125
:107F700001F000FF286101F0E9FE0C4801F0BEF9B4
:107F800001F03CFA3368DB074CBF0223032383F381
:107F90001488BFF36F8F02232B72BEE738040020D2
:107FA00000ED00E0C837030093790100540400207D
:107FB00010B50F4C237A022B13D101F0CFFE012311
:107FC0006372BFF34F8F0B4A5168C90042BF4FF035
:107FD00000615160A37204232372BDE81040FFF7D3
:107FE000E9BE6FF0070001F015FE002010BD00BFD4
:107FF0003804002000ED00E038B51E4C237A042B35
:10800000054635D1FFF7D6FEE26AA842034694BF83
:1080100000F1FF332B4612B1D069C01AD061626CF7
:1080200012B11069C01A1061E06803440544E360AE
:10803000E368AB4213D102230020237201F0E6F97A
:1080400000236372BFF34F8FA27A22B1A3720A4B4F
:108050004FF080525A60BDE8384001F077BE0133DE
:10806000E36001F091F9236D002BE1D09847DFE741
:1080700038BD00BF3804002000ED00E0704738B57F
:1080800004460D46FFF788FE29462046BDE83840E5
:1080900001F082BD08B5FFF7F1FFEFF3058333B1BF
:1080A0006FF0050001F0B6FD6FF0050008BDFFF7A9
:1080B00075FE0028F4D1DFF808C000DFF6E700BF46
:1080C000E17D010008B5EFF3058333B16FF00500E2
:1080D00001F0A0FD6FF0050008BDFFF75FFE00286E
:1080E000F4D1DFF808C000DFF6E700BF057F01002C
:1080F00008B5EFF305832BB16FF0050001F08AFDA1
:10810000002008BDFFF74AFE0028F5D1DFF804C0C3
:1081100000DFF6E7B17F010008B50246EFF3058303
:108120002BB1BDE808406FF0050001F073BDFFF70B
:1081300035FE0028F5D1DFF808C0104600DF08BD85
:10814000F97F010008B5EFF3058313B1054BD8683B
:1081500008BDFFF723FE0028F8D1DFF80CC000DFD0
:10816000F6E700BF38040020D57D010010B598B1B6
:1081700040EA010313F007030ED117290AD9016061
:10818000083910220C18846042600B5081684A60E4
:10819000C3600123184610BD0023FBE7F0B578B398
:1081A00099B132F003032BD10F3121F0070700F111
:1081B00008052B462D685C68E91A24F00304091BA6
:1081C0008F4204D929680029F3D10846F0BD4668DA
:1081D00004683E4446602044083841688E4288BFA7
:1081E000466058683A4318B95A6003F10801ECE751
:1081F00020F0030019181D504A6019600831E4E7A7
:108200000021E2E730B590B1D9B1A1F1080500F144
:1082100008040022AC420BD151F8043C23F00304C3
:1082200043681B1B436042B941F8042C012030BD58
:10823000236822463BB11C46ECE751F8083C13602A
:10824000F4E70846F3E71846F1E730B5C0B189B165
:10825000C2B1CBB10024C0E9014202FB01F41D19F7
:108260000160C360436105611846013904D1A21A57
:1082700099500121084630BD851805602846F4E76D
:108280000146F7E71146F5E71946F3E710B503464F
:10829000A8B100F1140252E8000F10B9BFF32F8FFC
:1082A00004E0016842E8001404B1F4E738B1043393
:1082B00053E8002F511C43E8001404B1F8E710BD47
:1082C00030B5F0B1C3688B421BD803698B4218D913
:1082D00000F114031A680A60BFF35F8F53E8002FA0
:1082E0000C689442F6D143E8001505B1F2E704307A
:1082F00050E8003F5A1E40E8002101B1F8E7002095
:1083000030BD6FF00300FBE7EFF310832BB9EFF301
:108310001180003818BF0120704701207047036B9F
:1083200030B5E3B1CD780024DA78AA420FD31A46EB
:10833000C1E901248AB19160A4B16160283050E89C
:10834000003F5A1C40E8002101B1F8E730BD5A68EF
:108350001C46002AECD01346E6E7C162ECE7C1E90F
:108360000133C1620163E9E7D1E9013223B19A60C7
:108370008A681AB153607047C262F9E703637047B5
:10838000F8B5877804468FB3C568014600272846AC
:1083900005F10C06FFF7E8FF27703046FFF790FF66
:1083A000AB68002B48D03046FFF770FF044600282A
:1083B00042D0284600F0A2FF3A460646394601F070
:1083C0003FF9304601F010F86A6A8168064604F108
:1083D0000C0013F0FFF9F9232370A770F368E37022
:1083E00021462846BDE8F840FFF799BF8568AB688D
:1083F000002BF5D05B78832BF2D1284600F07EFF6E
:108400003A460646394601F01BF9304600F0ECFFCB
:1084100006466A6A806804F10C0113F0DBF9F36820
:108420000BB1E2781A7000232370214605F10C008D
:10843000BDE8F840FFF744BFF8BD00002DE9F0416A
:108440000C4617469846054618B10378FA2B00D11A
:1084500041B928466FF0030101F0FEFB6FF0030005
:10846000BDE8F0818368C3B15B78832B15D100F040
:1084700045FF01220646002101F0E2F8304600F0F7
:10848000B3FF06466A6A8068214613F0A3F9F068D4
:108490000028E5D007700020E2E705F10C00FFF7A7
:1084A000F5FE064670B121466A6A0C3013F092F967
:1084B0000024F9233370B470F77031462846FFF773
:1084C0002EFFE8E7B8F1000F10D04146932001F0ED
:1084D0005FF940B1074B2846596900F0FDFEEFF304
:1084E0000983C3E902476FF00100B9E76FF00200AA
:1084F000B6E700BF380400202DE9F84F884607464C
:1085000038B131B1B0FA80F3B1FA81F10B441F2BCD
:1085100006DC6FF00301002001F09EFB002470E0F8
:1085200008F1030626F003060C3606FB00F9F2B14B
:1085300094683CB1A30702D1D368332B05D86FF000
:108540000801E8E7D368002BF9D1D2E90453D2F847
:1085500000A03DB115F0030B01D1994554D96FF03E
:108560000901D8E7002BFAD11CB19B460CE09246DA
:108570001546274BD3F8A000D8B1FFF787FE044675
:10858000A0B14FF0010B35BB214B0022D86F4946FB
:10859000FFF704FE0546C0B9BBF1000F06D01C4B27
:1085A000D3F8A000214658B1FFF78AFE6FF004010E
:1085B000B1E7D3F8800001223421FFF7EFFDDEE7B9
:1085C000D3F88000FFF71EFEF0E74A46002113F0C3
:1085D000FFF94BF0020BFA2323700023C4E909834F
:1085E000C4E90B33A36032462B4684F802B0C4F8CA
:1085F00004A0394604F10C00FFF727FE044B054A9E
:108600001A672046BDE8F88F002CE4D1B1E700BF1F
:10861000380400208183010010B500F1280353E8DD
:10862000002F12B9BFF32F8F04E0511E43E800144E
:1086300004B1F4E70AB9002010BDC06A0123002884
:10864000F9D0821CD2E84F1FC2E8443F04B1F9E7D9
:1086500011F0FF0FF0D08068F1E700002DE9F04144
:108660000F4615469846044618B10378FA2B00D1F8
:1086700041B920466FF0030101F0EEFA6FF00300FC
:10868000BDE8F081FFF7C8FF064600283AD0014652
:108690002046FFF769FE626A06F10C01384613F0C6
:1086A00099F80DB1F3782B70002504F10C073570A3
:1086B00031463846FFF704FEA3680BB90020DFE718
:1086C0003846FFF7E3FD06460028F7D0204600F0C5
:1086D00015FE29460746012200F0B2FF384600F099
:1086E00083FE626A8168074606F10C0013F072F897
:1086F000F9233370B570FB68F37031462046FFF7FD
:108700000EFEDBE7B8F1000F10D04146832001F0E8
:108710003FF840B1074B2046596900F0DDFDEFF30B
:108720000983C3E902756FF00100A9E76FF0020049
:10873000A6E700BF3804002008B5064B08219A6E52
:10874000D86EFFF7D9FE044BD864B0FA80F0400928
:10875000404208BDC8370300380400202DE9F0412D
:1087600006460F4690461C46EFF305834BB196B97B
:1087700030466FF0030101F06FFA6FF00300BDE8BF
:10878000F081FFF7C1FD0028F1D1DFF84CC0304681
:10879000234600DFF3E73378FA2BE9D1002FE7D047
:1087A000002CE5D106F10C00FFF770FD054680B105
:1087B000726A39460C3013F00DF8F9232846C5E9E2
:1087C00001762B70AC7085F8038000F06FFC2046BA
:1087D000D5E76FF00200D2E73D840100F8B504460A
:1087E0000F4616461D46EFF3058343B18CB920466C
:1087F0006FF0030101F030FA6FF00300F8BDFFF7EE
:1088000083FD0028F2D1DFF848C020462B4600DF68
:10881000F4E72378FA2BEAD1002FE8D0002DE6D137
:108820002046FFF7F9FE054670B100F10C01626ABF
:10883000384612F0CFFF0EB1EB7833702846EC606B
:1088400000F034FC0020D9E76FF00200D6E700BF4B
:108850005D860100EFF310832BB9EFF31180003830
:1088600018BF0120704701207047000070B5A8B301
:108870008468D0E900566CB114F0030302D1C268D9
:108880001B2A1AD86FF00801002001F0D5F9002446
:10889000204670BDC368002BF4D1124BD3F894006E
:1088A00030B9D3F8800001221C21FFF777FC01E0EA
:1088B000FFF7ECFC044660B10123F522A37000230E
:1088C000C4E90233C4E904332270E670656023769C
:1088D000DEE76FF0040101F0AFF9D9E7054606467F
:1088E000DBE700BF38040020284B70B55D69044603
:1088F0000E4635B96FF0070101F09EF94FF0FF30D9
:1089000070BD10B10378F52B07D020466FF003013E
:1089100001F092F96FF00300F2E7037E53B9C0E96A
:108920000353EB6A436103B11861EC6201232376C0
:108930000020E5E7C278D1070DD5C168A9420AD168
:10894000FF2B06D16FF00F0101F076F96FF00200F6
:10895000D6E70133EBE7002EF8D093070AD5E0689D
:1089600095F9203090F920209A4203DA80F82030DF
:1089700000F0D6FC3146532000F00AFF18B129461A
:10898000204600F0A9FC6FF00100B9E73804002090
:108990002E4B5A6970B5044632B96FF0070101F0E9
:1089A0004BF94FF0FF3070BD10B10378F52B07D0B5
:1089B00020466FF0030101F03FF96FF00300F2E78A
:1089C000037E33B96FF00E0101F036F96FF002004B
:1089D000E9E7C168914202D06FF00D01F4E7013B75
:1089E000DBB2037613BB43690BB1016919612169DD
:1089F000F1B14B6192F92130D56ADDB982F82030AE
:108A0000A36883B1204600F079FC06462A46294631
:108A100000F016FEF36A6361C4E9036503B11C61EB
:108A20000123F4622376002000F0F0FC0020BAE776
:108A3000D362DFE7E978890706D5A96821B191F902
:108A400020108B42B8BF0B466D69D6E73804002072
:108A500070B5044610B10378F52B07D020466FF0AF
:108A6000030101F0E9F86FF0030070BD037EBBB1B4
:108A70006369C0680BB122691A61226902B353614C
:108A800090F92120C36AEBB990F92030934203D0CA
:108A900080F8202000F044FCA068F8B900F0B6FC93
:108AA000A078002610F001002670DED0134BD3F81A
:108AB00094502146DDB12846FFF702FC3046D4E74A
:108AC000C362DDE7D978890706D5996821B191F9A4
:108AD00020108A42B8BF0A465B69D4E7204600F0FE
:108AE0000DFC00226FF0020100F0AAFDD4E7D3F8DC
:108AF0008000FFF787FB2846B7E700BF3804002057
:108B00002DE9F0410446002601270CB9BDE8F081AB
:108B1000E378D4F814801B0712D5A36826767BB1BE
:108B2000204600F0EBFB00220546114600F088FDD0
:108B3000EB6A6361C4E9035603B11C61EC622776FA
:108B40004446E2E710B4C3789B071DD5C06890F98E
:108B50002120C36ADC78A40709D59C688C4208BF31
:108B60008C6824B194F92040A242B8BF22465B69C8
:108B7000002BEFD190F92030934205D080F82020CF
:108B80005DF8044B00F0CCBB5DF8044B704700006F
:108B900008B50246EFF3058333B100206FF00501FD
:108BA00001F04AF8002008BDFFF754FE0028F4D178
:108BB000DFF808C0104600DFF5E700BF6D88010050
:108BC00008B50246EFF305833BB110466FF005018F
:108BD00001F032F86FF0050008BDFFF73BFE0028FA
:108BE000F3D1DFF808C0104600DFF5E7E98801009F
:108BF00008B50246EFF305833BB110466FF005015F
:108C000001F01AF86FF0050008BDFFF723FE0028F9
:108C1000F3D1DFF808C0104600DFF5E791890100C5
:108C200008B50246EFF305833BB110466FF005012E
:108C300001F002F86FF0050008BDFFF70BFE0028F9
:108C4000F3D1DFF808C0104600DFF5E7518A0100D4
:108C5000EFF310832BB9EFF31180003818BF012018
:108C60007047012070470C30D0E85F3F13B9BFF365
:108C70002F8F04E05A1EC0E8512F01B1F4E798B2DB
:108C8000003818BF0120704730B500F10C02C189CF
:108C9000D2E85F3F994202D8BFF32F8F04E05C1CFB
:108CA000C2E8554F05B1F3E7C0899BB2984294BF23
:108CB0000020012030BD0000F8B515464FF6FE73C8
:108CC000421E9A4206460F4601D8884207D26FF0EC
:108CD0000301002000F0B6FF00242046F8BD7DB15E
:108CE000AC682A6844B114F0030302D1E9680F2983
:108CF00022D86FF00801ECE7EB68002BF9D115469C
:108D0000114BD3F8980080B1FFF7C0FA0446A8B120
:108D10000123A3700023F622A3600B4B22700B4AA1
:108D20006560A781E6819A66D7E7D3F880000122C3
:108D30001021FFF733FAE9E71546EAE76FF004017F
:108D400000F080FFC9E700BF38040020518D01000A
:108D5000836810B504465BB1FFF785FF40B120463C
:108D600000F0CCFA0022BDE81040114600F068BCCB
:108D700010BD38B5054610B10378F62B07D028464C
:108D80006FF0030100F05EFF6FF0030038BD8468F0
:108D90003CB100F0B3FA0122002100F051FC0020A8
:108DA000F4E7FFF771FF38B928466FF0100100F0C3
:108DB00049FF6FF00200E9E72046E7E738B50D46C6
:108DC000044610B10378F62B07D020466FF003015C
:108DD00000F038FF6FF0030038BDFFF744FF68B9BB
:108DE00075B12946632000F0D3FC20B1064B204624
:108DF000596900F071FA6FF00100EDE70020EBE730
:108E00006FF00200E8E700BF3804002070B50546A7
:108E100010B10378F62B07D028466FF0030100F05D
:108E200011FF6FF0030070BD836863B1284600F046
:108E300065FA00226FF0020100F002FCA868002829
:108E4000F4D100F0E3FAAB78002613F001032E70A2
:108E50000FD0094BD3F89840294624B12046FFF79C
:108E60002FFA3046DFE7D3F88000FFF7CBF9204632
:108E7000D9E71846D7E700BF3804002010B50446EC
:108E8000EFF3058333B100206FF0050100F0DAFE47
:108E9000002010BDFFF7DCFE0028F4D1DFF808C089
:108EA000204600DFF5E700BFB98C010008B5024697
:108EB000EFF3058343B182B910466FF0030100F070
:108EC000C1FE6FF0030008BDFFF7C2FE0028F2D11B
:108ED000DFF824C0104600DFF5E71378F62BEBD15E
:108EE0000029E9D11046FFF7BEFE002814BF00207C
:108EF0006FF00200E7E700BFBD8D010010B504462A
:108F0000EFF3058343B184B920466FF0030100F00D
:108F100099FE6FF0030010BDFFF79AFE0028F2D112
:108F2000DFF830C0204600DFF5E72378F62BEBD1E1
:108F30002046FFF7A9FE20B1204600F0B7F8002038
:108F4000E9E720466FF0100100F07CFE6FF00200B0
:108F5000E1E700BF738D010008B50246EFF305831A
:108F60003BB110466FF0050100F06CFE6FF005009C
:108F700008BDFFF76DFE0028F3D1DFF808C01046EA
:108F800000DFF5E70D8E010010B5D0E85F3F5A1CF9
:108F9000914200D80022C0E8542F04B1F5E798B2FE
:108FA00010BD000038B51C4C00F0DEFEE368013354
:108FB000E36000F0E9F9002000F028FA236D03B126
:108FC0009847226C32B3A369E16B994203D0D96907
:108FD000E36301B9DA61DA69C2B9237A022B19D1E4
:108FE000656ABDB1E36B95F9202093F920309A4270
:108FF00010D1284600F08BF9E06B00F0A3F9284669
:1090000000F0FCF9236CE563EB6103E0013ADA61FF
:10901000002AE2D038BD00BF3804002070B5224CD1
:1090200004F1560504F15A06B4F85410D5E85F3F30
:1090300013B9BFF32F8F04E05A1EC5E8502F00B1BB
:10904000F4E79BB25BB33046FFF79EFFE36D53F846
:10905000200020B30378F13B082BE5D801A252F899
:1090600023F000BF89900100299001008F9001003A
:109070002990010029900100939001009790010030
:10908000299001009B900100236E9847CCE7636E06
:10909000FBE7A36EF9E7E36EF7E7236FF5E7BDE8BB
:1090A0007040002000F0B2B93804002070B5164CB2
:1090B0000546B4F8541004F15602D2E85F3F9942D5
:1090C00002D8BFF32F8F04E0581CC2E8560F06B138
:1090D000F3E79BB2994205D829460220BDE87040CB
:1090E000FEF7CDBF04F15800FFF74EFFE36D43F8E4
:1090F0002050637A23B9054B4FF080525A6070BDFF
:109100000123A372FBE700BF3804002000ED00E05C
:10911000EFF310832BB9EFF31180003818BF012053
:109120007047012070470378F12B00D07047C0686A
:10913000F9E7000010B5C469621CD0E904310CD114
:1091400003B1596142691AB113610023436101E01F
:10915000074A13630023C36110BD1BB1DA6959616B
:109160002244DA614269002AEED1014AD362F1E772
:109170003804002010B50A4A90F9201001234370EA
:10918000536A1C321BB193F920408C4205DCC0E9C4
:109190000232906003B1D86010BD1A469B68F1E7B7
:1091A00038040020014B5869704700BF3804002084
:1091B00008B500F057FDDFF810C000DF4FF0FF31B9
:1091C000002000F02DFDFEE7A9960100930710B5E1
:1091D00002F0010422D400F1280384B153E8000F07
:1091E00000EA01028A4203D0BFF32F8F002005E07E
:1091F00020EA010243E8002404B1EFE710BD53E880
:10920000000F084203D1BFF32F8F002005E020EAB2
:10921000010243E8002404B1F1E7EFE7806A01EAC4
:1092200000031CB1994218BF0020E7E7002B08BFDC
:109230000020E3E710B5084A136B00213BB94FF05B
:10924000FF34C0E90431C46121B1086110BD194681
:109250001B69F3E71063F9E73804002010B5002319
:10926000038083789A07044608D513F0100F016B2A
:109270000E4B0FD0D3F88400FFF722F8A378DB075A
:1092800012D50A4BD3F88800214638B1BDE810400A
:10929000FFF716B8586FFEF7B5FFEFE7BDE81040CF
:1092A000D3F88000FEF7AEBF10BD00BF3804002029
:1092B000C278D207034601D4FFF7D0BF0422427020
:1092C0000022C260034A516B816001B1C8605363E0
:1092D000704700BF3804002010B591F92020836842
:1092E0001BB193F92040944205DAC1E90230816054
:1092F00003B1D96010BD18469B68F1E783689A688E
:10930000826002B1D0600022DA6018467047C268FD
:109310002AB18368936003B1DA600023C3607047A9
:1093200010B50146044664B12378F12B07D00846F6
:10933000FFF7EDFF2046BDE81040FFF7CDBFE46822
:10934000F1E710BD0123014643700148FFF7C4BF98
:109350005404002070B50B4D2E7A022E10D16C6A89
:1093600074B1696994F9202091F920309A4207D1AB
:109370002046FFF7CCFF0846FFF7E4FF6670AC61BC
:10938000002070BD3804002038B5164DEC6A44B397
:10939000E369013BE36123BB6378732B06D009D8F3
:1093A000532B0BD003F0DF03432B0DD12046FFF7E7
:1093B000BAFE09E003F0EF03832BF6E72046FFF740
:1093C000B2FE2146FFF7BEFB2046FFF7A0FFFFF7E6
:1093D000B9FF246924B1E369002BDDD00023636168
:1093E000EC6238BD3804002090F82230826B13F014
:1093F000100F0CBF602020201044704702234370E0
:10940000014B9861704700BF3804002070B5124DC1
:1094100004462E7A696990B9022E0FD16C6A6CB13C
:1094200094F9202091F920309A4207DD2046FFF779
:109430006EFF0846FFF79EFE6670AC6170BD022E9F
:1094400005D190F9202091F920309A42F1DC204694
:10945000BDE87040FFF776BF380400202DE9F04FDB
:1094600085B08146029128B96FF0030100F0D8FB66
:109470000024BCE0002A45D0966846B1B40702D16A
:10948000D368432B06D86FF008010020EEE7D368BD
:10949000002BF8D1D2E9044597693CB1600702D1AD
:1094A000002D40F0B2806FF00A01EEE72FB17B1E75
:1094B000372B03D96FF00B01E7E71827002D40F099
:1094C000A880D2E900A301934EBB574BD3F8880084
:1094D000F0B1FEF7DBFE064600283AD04FF0010857
:1094E000002C44D1DFF840B1E5B9504ADBF88400E4
:1094F000556DB8B1FEF7CAFE0246E0B148F010085B
:10950000344623E092461446182715460192DCE7BC
:10951000D3F8800001224421FEF740FEDBE74FF044
:109520000008DDE72246DBF874002946FEF736FE28
:1095300002460028E4D1B8F1000F16D0DBF88820ED
:1095400052B110463146FEF7BBFE002248F0020839
:109550007CB96FF0040198E7DBF880000392314694
:10956000FEF750FE039A1446F0E74246EEE7224625
:10957000344640F2F1132380019BE3700023C4E9D9
:109580000233C4E90433C4E90633C4E90933C4E946
:109590000B32A5F140031344C4E90E397FB2244BCA
:1095A00084F80280FD21C4F804A084F8207084F8B7
:1095B00021706184656313601C4B1B685B071AD4C0
:1095C000A36B00201A4603F1340143F8040B9942BF
:1095D000FBD1184BC2E90D394FF08073D363029B66
:1095E0001362114B144A1A662046FFF70FFF2046FC
:1095F00005B0BDE8F08FAD08113D4FF0CC33002D24
:10960000DED042F8043F013DF9E7002F7FF44FAF71
:10961000182769077FF447AF084BA5F14801994225
:109620007FF64FAF3FE700BF38040020C837030084
:10963000A52E5AE2B191010065960100B7FFFF7FA8
:1096400038B504461546FFF7CFFE01602046FFF708
:1096500071FD1DB1BDE83840FFF7D8BEBDE8384008
:10966000FFF770BE10B54378332B04460CD1416A26
:1096700090F82320FFF7AAFD014628B120460022DA
:10968000BDE81040FFF7DCBF10BD10B5044680698F
:1096900018B100221146FFF7D3FF6378232B02BFD6
:1096A000A36800229A6110BD70B50F4C267A022E75
:1096B00018D1636AB3B16569E86AFFF721FA2846F1
:1096C000FFF7E3FF04F11C00FFF718FE4670A061EE
:1096D000EFF30983AB63002363612846BDE8704064
:1096E000FFF7E6BD70BD00BF3804002010B504468A
:1096F00010B10378F12B07D020466FF0030100F082
:109700008FFA6FF0030010BD437803F00F03022BB4
:109710001ED0032B2BD0012B2ED1FFF7F8FDE06AD2
:10972000FFF7EEF92046FFF7B0FF6178022926D156
:109730001548FFF7E3FD154B41709861EFF309827F
:10974000A26300225A612046FFF7B2FD0020DAE74B
:109750000E4B1A7A022A02D15B6A002BDFD16FF01E
:109760000201204600F05CFA6FF00200CBE7FFF741
:10977000CEFDFFF7DFFCD2E76FF00201F2E7002039
:10978000FFF744FEDFE700BF540400203804002048
:1097900038B5174C237A022B024627D1606A60B194
:1097A00060694B1C427009D1FFF744FD1148FFF777
:1097B000A5FD02234370A061012038BDE36A0022A9
:1097C00013B1DD69A9420BD2C0E90432C1615AB1BB
:1097D0001061002BEAD0DA695861511AD961E5E7C6
:1097E0001A46491B1B69EBE7E062F2E70020E4E759
:1097F000380400205404002038B50D4C0D48A26DEB
:109800000D4D0021FFF72AFE636EA8625BB19847F9
:1098100058B9E26DE96C206EFFF720FEA8640038AD
:1098200018BF012038BD0120FCE70020FAE700BF87
:10983000C8370300919B01003804002010B504468E
:10984000EFF3058333B100206FF0050100F0E8F974
:10985000002010BDFFF75CFC0028F4D1DFF808C041
:10986000204600DFF5E700BF5D94010008B5EFF387
:10987000058313B1054B586908BDFFF749FC002863
:10988000F8D1DFF80CC000DFF6E700BF3804002095
:10989000A591010008B5EFF305833BB100206FF0FF
:1098A000050100F0BDF96FF0050008BDFFF730FCC1
:1098B0000028F3D1DFF804C000DFF6E7559301007C
:1098C00010B5044600F0DAF9EFF305833BB120460A
:1098D0006FF0050100F0A4F96FF0050010BDFFF76F
:1098E00017FC0028F3D1DFF808C0204600DFF5E7B9
:1098F000ED9601000C4A536C30B5002413B11D697C
:109900008D420AD9C0E9024301611BB11D6998600B
:10991000691A19612CB1E06030BD1C46491BDB6837
:10992000ECE75064F8E700BF380400202DE9F0416F
:10993000184D6C6C54B323696E69013B2361012798
:10994000236913BBE3680BB1A2689A606B640023C0
:10995000E86C1A4604F11801FEF700FF58B1D5E98A
:109960000583214603206B61FEF789FB6B6913B900
:10997000B04508BF0026E378012B09D16169204674
:10998000FFF7B8FF6C6C002CDAD16E61BDE8F08196
:109990006770F7E73804002008B5FEF7CDFE18B968
:1099A000034B044A1A6508BD4FF0FF30FBE700BFC8
:1099B000380400202D99010007B504464FF0FF330D
:1099C000002269462046FEF709FF0028F6D1DDE9AE
:1099D00000309847F2E7000008B5094B094A1A60C1
:1099E000094B9B1A094A1360094B0A4A1A600A4B31
:1099F0009B1A0A4A136000F051F800F069F800BFA2
:109A0000C42A002000FC032000000420C02A0020FB
:109A1000CC2D002000BA002000FC0320C82D00201F
:109A20000E4838B50E4B03600B250E4B45601C24C9
:109A3000C4608360FFF7ACF80B4B18600B480C4B0D
:109A4000C460C0E900350B4B8360FFF7A1F80A4BF7
:109A50001860BDE8384011F0BBBA00BF902A002062
:109A60009C380300A42A0020A02A0020602A00209D
:109A7000A9380300742A0020702A0020FDF7C6BD13
:109A8000024B4FF0FF311868FFF79AB8A02A002068
:109A9000014B1868FFF7ACB8A02A002008B506F003
:109AA0001BFCBDE8084000F011B87047704708B5CE
:109AB00000F042F8FFF7F9FFFFF7B2FFFFF7F6FFFC
:109AC00004F0F4F8BDE80840FFF7D8BFFEF7E2BAAB
:109AD000114C124B23614FF4004363614423E36054
:109AE0000F4BA360182307B5A3610E480E4B2360EC
:109AF00022460021FFF7A2FE034628B90B49009039
:109B000022460B4804F0DAF8FEF7DCFA0023094994
:109B100000931A46F5E700BFF8B40020F83400209F
:109B2000C82A0020AF9A0100C3380300C8380300D8
:109B30001D010180E43803001FB5064B0FCB6C46B6
:109B400084E80F002046FFF723F8034B186004B0A9
:109B500010BD00BFFC380300F034002073B506468A
:109B60000C46154604F0A4F858B906342ABF064B33
:109B7000064953F82410002300933246284604F087
:109B80009DF802B070BD00BFC03A0300143A030054
:109B900008B500F0F3F8000007B50023421E00935B
:109BA0000023042A19D8DFE802F003080C1014007F
:109BB0000C490D48012204F081F80C490C4802229E
:109BC000F9E70C490C480322F5E70C490C4804223C
:109BD000F1E70C490C480522EDE702460B490C4819
:109BE000E9E700BF0C390300250102802D3903008D
:109BF00026010280523903002701028087390300C1
:109C000028010280C23903002A010280023A0300BF
:109C100000010280014A0146FFF7A0BF3101018027
:109C2000014AFFF79BBF00BF32010180014AFFF7E5
:109C300095BF00BF37010180014AFFF78FBF00BF0A
:109C40003301018011F1110F02D0024AFFF786BFE4
:109C5000704700BF34010180014AFFF77FBF00BF9A
:109C60003801018010B5FFF701FE034B1B6813B1EB
:109C7000BDE81040184710BD0C2B0020024B1B689C
:109C800003B11847704700BF0C2B0020024B987A95
:109C9000003818BF012070473804002008B5FEF7CF
:109CA00027FA0749002204F09BF8C31C04D9054990
:109CB00005488B2203F0E0FDBDE80840FEF72CBA12
:109CC0008D9C0100FB3A03000D3B0300B0F57A7F49
:109CD00038B50D4604D018491848322203F0CCFD9F
:109CE00003F0D2FA041E13DB04F1604303F5614371
:109CF000E02283F800232946204605F0ADFA2046ED
:109D000005F0B2FA85420AD00B490D483F22E5E73B
:109D10000C4B04F00F021344E0221A76EBE7002C00
:109D200008DB094B6209012004F01F0400FA04F467
:109D300043F82240002038BDFB3A03003A3B0300C1
:109D4000473B0300FCEC00E000E100E008B503F055
:109D5000CFFFBDE8084003F09EBB0000014B186830
:109D600003F0CEBBF82C0020014B186803F08ABB2F
:109D7000F82C002008B503F087FA08BD08B5024C9E
:109D800023689847FCE700BFDC04002003680BB1A0
:109D900008461847704710B50446FAF754FC2046A9
:109DA00010BD0000044B0022C3E901221A611A60B1
:109DB000024ADA60704700BF102B00208D9D010021
:109DC0000346002210B503F8012B00F1110403F83B
:109DD000012B9C42FBD1418210BD000008B542F628
:109DE00002110248FFF7ECFF08BD00BF242B002042
:109DF000034B1A78034B53F8223003B118477047CE
:109E0000E0040020382B0020074B1B785BB1074B88
:109E10000122C3F80823064B5A78FF2A00D1FEE737
:109E2000044A12885A70704738B6002000F000408B
:109E30005AB600209CB80020F8B50546064655F8ED
:109E4000044B8CB90D4F386818B14FF0FF31FEF755
:109E5000B7FE346824B9284604F0F2FC2C4635607D
:109E6000386808B1FEF7C4FEAC4204D00449054886
:109E70008B2203F001FD2046F8BD00BFF034002026
:109E8000983B0300A73B0300036801221B690021E4
:109E90001847036800221B691146184707B501904F
:109EA00003F09AFD0198012105F064FD03B05DF80F
:109EB00004EB03F0A7BD07B5019003F08DFD0198F9
:109EC000002105F057FD03B05DF804EB03F09ABDE7
:109ED00007B5CDE9001003F07FFDDDE9001005F0C6
:109EE00027FD03B05DF804EB03F08CBD416830B48E
:109EF000034671B1D0E9032000F0010402B944B176
:109F0000451001EB60000CB149598A58996830BC82
:109F1000104730BC7047000008B5431C04D10F49FE
:109F20000F48212203F0A8FC012359B11F2886BF46
:109F30000C4A00F01F004FF0A04203FA00F0C2F8F4
:109F4000080508BD1F2886BF064A00F01F004FF015
:109F5000A04203FA00F0C2F80C05F2E7F73B030059
:109F60005937030000030050036870B504460D46DE
:109F70001B68984704F13000A567294605F0D6FE16
:109F8000236820465B68BDE8704018477FB50646E9
:109F90001D4656F8303BCDE902211B680446984720
:109FA0009DF8203083F00103DDE902210093304663
:109FB0002B4605F0EFFE236806465B68204698476F
:109FC000A81B18BF012004B070BD7FB506461D4612
:109FD00056F8303BCDE902211B68044698479DF8AE
:109FE000203083F00103DDE90221009330462B4647
:109FF00005F0B4FE236806465B6820469847A81B18
:10A0000018BF012004B070BD7FB50024012615469D
:10A010002346224602A800968DF8084002F0EAFC8A
:10A0200003A800962346224629468DF80C4002F0EC
:10A03000E1FC03A805F04EFC002853D002A805F06F
:10A0400049FCB04202D1002004B070BD214603A8F3
:10A05000FFF73EFF03A8FFF721FF0A24002103A812
:10A06000FFF736FF00219DF90C00FFF755FF052093
:10A0700004F04CFB032103A8FFF72AFF9DF90C0015
:10A080000121FFF749FF052004F040FB013CE5D129
:10A0900002A8FFF703FF21469DF90800FFF73CFFE8
:10A0A000052004F033FB01219DF90C00FFF734FF7C
:10A0B000052004F02BFB01219DF90800FFF72CFF80
:10A0C000052004F023FB02A8FFF7F5FE03A8FFF725
:10A0D000F2FE03A805F0FEFB20B102A805F0FAFB92
:10A0E0000028B0D16FF00100AEE710B50446F6F7D6
:10A0F00086F8204610BD0000064B10B504460360EC
:10A10000806A08B102F006FF201DFFF7EEFF20462F
:10A1100010BD00BF103C030010B50446FFF7ECFF74
:10A120002046A82104F0BCF9204610BD10B500213E
:10A130000446FAF783FA204610BD0346002243F88E
:10A14000042B00F1280103F8012B9942FBD1704741
:10A1500008B57C30FFF770FEBDE8084004F078BB1E
:10A1600008B57C30FFF768FEBDE8084004F08EBB00
:10A17000F8B51A4B044640F8043B0D46164604F168
:10A180003007FFF7D3FF0021154BA185C4E9071164
:10A19000C4E9091148226361A461384611F018FC32
:10A1A000104BA36704F17C00FFF7C7FF2046FFF7C1
:10A1B000CFFF3246294684F8A45084F8A560204693
:10A1C000FFF722FF94F9A52094F9A410384605F072
:10A1D00067FD2046FFF7C4FF2046F8BD103C030092
:10A1E000ED9E0100A086010070B504460D4616469E
:10A1F0000021482211F0ECFB32462946204605F0AA
:10A200004FFD2046044905F091FD2046012105F04F
:10A21000E3FD204670BD00BFA086010005F086BDAD
:10A22000CAB2002342F00102194605F039BE05F01A
:10A23000E5BD05F0F5BD10B5144605F011FE001B97
:10A2400018BF012010BD10B50446F5F7D8FF204611
:10A25000F5F7CFFF204610BD0346024A083005F04F
:10A26000ABBB00BF1BA3010013B50D4B0360002364
:10A270000446037183600C30CDE90012FAF790FDBB
:10A2800004F11C00FAF78CFD00992046FFF7E4FF6B
:10A29000201DDDE9001202F098FB204602B010BD3F
:10A2A000283C030010B5084B044640F8083B05F075
:10A2B000B7FB04F11C00F6F759F804F10C00F6F7AF
:10A2C00055F8204610BD00BF283C030010B50446D9
:10A2D000FFF7E8FF20462C2104F0E2F8204610BDED
:10A2E00070B50E46044603F077FB3046FAF799FD49
:10A2F000054604F10C0008345DB13146FAF77EFDE5
:10A3000001222046012105F0E3FBBDE8704003F087
:10A3100079BBFFF798FF2A46F3E7012910B502D071
:10A3200002290BD010BD00F10C042046FAF779FD8C
:10A330000028F7D02046FAF7C9FEF3E700F11C0425
:10A34000F3E707B5CDE9001003F046FBDDE90010A7
:10A3500005F04CFF03B05DF804EB03F053BB07B509
:10A36000CDE9001003F038FBDDE9001005F095FFA2
:10A3700003B05DF804EB03F045BB90F8213010B555
:10A38000044623B903F05CFD012384F8213010BD9D
:10A3900090F8213010B5044623B103F067FD002387
:10A3A00084F8213010BD10B5044603F015FB94F875
:10A3B000223053B994F92010204605F0CFFE2046F4
:10A3C000FFF7DBFF012384F82230BDE8104003F0E3
:10A3D00019BB10B500230022044680F8201080F835
:10A3E000213080F8223042628362FFF7DCFF204692
:10A3F00010BD10B5044603F0EFFA94F8223043B1D3
:10A40000204605F0D9FE2046FFF7C2FF002384F85E
:10A410002230BDE8104003F0F5BA10B50446FFF74E
:10A42000E8FF204610BD7047416830B4034671B163
:10A43000D0E9032000F0010402B944B1451001EB5A
:10A4400060000CB149598A58996830BC104730BC3B
:10A450007047000070B500F14C0690F9DF2090F9CC
:10A46000DE100446304606F0CFF9D4E939530DB971
:10A47000DA070ED55A1004EB6300DB0748BFA35878
:10A4800094F8EC1048BF5D5994F9ED2094F9EE3042
:10A49000A847D4F8D810304606F0C6FA224630460F
:10A4A0000249BDE8704006F09DBB00BFE9A701006E
:10A4B0002DE9F0411F46D0F8E03004460E4615461F
:10A4C0002BB12849284840F2351203F0D5F9274A24
:10A4D000C0E9392303681B68984784F8EC6084F866
:10A4E000ED5084F8EE70042E0CD8DFE806F0160369
:10A4F00011161A004FF0FF332A46012104F14C00D7
:10A5000006F04AFB236820465B68BDE8F041184727
:10A510002B464FF0FF320221F0E73B462A463146F8
:10A52000ECE70120013584F804010AD003F0A0FF14
:10A530000023054694F9ED10037002F043FAC4F8C5
:10A54000F05094F9EE300133DCD0012003F090FF9D
:10A550000022054694F9EE10027002F038FAC4F8B1
:10A56000F450CFE7493C0300583C0300B1A401007C
:10A5700010B50446F5F743FE2046F5F73AFE2046AF
:10A5800010BD70B50646044656F84C3B0D461B6898
:10A5900098473046294606F047FA2368C4F8D85051
:10A5A00020465B68BDE8704018477FB50546044605
:10A5B00055F84C6B0193CDE902213668B047DDE9CF
:10A5C00001322846039906F0AFFA23685B682046FB
:10A5D00004B0BDE87040184738B50546044655F844
:10A5E0004C3B1B689847284606F0ACFB94F80431B6
:10A5F0000546C3B1D4F8F430ABB193F900305A1C1E
:10A6000004D112491248212203F036F9012280B9FF
:10A610001F2B86BF0F4903F01F034FF0A04102FA22
:10A6200003F3C1F80835236820465B68984728463D
:10A6300038BD1F2B86BF074903F01F034FF0A04111
:10A6400002FA03F3C1F80C35EDE700BFF73B030056
:10A65000593703000003005038B50546044655F845
:10A660004C3B1B689847284606F08CFB94F8043155
:10A67000054643B1D4F8F00005F02CF9002814BFCA
:10A68000002505F00105236820465B6898472846A9
:10A6900038BD4C3006F0E2BA10B54C300C4606F02E
:10A6A0001BFB204610BD00002DE9F0419846294BC8
:10A6B0000360294B43600025284BC3600446C0E972
:10A6C0000555C0E9075585608584006128300F462F
:10A6D0001646FFF72BFD04F13800FFF727FD29464A
:10A6E0006C22A4F8485004F14C0011F071F904F107
:10A6F000B800FAF755FB04F1C800FAF751FB40F235
:10A700000113A4F8DC304FF47F43A4F8EC30FF23AE
:10A7100084F8EE30A368C4F8E850C4E93855C4E9B9
:10A720003E555A1013F0010FC4F8005104EB6300BA
:10A7300018BFA2586368C4F8D88018BFD35884F8EB
:10A74000DE7084F8DF6084F8045198472046BDE845
:10A75000F08100BF783C030055A4010029A401004A
:10A7600003682DE9F04105461B6816460F469847D9
:10A7700095F8DC30340103B17EB195F8DD300BB1D2
:10A78000012E0AD0B83439462819FAF737FB2B685E
:10A7900028465B68BDE8F041184703F01DF93846CC
:10A7A000FAF73FFBB8342C4405F14C0888B1204639
:10A7B000FAF737FB08B903F043FB39462046FAF7AE
:10A7C0001DFB01223146404606F01CFA03F01AF93F
:10A7D000DDE72046FAF725FB08B103F047FB2046EA
:10A7E000FFF7C6FE0022EDE700EB011110B501F105
:10A7F000B8042046FAF715FB10B12046FAF766FCBC
:10A8000010BD036870B504461B680D46984794F860
:10A81000DC30AB422DD065B194F8DD304BB9A26885
:10A820006368511004EB6200D20744BF6258D358EA
:10A83000984703F0D1F804F1B80605B33046FAF7AB
:10A84000F0FA50B13046FAF729FC03F0F9FA012288
:10A85000002104F14C0006F0D5F903F0D3F884F898
:10A86000DC5035B994F8DD301BB904F14C0006F02A
:10A87000ABF8236820465B68BDE87040184704F1D8
:10A880004C002A46294606F0BDF93046FAF7C9FAC7
:10A890000028E2D003F0EAFADFE7036870B5044667
:10A8A0001B680D46984794F8DD30AB422DD065B15A
:10A8B00094F8DC304BB9A2686368511004EB620075
:10A8C000D20744BF6258D358984703F085F804F183
:10A8D000C80605B33046FAF7A4FA50B13046FAF785
:10A8E000DDFB03F0ADFA0122114604F14C0006F045
:10A8F00089F903F087F884F8DD5035B994F8DC3035
:10A900001BB904F14C0006F05FF8236820465B6831
:10A91000BDE87040184704F14C002A46012106F0BA
:10A9200071F93046FAF77DFA0028E2D003F09EFA7A
:10A93000DFE700001FB51E4B036004460021684698
:10A94000FCF747F8002269462046FFF709FF6846F2
:10A95000F5F70CFD00216846FCF73BF8012269463B
:10A960002046FFF7FDFE6846F5F700FD94F8DC3061
:10A9700013B994F8DD301BB104F14C0006F024F853
:10A9800004F1C800F5F7F2FC04F1B800F5F7EEFCAD
:10A9900004F13800FFF7A9FB04F12800FFF7A5FB3D
:10A9A000206A08B102F0B6FA204604B010BD00BF1C
:10A9B000783C030010B50446FFF7BCFF20464FF477
:10A9C000847103F06DFD204610BD437D10B5044633
:10A9D0001BB1037D0BB103F049FA204610BD13B53E
:10A9E000044601A802F09EFA637D53B9237D0BB1A2
:10A9F00003F026FA206902F052FAC4E900010123AB
:10AA0000637501A802F096FA02B010BD37B504468E
:10AA10000D4601A802F086FA00230022C4E90023B3
:10AA20006B7D4BB1286902F03AFAD5E90032C01AC1
:10AA300061EB0201C4E9000101A802F07BFA2046A3
:10AA400003B030BD30B585B004460D4603A802F012
:10AA500069FA29466846FFF7D9FFD5E90210009B3D
:10AA6000019A5B1840EB0202C4E9003203A802F02D
:10AA700061FA204605B030BD13B5044601A802F0C6
:10AA800051FA206902F00BFA00220023C4E9000108
:10AA9000C4E9022301A802F04DFA02B010BDD0B5FE
:10AAA000002300260027C0E90067C0E902670446CA
:10AAB000016102754375FFF7DFFF2046D0BD10B579
:10AAC000044602F013FA012201462046FFF7E7FF91
:10AAD000204610BD10B5044601F0CCFF002201460F
:10AAE0002046FFF7DCFF204610BD03681B681847AF
:10AAF00010B50446074B236000220023C4E902235B
:10AB000000230846A161C4E90433034902F056F961
:10AB1000204610BD903C0300EBAA010007B5009051
:10AB200000F10801806902F087F903B05DF804FBC9
:10AB300000F10801806902F097B9002070476FF0BA
:10AB40001C0070476FF01C0070476FF015007047D5
:10AB50006FF01500704701207047012070470020FA
:10AB600070470020704770B511F0010405468EB2A1
:10AB700004D0FFF731FD041E18BF0124F30605D5EC
:10AB80002846FFF769FD08B144F01004204670BD67
:10AB9000A0F58470FFF7E7BF08B5FFF732FE00208D
:10ABA00008BDA0F58470FFF7F7BF08B5FFF775FE85
:10ABB000002008BDA0F58470FFF7F7BF10B5034B68
:10ABC00003600446FFF7B6FE204610BD9C3C030020
:10ABD000A0F58470F2E700BF10B50446FFF7EEFF62
:10ABE00020464FF4867103F05BFC204610BDA0F5B3
:10ABF0008470F1E72DE9F04106460D461746CAB1CB
:10AC000002F0E7FE80F0010313F0FF0403D0336885
:10AC100030461B68984705EB0708454505D015F8F1
:10AC2000011B3046FFF738FDF7E71CB133683046AB
:10AC30005B6898473846BDE8F081A0F58470FFF75F
:10AC4000D9BF38B504460D4662B103681B68984702
:10AC50002046FFF71EFD2870236820465B68984752
:10AC6000012038BD1046FCE7A0F58470FFF7E9BF6E
:10AC700010B50446FFF718FD044B03F108024433F6
:10AC80002260C4F80831204610BD00BF943C030088
:10AC900030B5056885B00446CDE9022101932D68E1
:10ACA000A847DDE9013220460399FFF701FC23683C
:10ACB0005B68204605B0BDE83040184710B5044633
:10ACC000F5F79DFA2046F5F794FA204610BD70B5C9
:10ACD00004460E4602F080FEA5695DB104F108004D
:10ACE000FFF7ECFF012384F820300023E36184F8B0
:10ACF0002160A36102F086FE2DB121462846BDE801
:10AD0000704000F078B970BD08B103F0A1BD02F049
:10AD100063BE08B103F0BABD02F074BE2DE9F04184
:10AD2000044686B00E46174602F056FEA56902F0AC
:10AD300069FE35B301AD0021284603F0E3FD02F0C2
:10AD40004BFED4E9068323B10F491048392202F0A3
:10AD500093FDE56102F056FEB8F1000F0ED03946C2
:10AD6000284603F0D7FD48B93046FFF7CDFF20460F
:10AD70000121FFF7ACFF3046FFF7CBFF284603F079
:10AD8000EAFD06B0BDE8F0813D3D0300493D03000A
:10AD900038B504460025054B456040F8083BF9F7F7
:10ADA000FFFFC4E906552584204638BD703D0300E9
:10ADB000074B10B503608369044623B10549064873
:10ADC000262202F059FD0830F5F7D0FA204610BDD2
:10ADD000703D03003D3D0300573D030030B5044680
:10ADE00085B004F1080502F0F7FD29466846FEF734
:10ADF000D2FF2846FFF762FFE0690023A36108B194
:10AE000003F0A6FD02F0FEFD6846FAF70AF810B15D
:10AE10006846FAF75BF96846F5F7A8FA05B030BD61
:10AE20000022C0E9012201220160027370477047CD
:10AE30000346007B30B1D3E90020136898428CBFF1
:10AE40000020012070470123D0F800C02DE9F04315
:10AE500003FA01F11F4682EA030E1CF823500D424B
:10AE600004D005F030053AB1102D07D10133112B74
:10AE7000F3D14FF0FF300FE0002DF7D05C00023C23
:10AE8000D0F8088042EA040607FA06F919EA080F22
:10AE9000ECD1202D02D03046BDE8F0834EEA040408
:10AEA00007FA04F414EA080FF5D0DFE770B50D4691
:10AEB00011462A4604461E46FFF7C5FF002802DA5F
:10AEC0000020207370BD21686368420801EB820195
:10AED000CD8849791D4406FB01510123616003FAC5
:10AEE00000F1A36842EAC0100B43A360C0B2E9E7D7
:10AEF00013460A460121FFF7D9BF13460A4600212F
:10AF0000FFF7D4BF13B50A46019100210446FFF7AD
:10AF1000EFFF019A0021204602B0BDE81040FFF784
:10AF2000ECBF0022C0E900227047704700687047FC
:10AF300000230B60436813B90160416070471960DA
:10AF4000FBE703682BB11A6802B942600260002275
:10AF50001A601846704710B50468002223468B42D9
:10AF600003D083B11A461B68F9E70AB10B68136076
:10AF70008C4204BF0B68036043688B424FF00003B0
:10AF800008BF42600B6010BD10B50446FFF7C9FF53
:10AF9000204610BD08B5FFF7C9FFB0FA80F04009A0
:10AFA00008BD70B505462846FFF7C0FF044678B1D6
:10AFB00050F8043C061F9B683046984740B128462D
:10AFC000FFF7BFFF54F8043C3046DB689847EAE7D8
:10AFD00070BD70B504460D46FFF7A8FFAC6106468C
:10AFE000291D2046FFF7A4FF26B92046BDE8704082
:10AFF000FFF7D7BF70BD70B505460C46FFF796FF4B
:10B00000064604B1043421462846FFF7A4FFA642B1
:10B0100004D12846BDE87040FFF7C3BF70BD10B52E
:10B0200004462046FFF782FF28B150F8043C04385C
:10B03000DB689847F5E710BD10B50446FFF7EFFF52
:10B040002046FFF772FF204610BD70477047036827
:10B050009B6D184770B586B00023CDF806308DF88B
:10B060000A300389ADF8103040F201234FF489749F
:10B07000ADF8123040F2031390F820134268ADF897
:10B080000440ADF81430022400F10A038DF80740A3
:10B090008DF80B10039201AC05AE1D46224603CA83
:10B0A000B24218605960144603F10803F6D11288C1
:10B0B0001A80284606B070BD00487047584003000B
:10B0C0000048704790400300004870475C40030010
:10B0D00000487047A24003000048704788400300C2
:10B0E0000048704772400300036810B504465B6F68
:10B0F0009847D4F8EC0203681B6F984723682046F2
:10B100009B6FBDE81040184708B5D0F834332BB911
:10B110000349044840F2CD6202F0AEFB08BD00BF17
:10B120009D3D0300AB3D030010B5044602F054FC06
:10B13000D4F834330133C4F834332BB90349044809
:10B140004FF4D76202F098FB10BD00BF9D3D030095
:10B15000AB3D030038B5D0F83433012B044610D191
:10B160000025D4E9C93000F0010203B94AB1411009
:10B17000C4E9C95504EB60000AB16258D358984736
:10B18000EFE7D4F834332BB90649074840F2C662DA
:10B1900002F072FB013BC4F83433BDE8384002F0E2
:10B1A00031BC00BF9D3D0300AB3D030007B500234C
:10B1B0000249034800931A4602F080FDB73D0300A0
:10B1C0000E01158007B500230249034800931A4673
:10B1D00002F074FDDF3D030004011580036873B5C0
:10B1E0000446DB6F9847B4F8F8120B12022B25D0F7
:10B1F000032B56D0012B04D1236820461B6B9847A4
:10B2000008B9002018E0236820461B6B9847067891
:10B21000122EF6D1236820461B6B98474578012DE6
:10B22000EFD12368C4F804631B6B2046984784F869
:10B230000853C4F80003284602B070BD2368C9B2A1
:10B240005B6B0191204698470028DAD0236801996A
:10B250005B6B2046984703780199092BD1D123686D
:10B2600020465B6B984743780199022BC9D123682C
:10B2700020465B6B9847236885785B6B0199204675
:10B280009847C378019945EA03252368C4F8045315
:10B290005B6B20469847C4F80003012084F808033C
:10B2A000CAE7C9B20529ACD8DFE801F0030F1923BA
:10B2B0002D37236820469B6B98470378C4F80433E6
:10B2C00023689B6B20469847E5E723682046DB6BA5
:10B2D00098470378C4F804332368DB6BF2E72368EC
:10B2E00020461B6C98470378C4F8043323681B6C12
:10B2F000E8E7236820465B6C98470378C4F804337A
:10B3000023685B6CDEE7236820469B6C98470378D4
:10B31000C4F8043323689B6CD4E723682046DB6CB5
:10B3200098470378C4F804332368DB6CCAE70B78CA
:10B33000DB0913700B78C3F3411353700B7803F0E0
:10B340001F0393704B78D370C8788B7843EA00233F
:10B35000938048790B7943EA0023D380C8798B79AD
:10B3600043EA002313817047036870B504465B6F9E
:10B370000D46984794F80C33022B05D009490A482A
:10B3800040F23D1202F078FA084BC4F8243300234F
:10B39000C4F82833236884F8105320469B6FBDE817
:10B3A000704018479D3D0300FE3D03006FB801004B
:10B3B00038B503680446DB6F984794F8083313B137
:10B3C0000025284638BDD4F8EC0203685B6C98472A
:10B3D000D4F804239042F3D8D4F80013121A01448D
:10B3E000C4F80013C4F80423A2B994F80A53022342
:10B3F00084F80C3345B1236884F80A239B6E04F566
:10B400003D7120469847DCE701212046FFF7ACFF5D
:10B410000125D6E7D4F8EC02D4F820430368A24211
:10B420001B6C28BF22469847F2E70000036813B55B
:10B430000446DB6F984794F81C33012B06D8002391
:10B440000F4900931A460F4802F038FC94F80C3369
:10B4500023B100230C4900931A46F4E794F80B3308
:10B46000032B0BD02046FFF7A3FF38B9D4F8EC022A
:10B470000368DB6C02B0BDE81040184702B010BD95
:10B48000B73D03000E011580293E030038B503685F
:10B490000446DB6F984794F80833012B3BD1D4F86E
:10B4A000045335B994F809330BB901252CE084F81D
:10B4B0000953D4F82023D4F8EC02D4F8001303681D
:10B4C000954228BF15462A469B6C9847D4F800330E
:10B4D000D4F804232B44551BC4F80033C4F8045398
:10B4E000002DE2D194F80923002ADED194F80A5302
:10B4F000022384F80C334DB1236884F80A239B6E31
:10B5000004F53D7120469847284638BD0121204664
:10B51000FFF72AFFC9E70025F6E7036810B50446E0
:10B52000DB6F984794F81C33012B01D8FFF73EFEE0
:10B5300094F80B33032B0AD02046FFF7A7FF30B94E
:10B54000D4F8EC020368BDE81040DB6C184710BD6E
:10B55000036870B504465B6F0D46984794F80C334A
:10B56000032B05D009490A484FF4C37202F084F94D
:10B57000084BC4F824330023C4F82833236884F824
:10B58000105320469B6FBDE8704018479D3D030057
:10B59000733E030087C1010010B503680446DB6FEA
:10B5A0009847012004F21D33C4F80033C4F80403A3
:10B5B00084F8080310BD036810B50446DB6F984794
:10B5C00094F81C33042B01BFB4F82E33A4F8FA32DC
:10B5D000012004F54C7303BFC4F80033C4F804031E
:10B5E00084F80803002010BD036810B5DB6F044623
:10B5F0009847042384F80C33236894F8F8221B6FCF
:10B60000B4F8FA1220469847012010BD036870B5BF
:10B6100004465B6F0D46984794F80C33042B05D015
:10B6200009490A484FF4EB7202F026F9084BC4F8B6
:10B6300024330023C4F82833236884F810532046A9
:10B640009B6FBDE8704018479D3D03009F3E03007F
:10B65000FFB80100036810B50446DB6F984794F803
:10B660001C33042B02D0B4F8FA328BBB94F8F632B8
:10B67000012B0FD0022B10D053BB164B01221A8086
:10B68000144BC4F8003301200223C4F8043384F8B7
:10B69000080310BD0F4B0022F1E7B4F8FA2222F0A4
:10B6A0008F03ABB912F00F0F0A4902D100230B80B0
:10B6B000E6E7530003F01E0343EAD213023B1822CD
:10B6C00002FB034393F830309B07EFD50123EEE7ED
:10B6D0000020DEE74C2B002010B50368044690B034
:10B6E000DB6F9847D4F8EC02D4F82023036869464E
:10B6F000DB6B984704F53D7269462046FFF717FE5D
:10B700000023C4F80833C4E9C033012384F80C33A0
:10B71000236811465B6E2046984710B010BD036841
:10B7200010B50446DB6F984794F81C33012B01D801
:10B73000FFF73CFD94F80C23012384F82C3322B945
:10B740002046BDE81040FFF7C7BF84F82D3310BD79
:10B750002DE9F0411D46036804465B6F0F4616460F
:10B76000984794F80C33012B05D00B490B4840F255
:10B77000BA2202F081F80A4BC4F824330023C4F83B
:10B780002833236884F81073C4E9C56520469B6F8D
:10B79000BDE8F041184700BF9D3D0300C73E0300D0
:10B7A0003FC00100036810B50446DB6F9847B4F84A
:10B7B000FC3293B394F8F40294F80823012825D1BD
:10B7C000012A06D0D4F8EC020368DB6CBDE8104017
:10B7D0001847D4F804239A4201D9C4F80433012845
:10B7E000D4F8041326D18B4208D9D4F82033B1FB06
:10B7F000F3F203FB12120AB984F80903022384F856
:10B800000B332046BDE81040FFF740BE002AD9D1D7
:10B81000D4F804239A42E2D0D4E7D4F8EC02D4F866
:10B8200004230368002AD0D1032184F80B139B6CF6
:10B8300011460DE0D4F8EC02D4F82023012384F85B
:10B840000B3303688A4228BF0A461B6CD4F80013E6
:10B85000BDE81040184710B503680446DB6F9847F1
:10B86000002384F82D33032384F80B3310BD0368C1
:10B8700010B5DB6F04469847002284F80C2394F837
:10B880002D2394F8103322B12046BDE81040FFF775
:10B89000E2BF33B9D4F8EC020368BDE81040DB6CBA
:10B8A000184794F80B33012B0AD1D4F8EC02032388
:10B8B00084F80B3303689B6CBDE8104011461847B1
:10B8C000022B07D1D4F8EC02032384F80B3303686E
:10B8D0001B6CF1E710BD036810B5DB6F0446984799
:10B8E000002384F82C3394F80C3323B92046BDE8A8
:10B8F0001040FFF7B0BF012384F82D3310BD03685B
:10B9000010B5DB6F04469847002284F80C2394F8A6
:10B910002D2394F8103322B12046BDE81040FFF7E4
:10B920009ABF63B1B4F8FA32A4F82E33B4F8F832FF
:10B9300084F830332046BDE81040FFF733BFD4F819
:10B94000EC020368BDE81040DB6C1847036810B5D3
:10B9500004465B6F984794F8F03283B9D4F8EC0250
:10B96000036821469B689847D4F8EC02036840219D
:10B970009B6B98470123C4F8200384F8F0322368B6
:10B9800020469B6FBDE81040184738B50368044651
:10B990005B6F984794F81C53236820469B6FEDB269
:10B9A00098472B1F5842584138BD036810B55B6F4C
:10B9B000044698472046FFF7C9FF94F8F1323BB997
:10B9C000D4F8EC0203685B699847012384F8F132EC
:10B9D000236820469B6FBDE810401847D0F8EC0262
:10B9E00003685B6B184738B503685B6F0D46044608
:10B9F00098472B071FBF6A0002F01E0242EAD513C8
:10BA0000023B1BBF182202FB0343D4F820539D8D39
:10BA1000236820469B6F9847284638BD0368F7B5D2
:10BA20005B6F0E460546984736F08F0701D1320707
:10BA300006D100231749184800931A4602F03EF930
:10BA4000740004F01E0444EAD6141823023C03FBDD
:10BA5000045494F83030DB0709D42846FFF795FFEB
:10BA600080B10E490E4840F28C5201F005FF94F867
:10BA700031303BB1D5F8EC0203683146DB6E9847B4
:10BA800084F831702B689B6F284603B0BDE8F04006
:10BA9000184700BFDF3D0300040115809D3D0300F2
:10BAA000EA3E0300036873B55B6F0E460446984791
:10BAB00016F0700F01D1310706D100231A491B4837
:10BAC00000931A4602F0FAF8750005F01E0545EAE3
:10BAD000D6151823023D03FB054595F83030DA07EB
:10BAE00009D42046FFF751FFB0B11149114840F287
:10BAF000CC4201F0C1FE43F0020385F83030D4F8A7
:10BB0000EC02036831469B6D984795F831301BB1C4
:10BB100031462046FFF782FF23689B6F204602B024
:10BB2000BDE87040184700BFDF3D030004011580E9
:10BB30009D3D0300EA3E0300036810B50446DB6F39
:10BB4000984794F81C33042B02D0B4F8FA32A3B906
:10BB500094F8F632022B10D1B4F8FA1231F08F00BB
:10BB60000BD111F00F030AD0B4F8F83223B92046F4
:10BB7000C9B2FFF797FF012010BD0020FCE718466F
:10BB8000FAE70000036873B55B6F0E4604469847FA
:10BB900016F0700F01D1310706D100231C491D4852
:10BBA00000931A4602F08AF8750005F01E0545EA72
:10BBB000D615023D182303FB054393F83020D20726
:10BBC00009D42046FFF7E1FED8B11349134840F2EB
:10BBD000F14201F051FE93F831301BB1314620465D
:10BBE000FFF71CFF182303FB0545314695F830305D
:10BBF00023F0020385F83030D4F8EC020368DB6DE3
:10BC0000984723689B6F204602B0BDE870401847F4
:10BC1000DF3D0300040115809D3D0300EA3E030063
:10BC2000036810B50446DB6F984794F81C33042B67
:10BC300002D0B4F8FA32A3B994F8F632022B10D13C
:10BC4000B4F8FA1231F08F000BD111F00F030AD0C3
:10BC5000B4F8F83223B92046C9B2FFF793FF0120A8
:10BC600010BD0020FCE71846FAE700002DE9FF416F
:10BC70009846036803920E465B6F0746984736F076
:10BC80008F0403D116F00F0F039A06D10023204929
:10BC9000204800931A4602F011F8750005F01E05C1
:10BCA00045EAD6151823023D03FB057595F830309B
:10BCB000DB070AD43846FFF768FE044688B1164908
:10BCC000164840F2AF5201F0D7FDAB8D434505D980
:10BCD00013491448009423462246DCE795F83110B6
:10BCE00039B13B6838469B6F9847204604B0BDE8A1
:10BCF000F081D7F8EC0201680C6E3146A04704468B
:10BD00000028EED095F83130013385F83130E8E77E
:10BD1000DF3D0300040115809D3D0300EA3E030062
:10BD2000F83E030005011580036837B55B6F0D46CB
:10BD30000446984715F0700F01D12A0706D1002359
:10BD40001549164800931A4601F0B8FF6B0003F03E
:10BD50001E0343EAD513023B182202FB034393F868
:10BD60003030DB070AD42046FFF70FFE054660B1EE
:10BD70000B490C4840F2E95201F07EFDD4F8EC0288
:10BD8000036829465B6E98470546236820469B6FEB
:10BD90009847284603B030BDDF3D030004011580FD
:10BDA0009D3D0300EA3E03002DE9FF4198460368EC
:10BDB00003920E465B6F0746984736F08F0503D116
:10BDC00016F00F0F039A06D1002322492248009350
:10BDD0001A4601F073FF740004F01E0444EAD614FE
:10BDE0001823023C03FB047494F83030DB070AD4B8
:10BDF0003846FFF7CAFD054688B11849184840F291
:10BE00000A6201F039FDA38D434505D21549164854
:10BE100000952B462A46DCE794F831303BB13B686D
:10BE200038469B6F9847284604B0BDE8F081D7F8A4
:10BE3000EC02036831469D6E4346A847054638B17B
:10BE400094F83130A4F82E80013384F83130E6E7DD
:10BE5000E085E4E7493F0300040115809D3D0300B0
:10BE6000EA3E0300673F030005011580036837B50C
:10BE70005B6F0D460446984715F0700F01D12907F6
:10BE800006D100231249134800931A4601F016FF09
:10BE90006A0002F01E0242EAD513023B182202FB9E
:10BEA000034393F83020D2070AD42046FFF76DFDF4
:10BEB000054630B10849094840F2496201F0DCFC0E
:10BEC000DD8D236820469B6F9847284603B030BD20
:10BED000DF3D0300040115809D3D0300EA3E0300A1
:10BEE000036870B50446DB6F0D46984794F81C2331
:10BEF00084F81C53AA42D3B226D0032B09D9032DB0
:10BF00008CBF00260126012B05D9012D03D88EB147
:10BF100003E00026F7E786B100264FF434720021D3
:10BF200004F11C000FF054FD002384F81D3384F845
:10BF3000F23216B12046FFF7CEFC23682946204690
:10BF40001B6EBDE87040184770BD036810B504460D
:10BF5000DB6F9847D4F8EC0294F8F8120368DB6AB8
:10BF60009847B4F8F8322BB902212046FFF7B8FF02
:10BF7000012010BD0321F8E7036810B50446DB6F0C
:10BF8000984794F8F81284F81D1351B9D4F8EC02CC
:10BF900003681B6A984703212046FFF7A1FF012091
:10BFA00010BD012384F8F232032384F80C33236894
:10BFB0002046DB6E9847F2E7036810B50446DB6F56
:10BFC000984794F8F532C3BB94F8F7320B2B34D86A
:10BFD000DFE803F0060B331033151A331F24292E24
:10BFE0002046BDE81040FFF735BB2046BDE81040B5
:10BFF000FFF716BE2046BDE81040FFF79DBD204666
:10C00000BDE81040FFF7A1BF2046BDE81040FFF794
:10C01000E5B82046BDE81040FFF7BEBA2046BDE8AF
:10C020001040FFF7A9BF2046BDE81040FFF7C3BA94
:10C030002046BDE81040FFF7D7BA002010BD0368C6
:10C0400010B5DB6F04469847002084F80C0394F881
:10C050002D0394F81033D4E9C52190B1012B0BD8EE
:10C06000022384F80C33236804F53D7120469B6E4F
:10C07000BDE81040012218472046BDE81040FFF7F8
:10C08000EABB042B12D12046FFF796FF30B9D4F853
:10C09000EC020368BDE81040DB6C184794F80C33E1
:10C0A00073B92046BDE81040FFF77CBB032BEED0F0
:10C0B0000120C4E9C02184F80A0384F80833F0E7BA
:10C0C00010BD036810B5DB6F044698472046022177
:10C0D000FFF706FF002384F81E332046FFF7FBFB23
:10C0E00023682046DB6DBDE810401847036810B593
:10C0F00004465B6F984794F8F1323BB1D4F8EC02F8
:10C1000003689B699847002384F8F13294F81C3344
:10C11000012B03D901212046FFF7E2FE002384F81A
:10C120001D3384F81E33236820469B6FBDE8104002
:10C130001847036810B504465B6F984794F8F032CF
:10C1400053B12046FFF7D2FFD4F8EC020368DB6856
:10C150009847002384F8F032236820469B6FBDE89F
:10C160001040184738B503680D46DB6F0446984702
:10C1700045B994F81C332BB129462046BDE8384018
:10C18000FFF7AEBE38BD036870B50446DB6F984755
:10C1900094F82D3394F8106303B97EB92046FFF765
:10C1A000F4FB054650B901464FF4347204F11C000B
:10C1B0000FF00EFC84F81D5384F8F252002384F82B
:10C1C0000C3394F82D3323B12046BDE87040FFF7BF
:10C1D00042BBD4F8EC02036856B1DB6998472046AD
:10C1E0000421FFF77DFE2046BDE87040FFF7DABA74
:10C1F000BDE87040DB6C18472DE9F04F914685B0E3
:10C20000026803930E46526F0446904716F0700F73
:10C2100003D116F00F0F039B06D1002326492748B0
:10C2200000931A4601F04AFD94F8F282B8F1000F2B
:10C2300007D1236820469B6F9847404605B0BDE86C
:10C24000F08F750005F01E0545EAD615AF1E4FF0BC
:10C25000180B0BFB074797F830A01AF0010A05D01E
:10C26000174918484FF48E6201F006FBB9F5806F4C
:10C2700004D91349144840F27142F5E7D4F8EC02AE
:10C2800002683146D2F850804A46C04780460028AE
:10C29000CFD0013D0BFB05450E99281DF8F7AEFDEB
:10C2A00097F8303087F831A043F0010387F8303039
:10C2B000A7F82C90BDE700BFDF3D03000401158007
:10C2C0009D3D0300883F0300AA3F03002DE9F0478E
:10C2D000054698461E4B45F81C3B04460F469146C2
:10C2E0002E4600F53B7A30461836F8F759FDB24530
:10C2F000F9D1BDF820302381A4F80490A4F8068079
:10C300004FF43472002128460FF062FB28220021EE
:10C3100004F53D700FF05CFB00230122C4E9C83333
:10C32000C4E9CA3384F80C33C4F8EC72A4F8F032D0
:10C3300084F8F232C4F8343384F8303384F81C23A0
:10C3400084F81D3384F81E332046BDE8F08700BF13
:10C35000D83F03000D4B70B5036090F8F0320446EF
:10C360002BB10B490B4840F2625201F085FAFFF7FE
:10C37000E0FE04F53B7504F11C06B54204D0183DFF
:10C380002846F3F7F3FFF8E7204670BDD83F0300D7
:10C390009D3D0300C23F030038B503680D46DB6FC7
:10C3A0000446984715F0700F01D12B0701D1FEF715
:10C3B00009FF6B0003F01E0343EAD5118B1E182002
:10C3C00000FB034393F831206AB1013900FB0144BB
:10C3D000013A043483F831202046F8F722FD10B1E9
:10C3E0002046F8F773FE38BD38B503680D46DB6F9D
:10C3F0000446984715F0700F01D12B0701D1FEF7C5
:10C40000E1FE6B0003F01E0343EAD5118B1E1820DA
:10C4100000FB034393F831206AB1013900FB01446A
:10C42000013A043483F831202046F8F7FAFC10B1C1
:10C430002046F8F74BFE38BD4FF0FF3100F079B9D8
:10C4400037B504464C3001911546FDF76FFE019952
:10C4500021B90A46204600F014F803E02DB9204621
:10C4600000F048F8204603B030BD2A46F2E710B588
:10C47000044600F052F804F14C00FDF736FE204669
:10C4800010BD032938B5044607D9D31C23F0030394
:10C490009A1A8A1A22F003011A460023C4E90433C7
:10C4A000E2600D460DBBC4E906512262256000F032
:10C4B00005FA00F005FAC4E90A5560602581A57205
:10C4C00084F8245004F1300000F01AFA00280BDB45
:10C4D00004F1440000F00CFA002805DB04F14800E8
:10C4E00000F006FA00EAE07038BD236901332361E9
:10C4F0006D08D7E737B50546084601910EF01AFEDC
:10C50000044638B1024601992846FFF7BAFF6C612C
:10C5100003B030BD4FF0FF30FAE770B50568044650
:10C52000B5B9A36A1BB1E06A4FF0FF31984704F137
:10C53000480000F0DFF904F1440000F0DBF904F1F9
:10C54000300000F0E5F96069BDE870400EF0FABD1A
:10C55000EE6836B9EB6913B105F124009847AD6870
:10C56000DEE7F36913B106F124009847F668F0E7B7
:10C5700073B5064627314830019021F0030500F0DD
:10C58000BAF9B469019806F118035CB9F3699D42E0
:10C5900023D8346A5B1BF361621901233262256080
:10C5A000A37107E02268954213D8E26872B11A605D
:10C5B000A368936000F0A1F900234FF0FF32C4E9B3
:10C5C0000532E3612434204602B070BDA2681A60CF
:10C5D000F0E704F10803A468D7E700F08EF9F2E76A
:10C5E00051F8083C73B505460C460BB10846984710
:10C5F000EB6833B1A4F12406B34202D82B6AB342EC
:10C6000004D2002304F81E3C02B070BD05F14800BE
:10C61000019000F070F9AB69019805F11802ABB117
:10C620001D6854F8241C8D420CD30FD144F8183CDB
:10C6300013689B6844F81C3C166002B0BDE870406B
:10C6400000F05BB903F108029B68E8E7002344F8B7
:10C65000183C1368EEE7F8B54B699B1A002BACBF8A
:10C66000D318131C4B6100F1440703898B800546E6
:10C6700038460C46164600F03EF9284603687BB360
:10C6800059696269A1EB020CBCF1000F25DB9142F4
:10C6900026D19B68A36013B104F108021A612246F7
:10C6A000036842F80C3F002199601A61AB6A04608C
:10C6B00020616BB195F8242052B12A68A24207D1BB
:10C6C000E2682AB96169E86A891B21EAE171984741
:10C6D0003846BDE8F84000F010B903F10800CDE796
:10C6E000A36013B104F108021A610023E360DDE7DF
:10C6F000F8B5144605460F46A2F1240600F0E0F80E
:10C7000054F8103C44F8047C0344024644F8103CBE
:10C7100031462846FFF79FFF296914F81E4C8C40CC
:10C72000E968761A05F13000344300F0F3F820464A
:10C73000F8BD2DE9F74F04460F4600F0C1F84FF061
:10C740000008054607EB000984F8248004F144063C
:10C75000304600F0D0F863685B1B002B2368D8BF1D
:10C760006560019301A91BB15A69521B002A37DD8C
:10C77000236003B11C61C1F80080019D15B12389BC
:10C7800001332381304600F0B8F801A965BB019D53
:10C790004FF0010A002D34D100F092F8002F8246AC
:10C7A0005CDBA9EB0005002D5ADCA36A9BB1304687
:10C7B00000F0A1F8A36A43B1226832B15169E06A7E
:10C7C000A1EB0A0121EAE1719847012384F82430A2
:10C7D000304600F092F80023A37203B0BDE8F08F5A
:10C7E00003F108019B68BEE7A8682B4600229A6007
:10C7F0001A46DB68002BFAD10A6005F108010546EC
:10C80000C4E72B6AD5F808B013B105F124009847A6
:10C81000AA69002A0BDB6B6913446B6100F050F8C6
:10C82000294602462046FFF716FF5D46B2E7E36859
:10C8300073B1AB420CD8236AAB4209D3AB792269FE
:10C840000133DBB213FA02F214BFAB7185F806A014
:10C8500005F124012046FFF7C3FEE6E74FF0FF3560
:10C86000304600F048F823683BB15969A1EB0A0152
:10C8700021EAE1718D4228BF0D46304600F03DF8B7
:10C88000294604F1300000F048F8A37A7BB1304625
:10C8900000F031F8A37A3BB100233046A37203B015
:10C8A000BDE8F04F00F029B8304600F026F800F05F
:10C8B00007F805464CE740F8081C704701F018BA25
:10C8C00007B501F080F870B1084B6846196800F0B0
:10C8D00005FDDDE900014FF47A72002309F09AFCAE
:10C8E00003B05DF804FB01F06BFFF9E7F82C0020C2
:10C8F00000207047704701F06FB801F083B8000066
:10C9000008B5024901F036FF002008BDA840030029
:10C9100001F039BF012101F033BF08B5012341EA1D
:10C92000E172194601F04AFF431E5842584108BDC2
:10C9300070B50E460446154602F0A8FF013609D030
:10C940002046002103F016F829462046BDE8704035
:10C9500002F0EEBF70BD000037B590F900300D4613
:10C96000591C04D114491548212200F085FF0124E7
:10C97000AAB11F2B86BF124A03F01F034FF0A0423B
:10C9800004FA03F3C2F808350121019002F0F2FF26
:10C990000198294603B0BDE8304002F0C9BF1F2B03
:10C9A00086BF074A03F01F034FF0A04204FA03F3C7
:10C9B000C2F80C35E8E700BFF73B03005937030026
:10C9C000000300500322FFF7B3BFFFF7B1BF37B535
:10C9D0000D460446019202F059FF013507D0019A35
:10C9E0000021204603B0BDE83040FFF7B5BF03B0DB
:10C9F00030BD0000F8B5069F04460E461D463ABB02
:10CA00001A46FFF795FF013615D094F900305A1CED
:10CA100004D115491548212200F02EFF01225FB1F3
:10CA20001F2B86BF124903F01F034FF0A04102FAEB
:10CA300003F3C1F80835F8BD1F2B86BF0C4903F07E
:10CA40001F034FF0A04102FA03F3C1F80C35F2E7DF
:10CA500002F01CFF0136EED03A4629462046BDE8DA
:10CA6000F840FFF779BF00BFF73B030059370300D9
:10CA70000003005000487047B0400300024B1B68A1
:10CA80000BB1024818477047E4040020B04003008F
:10CA90002DE9F047466896F8327087BB03685B68FB
:10CAA0009847346A84422AD0336996F93420306238
:10CAB000041B1C40B368A4FB0345CAB1736A14EBA2
:10CAC000030845F10009002A1BDBC2F12001A2F195
:10CAD000200328FA02F409FA01F10C4329FA03F3BE
:10CAE0001C4329FA02F504FA02F2A8EB0202726270
:10CAF000D6E90A321B1945EB0202C6E90A32BDE843
:10CB0000F087D6F80CA03B4652464046494609F00D
:10CB1000D1FB04460D460AFB1082E8E7824206D9A3
:10CB20008A420BD9884294BF002001207047884276
:10CB300006D98A428CBF002001207047012070472F
:10CB4000002070472DE9F3474668376B27F07F4791
:10CB500027F0FF070446002F63D1FFF799FF7368A2
:10CB6000002B61D0D3E90001D6E90A238B4208BF2C
:10CB7000824205D323685B6902B0BDE8F0471847DD
:10CB80006568D5E90A32B0EB030861EB0209D5E923
:10CB900006234B4508BF4245D5F814A020D3EB68C7
:10CBA00095F933C0A3FB080103FB0911BCF1000F89
:10CBB00013D0AA68531EC01841F10001BCF1000F48
:10CBC0001CDBCCF12002ACF1200320FA0CF001FABE
:10CBD00002F2104321FA03F31843824528BF82462C
:10CBE0002A6A336A92442A690AEA0202934209D104
:10CBF0001349144840F2C91200F03EFE3B4609F0CA
:10CC000059FBEAE72368019210461B69984723689D
:10CC10005B689847019A0146306AFFF77FFF00285A
:10CC2000A8D102B0BDE8F0877369306A3269184450
:10CC300023681B69104002B0BDE8F047184700BFE9
:10CC4000F140030003410300436893F830202DE9CD
:10CC5000F3470646002A7DD193F83230002B79D174
:10CC600003681B6898473368DB69984703682BB9EA
:10CC70003A493B4800931A4601F020F8394C1946CE
:10CC80002246B1FBF4F402FB14141146002CF7D138
:10CC90007768344CB4FBF2F10125B9601F24013CE4
:10CCA00003D305FA04FC6145F9D1B3FBF2F287F82E
:10CCB0003340FA601F24012303FA04F5AA4201D08D
:10CCC000013CF9D287F8344043681D1F1C2D05D95B
:10CCD00000232549254800931A46CDE7202B1CBF89
:10CCE000012098404FF0070404FA05F414BF00F146
:10CCF000FF304FF0FF30002338617C6112F1FF30CC
:10CD00004FEAE479A4FB014501FB095543F1FF31EA
:10CD1000201845EB01019A4609F0CCFA3368C7E9BF
:10CD20000601C7E900AA5B6898477368386200216A
:10CD300001220020C3E90A01C3F824A030461A8664
:10CD400083F832A0FFF7A4FE304602B0BDE8F047FA
:10CD5000FFF7F8BE02B0BDE8F08700BF274103002F
:10CD60000E01048040420F00404103000501048091
:10CD70002DE9D00316461F464268059B8B60C1E92A
:10CD800000675368002433B9CB606CB95160BDE8CB
:10CD9000D003FFF7D7BED3E900894F4508BF46450A
:10CDA000F2D31C46DB68EEE7D2E90A23BB4208BF98
:10CDB000B242E160EBD2BDE8D003704738B505461A
:10CDC0000C46FFF741FF00F007FE6B681C60BDE8F2
:10CDD000384000F017BEF8B5054600F0FDFDD5E976
:10CDE0000034DB68984794F832301BB1BDE8F84056
:10CDF00000F008BE012384F831306368ABB12846E7
:10CE0000FFF746FE6168D4E90A67D1E900239F4233
:10CE100008BF964209D36B685A68CB686360236881
:10CE2000002BEAD090689847E7E7002384F8313078
:10CE30002846FFF787FED9E710B586B0CDE9042173
:10CE40000393089C029000F0C7FD0298FFF720FEB4
:10CE5000DDE90332059902980094FFF789FF06B0D7
:10CE6000BDE8104000F0CEBD38B505460C4600F0D8
:10CE7000B3FD6A685368A34209D1DB685360284652
:10CE8000FFF760FEBDE8384000F0BCBD1346002B44
:10CE9000F8D0DA68A242F9D1E268DA60F2E738B590
:10CEA0000446FFF7D1FE00F097FD2046FFF7F0FDA6
:10CEB0006368D3E90A4500F0A5FD2046294638BD40
:10CEC00008B5FFF7ECFF08BD024B00221A7004F012
:10CED00051B800BFA1B8002008B503F0B7FF024B5E
:10CEE00001221A7008BD00BFA1B800200048704799
:10CEF0007C410300024B1B680BB102481847704786
:10CF0000E80400207C41030091F90C2091F9041001
:10CF100003F07ABC024B1B6803B11847704700BF8F
:10CF2000C02B002007B5019000F056FD019803B01A
:10CF30005DF804FB07B5019000F064FD019803B0B3
:10CF40005DF804FB007B704738B50D4B0360002390
:10CF5000C0E90131027304460A480D46FCF76CFF34
:10CF600001F076FC55B1084B1A6862601C600548F8
:10CF7000FCF762FF01F08AFC204638BD6560F6E7E9
:10CF8000B8410300C82B0020C42B0020144B10B55F
:10CF9000036004461348FCF74FFF01F059FCA368F7
:10CFA0002BB1114962680B68A34212D10A600F4B82
:10CFB0000C481A68A24204BF00221A60FCF73CFF2A
:10CFC00001F064FC237B13B9201F01F06DFA2046A9
:10CFD00010BD19465B68A342FBD14A60E7E700BF7A
:10CFE000B8410300C82B0020C42B0020F02B0020E8
:10CFF00010B50446FFF7CAFF2046102101F050FA91
:10D00000204610BDF8B5064617480D46FCF714FF3C
:10D0100001F01EFC154B1C68A4B1A76887B1384607
:10D020000FF0AEF8A8420BD12A46314638460EF032
:10D030009FFB28B90C48FCF7FFFE01F027FC11E02C
:10D040006468E9E7072DF5D109482A4631460EF014
:10D050008FFB0028EED10448FCF7EEFE01F016FC31
:10D06000044B1C682046F8BDC82B0020C42B0020B0
:10D07000A8410300F02B002000207047036870B522
:10D080001B690122002104469847051E0DDB236819
:10D0900002221B690021204698472368064629463C
:10D0A0001B690022204698473546284670BD00007F
:10D0B00070B50E460025C0E900550F4904463046BC
:10D0C0000FF0CCF830442060294623681A782F2AC4
:10D0D00007D10133236051B9084909482A2200F0D9
:10D0E000CBFB002AF7D0013301312360EDE7FFF7D6
:10D0F00089FF6060204670BD104203002C4203008F
:10D100003942030000687047406808B520B1FFF756
:10D1100019FF431E5842584108BD10B50446FFF799
:10D12000F3FF10B1606800B1043810BD406808B565
:10D1300020B1FFF707FFB0FA80F0400908BD10B535
:10D140000446FFF7F3FF10B1606800B1043810BD6A
:10D150004068003818BF0120704700207047F8B5BC
:10D1600003681B6D0D4604468F1898472E46BE4235
:10D17000236806D09B6C16F8011B204698470130A7
:10D18000F5D1236820465B6D9847701BF8BDF8B554
:10D1900003681B6D0D4604468F1898472E46BE4205
:10D1A000236807D0DB6C20469847431C02D006F862
:10D1B000010BF4E7236820465B6D9847701BF8BDB0
:10D1C0000020704700207047704700000F4B13B5D8
:10D1D0000022044640F8043BFFF7B6FE0C4B2360E8
:10D1E00060336360002363610A49204601F0BAF9A5
:10D1F0000346606128B9009002460749074800F0DD
:10D200005DFD00F031FF204602B010BDC8410300B3
:10D21000C04203004242030045420300190101805D
:10D220000A4B03F10802683310B5044602604360FC
:10D2300040690CF0DBFF064B23602046503340F87A
:10D24000043FFFF7A3FE204610BD00BFB842030015
:10D250006042030010B50446FDF74AFC094B236009
:10D26000A069FFF71CFE00220023C4E90C23002361
:10D27000C4E90801C4E90A01C4E90E3384F8403066
:10D28000204610BD804303004FF0FF307047000080
:10D2900038B590F83F50044625B1094909488E2217
:10D2A00000F0EAFAFDF744FC94F84030A5872BB172
:10D2B00084F84050BDE8384000F0D8BD38BD00BF0C
:10D2C000424303004F43030010B5044601F1300010
:10D2D00000F013FBC4E90001204610BD10B5044660
:10D2E0008869FFF7DCFDC4E90001204610BDD0E9E4
:10D2F0000C32013342F10002C0E90C32D0E90A32AB
:10D3000013F57A7342F10002C0E90A327047D0E99E
:10D310000A2312F57A7243F10003FDF7FFBBF8B55B
:10D320000D4604468869FFF7BAFDD5E90A32C61AE8
:10D3300061EB0207002F08BFB6F57A7F05D2002205
:10D340000023C4E900232046F8BD002F08BFB6F52E
:10D35000FA6F01D20122F3E7002E77F101034FF4B7
:10D360007A724FF000033046B4BF0021394608F00E
:10D37000A1FFC4E90001E6E791F83F30F7B50546A3
:10D380000C4613B991F83C6026B112491248E522C7
:10D3900000F072FA6846FFF7C2FFDDE900324FF491
:10D3A0007A71A663A3FB016701FB0277D4E90A1037
:10D3B000891947EB0000C4E90A10D4E90C105B1886
:10D3C00040EB02022846C4E90C32C5E9003203B042
:10D3D000F0BD00BF4243030059430300DFB51F46C1
:10D3E00090F83F300446164623B120492048582281
:10D3F00000F042FA90F83C3063B9014602A8FFF70A
:10D40000BBFFDDE90223BB4208BFB24204D30123C4
:10D4100084F83D3004B0D0BD214602A8FFF754FF88
:10D420004FF47A73A6FB030103FB0711D4E9082329
:10D43000821894F8400041EB03030121A18760B9F1
:10D44000A069006890F8200038B984F84010CDE950
:10D45000002300F0F5FCDDE900230021204684F8DC
:10D460003E1004B0BDE8D040FDF758BB4243030076
:10D470004F430300024B4FF080625A60704700BF79
:10D4800000ED00E008B50121383000F024FA08B1C1
:10D49000FFF7F0FF08BD012310B580F83F30836B24
:10D4A00004460BB1FFF7E6FF2046FFF730FF10BD43
:10D4B00090F83C3010B504464BB1002380F83C3066
:10D4C00090F83E3013B9012380F83D3010BD90F83C
:10D4D0003F30002BFAD0836B01338363FFF7CAFF21
:10D4E0002046FFF704FF2046FFF711FFEEE700009C
:10D4F000024B4FF000725A60704700BF00ED00E031
:10D5000010B50446FDF714FB002384F83F30FFF705
:10D51000EFFF10BD102300F007B8202300F004B87F
:10D52000302300F001B840239C46F0B404AE7546A9
:10D53000E80801D3EFF309860E4F0FCE0FC70FBCDB
:10D540000FC74046494652465B460FC71DCE3100C5
:10D55000A60A00D304316E0900D248311FC7EFF389
:10D5600009806946EFF3148663C76046014900F0FD
:10D5700079F800BFA4B80020F0B52C4E2C4F85B030
:10D5800000243546214656F8042B3846013400F075
:10D5900007FA0D2CF6D1AB6C02936B6C01932B6CDC
:10D5A000244C0093D5E90E23696B234800F0F8F969
:10D5B0002168224800F0F4F9E16AA26AA36AA06A2D
:10D5C000266BE76B000CCDE901670090C3F30723DE
:10D5D0001B48D2B200F0E4F9A36A1E0603D5616BC2
:10D5E000184800F0DDF9A36A180403D5A16B1648AA
:10D5F00000F0D6F9EB6C190712D5144800F0D0F9F9
:10D600002B6DDA070FD5124800F0CAF9EB6C5B07F7
:10D610004CBF1048104805B0BDE8F04000F0C0B95C
:10D620000E4800F0BDF90E48EEE700BFA4B8002098
:10D630008443030000ED00E092430300E143030054
:10D64000EF4303003E4403004C4403005A440300EC
:10D650006944030099440300A5440300894403007E
:10D660007644030007B504460D461A48012100F030
:10D670003BF968BB184800F093F9302C19D0402CC6
:10D680001CD0202C1FD11548154C00F089F91548E5
:10D6900000F086F9FFF770FF134800F081F90D4B99
:10D6A00000221A700023114900932A46204600F0F8
:10D6B00005FB0F480F4C00F073F9E8E70E480F4CDC
:10D6C00000F06EF9E3E70E480E4C00F069F9DEE772
:10D6D0000024E7E7F8B80020B1440300DA4403006F
:10D6E0003E01FF800745030012450300314503005A
:10D6F000E94403003F01FF80F24403004001FF8042
:10D70000FD4403003D01FF80F8B515460C4699B174
:10D7100051F8087C95B128460DF00CFD064648B13D
:10D72000AF423A46214628BF2A460EF053F820461B
:10D730000DF008FD3046F8BD0F46EBE72E46F9E741
:10D7400013B54A43104601920DF0F4FC044618B19B
:10D75000019A00210EF03CF9204602B010BD0000F5
:10D7600070B506461D481E4C0D46FCF765FB01F0E2
:10D770006FF815F1090F2CD805F1080130460DF0AE
:10D78000E9FC30B3A268174B05602A444360A260ED
:10D7900022692368A1690132226162682B449342A5
:10D7A00050F8042C88BF63602360002AA0F10403B2
:10D7B000B8BF9B184D1B1B6823F001031D4400F1EB
:10D7C0000806A5610548FCF737FB01F05FF8304615
:10D7D00070BD6369013363610026F3E7102C0020FC
:10D7E000F42B0020EFBEADDE00B572465DF804EB11
:10D7F000FFF7B6BF38B5054619480C46FCF71CFBC9
:10D8000001F026F81CB354F8042C164B9A4225D18B
:10D8100054F80C1C54F8082CA4F10C030029B8BFD0
:10D820005B181968002344F8043C0F4B1868801AF1
:10D830001860186901381861986921F001010244E3
:10D84000521A9A61A4F1080128460CF05DFF0448C1
:10D85000FCF7F2FABDE8384001F018B82146F3E7CA
:10D86000102C0020EFBEADDEF42B002000B5724678
:10D870005DF804EBFFF7BEBF07B50B46009201460B
:10D880000022014800F01AFA4401FF8003460122F9
:10D89000D3E84F0FC3E8412FC0B20029F8D1704739
:10D8A000D0E85F3F5B18C0E8523F002AF8D198B239
:10D8B0007047034653E8000F401843E80002002A6F
:10D8C000F8D17047D0E85F3F5B1AC0E8523F002AAA
:10D8D000F8D198B27047034653E8000F401A43E866
:10D8E0000002002AF8D170470346D3E84F0FC3E87F
:10D8F000421FC0B2002AF8D1704738B5044600F084
:10D900006BF8D4E9004500F07DF82046294638BD83
:10D9100008B500F061F8FEE773B500220146044641
:10D92000022000F04BFC0D2600F056F800222546A0
:10D9300014F8013B1BB900F065F802B070BD0A2B6A
:10D9400009D10D2A07D001220DF1070102208DF81F
:10D95000076000F033FC01222946022000F02EFC73
:10D9600014F8012CE3E7000000B5A3B002460B4613
:10D9700001A8842110F084FD832806D9074B1A687A
:10D980001B79CDF883208DF88730002802DD01A8AF
:10D99000FFF7C2FF23B05DF804FB00BF4145030061
:10D9A0000FB407B504A951F8040B0191FFF7DCFF90
:10D9B00003B05DF804EB04B07047EFF31080C04390
:10D9C00000F001007047EFF30580003818BF012018
:10D9D000704701F029BE000008B501F015FE064AA7
:10D9E0001368591C04D1054905483F22FFF744FF3D
:10D9F0000133136008BD00BF382C002060450300D0
:10DA000070450300044A136823B1013B13600BB94E
:10DA100001F002BE704700BF382C002008B50B484B
:10DA2000FFF734FF28B1FFF7D7FFBFF34F8F20BFB9
:10DA3000FDE7FFF7C8FF08B1FFF76AFFFFF7BDFF7B
:10DA40000028F9D0012000F00AFB00BF782C00204C
:10DA50002DE9F0414B4C0E462168C1F34173032B75
:10DA60000CBF4D428DB2C1F3074398B080461746B4
:10DA700045482A46FFF794FF6FF498731D44132D11
:10DA80000FD8DFE805F00A6265686B716E740E0EE0
:10DA90000E0E0E0E0E0E0E0E0E77A1683B48FFF70F
:10DAA0007FFF4046FFF738FF61683948FFF778FF8E
:10DAB0004EB13848FFF730FF3046FFF72DFF3648AC
:10DAC0003946FFF76DFFA1683448FFF769FF236807
:10DAD000334A1A44012A05D9324A934202D0033A02
:10DAE00093424BD1A06820B1C06C80F00800C0F315
:10DAF000C000E368002B43D059682B4A002908BFB7
:10DB00001146E2690392A269029262690192226956
:10DB10000092264D264A002818BF2A462548FFF7BE
:10DB20003FFF04A800F0C8FD079B01939DF8183043
:10DB3000216800932048DDE90423FFF731FF1F48E7
:10DB4000FFF72EFF18B0BDE8F081A1681C48A6E7DA
:10DB5000A1681C48A3E7A1681B48A0E7A1681B486F
:10DB60009DE7A1681A489AE7A1681A4897E7A16853
:10DB7000194894E71948FFF713FF92E70020B8E728
:10DB80000949BEE77C2C0020B64503000746030088
:10DB9000AF460300C0460300C8460300CC4603005E
:10DBA000C2FE007F4001FF80A1450300AB4503009A
:10DBB00030450300E046030039470300B347030044
:10DBC0001D4603002D4603003C4603004F4603005C
:10DBD0006346030077460300864603009C46030025
:10DBE00070470000F0B5294D8FB035EA200528BFF9
:10DBF00005460E4617460021302202A80DF0E8FE29
:10DC0000234B01952B44012B01AC039605D9214BE5
:10DC10009D4202D0033B9D4232D1F36B0293736B62
:10DC200008931D4B5B690493DA6B05925A6B1B6B6F
:10DC300006920793FFF7D0FE184A13680133012BB1
:10DC4000136009D126460FCE154D0FC50FCE0FC557
:10DC50000FCE0FC533682B600FCC124D0FC50FCC04
:10DC60000FC50FCC0FC523682B600F4B1B68A5F1A8
:10DC7000300043B19847FFF7C5FE00200FB0F0BD5C
:10DC800002970894CDE7FFF7ABFFF4E70101FF80AF
:10DC9000C2FE007F4001FF80380400203C2C0020A1
:10DCA000442C00207C2C0020402C002000207047B9
:10DCB000014B1878C0B27047F8B8002080B506460E
:10DCC0000C460A480121F04617461D46FFF70CFE98
:10DCD00048B9424639463046FFF784FF029A294642
:10DCE0002046FFF7B5FEFFF799FE00BFF8B8002009
:10DCF00038B5064C23683BB9FEF7BCFE044D01461F
:10DD00002846FFF7A7FA2560206838BDF82C0020C8
:10DD1000B02C002008B5836823B9054B1B6893F825
:10DD20003D0008BDC06898470028F6D0F9E700BF5D
:10DD3000F82C0020F7B5194D04464FF0FF366FF070
:10DD400000472046FFF7E6FF30BBD4E90023BB4283
:10DD500008BFB24202D02868FFF740FB01A8FFF7D6
:10DD6000E1F82046FFF7D6FF98B9D4E90023BB427B
:10DD700008BFB24207D100F09DF801A8FFF7DAF81A
:10DD8000BFF36F8FDDE72B6893F83C30002BF2D1A7
:10DD9000F3E701A8FFF7CEF803B0F0BDF82C0020A0
:10DDA00030B587B0CDE902230A9B0C4D04930B9B41
:10DDB00005930446FFF79CFF02A8FFF7BBFF286806
:10DDC000FFF766FA68462968FFF7D6FADDE900230F
:10DDD0002046C4E9002307B030BD00BFF82C002066
:10DDE0002DE9F0410E4D86B006460F4604A829687D
:10DDF0009046FFF769FA2B68DDE904019B6BC41AB2
:10DE000061EBE375A21902A8CDE9007845F10003A2
:10DE1000FFF7C6FF0298001B06B0BDE8F08100BF07
:10DE2000F82C002010B5054C236813B9FEF722FE2C
:10DE300020602068BDE81040FFF731B8082D0020B1
:10DE400013B5074C01212046FFF72AFD034628B9E8
:10DE50000090228803490448FFF730FF02B010BD4C
:10DE6000FC2C0020CD4703002301048013B5094C8E
:10DE700001212046FFF726FD4FF6FF73984206D199
:10DE800000232288044905480093FFF717FF02B0DA
:10DE900010BD00BFFC2C0020EF47030024010480CC
:10DEA000034B188880B2B0FA80F04009704700BF79
:10DEB000FC2C0020F8B5FFF78FFDFFF7B3FF0646F7
:10DEC0000F46FFF7EDFF0446A0B102F0A3FFFFF7F6
:10DED000A9FF05468CB10F48D0E90043A21B63EBB4
:10DEE0000707521947EB0101C0E90021BDE8F840DE
:10DEF000FFF788BD02F06AFFE9E7074CD4E900208C
:10DF0000931B60EB07005B1940EB0101C4E9003192
:10DF1000ECE700BF002D0020102D00206FF01C004A
:10DF200070476FF015007047012070470020704760
:10DF300070470000034B186818B14FF0FF31FAF733
:10DF40003FBE7047F0340020024B186808B1FAF762
:10DF50004FBE7047F0340020F8B5074E15460C460A
:10DF60008F18BC4205D014F8011B304602F0B4FEF5
:10DF7000F7E72846F8BD00BFAC30002038B511F0F7
:10DF800001048DB205D0084802F0DCFE041E18BF63
:10DF90000124EB0605D5044802F0F4FE08B144F074
:10DFA0001004204638BD00BFAC30002010B5044638
:10DFB0000DF0C8F8204610BD10B50C462AB1044833
:10DFC00002F04CFE2070012010BD1046FCE700BF9F
:10DFD000AC30002038B5084B0360084B1B68044682
:10DFE000154633B90648FEF78FFF0548294602F06B
:10DFF0001BFD204638BD00BF384903001831002002
:10E00000AC300020002070470020704707B5002387
:10E010000249034800931A46FFF750FE0D480300DB
:10E0200029010180074A084913681844884289BFBA
:10E03000064B10600C224FF0FF308CBF1A60184660
:10E04000704700BFEC05002000FC0320D8B9002079
:10E0500008B508B1FFF75CFCFEE70120704708B582
:10E06000FFF7F6FF0120704700210DF0C1BD08B594
:10E07000FBF706FD08BD08B5FBF70AFD08BD00006B
:10E0800010B50446037803F00303012B08D0FFF713
:10E0900051FF237803F00302012A03D1FFF754FF55
:10E0A00000200AE02AB1054905484FF4D462FFF781
:10E0B000E3FB43F002032370012010BD314803004D
:10E0C0004348030008B5037803F00302022A05D091
:10E0D0000749084840F2A962FFF7CEFB23F003038B
:10E0E00043F001030370BDE80840FFF72DBF00BFF8
:10E0F00031480300614803003F2870B504462EDC18
:10E10000184D55F820305A1C13D1022811DCFFF7A6
:10E110007BFF034658B92046FFF774FF034630B92A
:10E12000114E3378BFF35B8FDB0704D50F4B45F8F7
:10E130002430184670BD3046FFF7A2FF0028F5D006
:10E140000B490A484FF4E132FFF744FF3046FFF72E
:10E15000B9FF084A08490548FFF77FFFE6E70023B3
:10E16000E7E700BFEC040020182D0020C42D00209C
:10E17000804903000002002031DF010038B5054668
:10E18000FFF7BAFF0B4B002443F8254030B90BF0E2
:10E19000BFFF092303604FF0FF3038BD03685B69A0
:10E1A0009847051E04DA0BF0B3FF6D420560F2E7F5
:10E1B0002046F2E7EC040020FFF7E0BF13B5CDE9FD
:10E1C0000021FFF799FFDDE9002140B90BF0A0FF26
:10E1D000092303604FF0FF34204602B010BD0368EE
:10E1E000DB689847041EF7DA0BF092FF6442046084
:10E1F000F0E713B5CDE90021FFF77EFFDDE900214F
:10E2000040B90BF085FF092303604FF0FF3420462F
:10E2100002B010BD03689B689847041EF7DA0BF044
:10E2200077FF64420460F0E710B5FFF765FF04462E
:10E2300028B90BF06DFF09230360204610BD036869
:10E24000DB699847041EF8DA0BF062FF6442046051
:10E250000024F2E737B54023CDF8010005466846B3
:10E260008DF800300CF0F8F9044630B12846FFF77D
:10E27000DBFF10B12046FFF7F7FE204603B030BDAC
:10E280002DE9F04F85B006460F469046FFF79BFB01
:10E29000054630B100232D492D4800933246FFF743
:10E2A0000DFDFFF78AFB0028F4D0B8F1000F09DA62
:10E2B0000BF02EFF162303604FF0FF34204605B00D
:10E2C000BDE8F08F3046FFF7AFFF044658B3214A50
:10E2D000DFF884A0935D2C4691464FF00D0BA845C6
:10E2E00021DD7A5D0A2A1BD10D2B039318D0AC4295
:10E2F0000CDA2A1B39193046FFF760FF0028039B10
:10E30000DADB0444A542D9DC09F806300122514683
:10E310003046FFF753FF0028CEDBCFD009F806B018
:10E320007B5D0135DBE7A045C8DDA8EB04023919A8
:10E330003046FFF743FF0028BEDB24181FBF3F19FC
:10E34000044B17F8012C9A55B8E700BF9848030012
:10E350002F0101805C2D0020D2480300FFF764BF2D
:10E360007FB504460D461646FFF72DFB30B100235E
:10E370001D491E4800932246FFF7A0FCFFF71DFB36
:10E380000028F4D0002E06DA0BF0C2FE162303603C
:10E390004FF0FF3018E02046FFF746FFE8B1144E7B
:10E3A00001220DF10F012046FFF723FF0028EFDBCC
:10E3B0000AD09DF80F300D2B08D1325D0A2A335553
:10E3C000EED00A232B70012004B070BD0A2B02D1BD
:10E3D000325D0D2AF3E73355F4E7324629462046ED
:10E3E000FFF707FFF0E700BFD44803002F010180CB
:10E3F0001C2D002013B5CDE90021FFF77DFEDDE9DE
:10E40000002140B90BF084FE092303604FF0FF3474
:10E41000204602B010BD03681B699847041EF7DA56
:10E420000BF076FE64420460F0E7FFF7E3BF38B517
:10E430000D46FFF761FE044630B90BF069FE092373
:10E4400003604FF0FF3038BD0368DB699847002850
:10E4500014BF4FF400534FF400436B602368204611
:10E460009B6A984728610020EDE7FFF7E0BF0000B6
:10E470001FB503900CF05EFE039A034620B900908E
:10E4800003490448FFF71AFC05B05DF804FB00BF20
:10E49000104903001F0101800CF04CBE0CF052BE6D
:10E4A0000CF050BE0CF04EBE10B504460B48FBF706
:10E4B000C3FC00F0CDF90A4A4023002152F8040BB6
:10E4C000A04208BF42F8041C013BF7D10348FBF708
:10E4D000B3FCBDE8104000F0D9B900BF9C2D00206E
:10E4E000EC04002010B51248FBF7A6FC00F0B0F9D0
:10E4F000104B032453F824207AB10134402CF9D175
:10E500000BF006FE182303600948FBF795FC00F0AA
:10E51000BDF94FF0FF34204610BD4FF0FF320448E4
:10E5200043F82420FBF788FC00F0B0F9F3E700BFC4
:10E530009C2D0020EC04002010B50446FFF7D2FF0C
:10E54000002807DB044B054A43F8204000231354FE
:10E55000034A135410BD00BFEC0400201C2D002002
:10E560005C2D002073B506460191FFF7E5FF051EFF
:10E5700013DB0199FFF76EFE044630B9084B53F8E0
:10E580002520964204D143F82500204602B070BDF4
:10E590000BF0BEFD09230360F7E70024F5E700BF99
:10E5A000EC0400200EB42DE9F04187B00190FFF794
:10E5B00099FF041E13DB00230199039304A8FEF7BF
:10E5C00077FD04A8FEF7C4FD1E4E054668B90BF0A2
:10E5D0009FFD1323036046F824504FF0FF3420467C
:10E5E00007B0BDE8F04103B0704704A8FEF79EFDF8
:10E5F000074604A85FB1FEF7A2FD0390039B124AF1
:10E6000046F8243000231355104A1355E7E7FEF768
:10E6100084FD05460028DAD0036804A8D3F80880F2
:10E62000FEF770FD0D9B024603A92846C04705462C
:10E630000028E3D00BF06CFD6D42056046F82470B5
:10E64000CBE700BFEC0400201C2D00205C2D002037
:10E6500070B50E46154905460DF026FC044618B95E
:10E66000FFF74AFD204670BD114928460DF01CFCFD
:10E6700020B90120FFF740FD0124F3E70D492846AA
:10E680000DF012FC20B90220FFF736FD0224E9E765
:10E690002B78402B02D1D5F80140E3E726F48031F6
:10E6A0002846BDE87040FFF77DBF00BFA0490300CA
:10E6B000A74903009849030010B5044620B90F4943
:10E6C0000F489022FFF7D8F84C22002104300DF0BB
:10E6D0007FF94FF2041323604FF0005323614FF48E
:10E6E000802323624FF480132364064B1B6863600E
:10E6F00002232372044BE36010BD00BFC94903002D
:10E70000D649030000ED00E05860010070B50446F2
:10E71000FEF7ECFB0646FEF7D3FB05463046FEF758
:10E72000CFFB431BA342F9D370BD00001FB50023EC
:10E73000CDE90013031D044602936846102303939A
:10E74000F9F7A2FA206020B9034904483522FFF7FF
:10E7500093F804B010BD00BFFA490300094A030052
:10E7600010B503490446FFF7E1FF204610BD00BF86
:10E770000D4A030010B50446FFF7D8FF204610BD30
:10E780000068F9F799BA10B504460068F9F7ECFA91
:10E79000204610BD10B49DF804400CB942F00202AE
:10E7A00000685DF8044BF9F7B5BA07B50093134656
:10E7B0000022FFF7EFFF03B05DF804FBFFF7F5BFA2
:10E7C00013B5FFF709F9F9F7BDFC094B1A68186092
:10E7D0008242084A82BF11680131116011680191BB
:10E7E0000446FFF70FF90199204602B010BD00BFA3
:10E7F000D42D0020D02D00201FB5002303620D4B27
:10E80000002908BF1946031D02931C2304460393E5
:10E8100068460B2300910193FAF7BAF9206038B9E2
:10E82000FFF746FA20B9044904483D22FFF724F8CF
:10E8300004B010BD2D4A03005D4A0300674A03007F
:10E8400010B500210446FFF7D7FF204610BD000099
:10E8500037B504464FF0FF310068FAF7B1F90546C5
:10E8600020B9236A0133236203B030BDFFF720FAD9
:10E8700003460028F8D10349034800932A46FFF7CE
:10E880001DFA00BF8B4A030015010280036A013B99
:10E8900013B503620068FAF7ABF9044648B1FFF715
:10E8A00007FA034628B90090034904482246FFF7B7
:10E8B00005FA02B010BD00BF9D4A03001701028097
:10E8C00010B504460068FAF7ABF9204610BD000009
:10E8D0001FB504460023CDE90033231D10460293E3
:10E8E0006A4610230393FAF7C9FA206020B9034956
:10E8F00003483722FEF7C0FF04B010BDC74A03002B
:10E90000D54A030010B54FF6FF720446FFF7E0FF4B
:10E91000204610BD13B500680C46FAF7C7FA024648
:10E9200070B1C11C4FF0000006D15CB100900649E7
:10E9300006480023FFF7C2F9931CF7D102B010BDBF
:10E940000120FBE72046F9E7E44A030014010280B6
:10E950000068FAF7D3BA10B504460068FAF7FCFA73
:10E96000204610BD08B538B1F9F73AF820B103498F
:10E970000348E322FEF780FF08BD00BF134B0300EE
:10E98000A74B0300FAF786BF2DE9F047DDE90857EA
:10E9900099466B07044618BF25F00706884692463D
:10E9A0004FF000014FF0440200F178000CBF2E46FA
:10E9B00008360DF00DF8B5FA85F300215B0984F8EF
:10E9C0003C30616184F83D10202204F11C000CF001
:10E9D000FFFF4D44074BC4F830A0AD1B25F00705E1
:10E9E000002F08BF1F46E562A761A662C4F8348005
:10E9F000BDE8F087B64B030013B5049CCDE90034A5
:10EA000013460A460021FFF7BFFF02B010BD70B5E4
:10EA100000F1540504462846FFF71AFF04F14000B0
:10EA20006669FFF795FF0023636194F83D302BB1D1
:10EA300000242846FFF72AFF204670BD012384F8F2
:10EA40003D30002EF4D03046FAF73AFF0446F0E7A6
:10EA500013B5044654300190FFF7FAFE636901983C
:10EA60003BB19C6B1B6BE41AFFF710FF204602B012
:10EA700010BD1C46F8E7000010B50D4B03600446BE
:10EA8000FFF7C5FF94F83C302BB1A06A08B1FFF73F
:10EA900009FD0023A36204F15400FFF711FF04F104
:10EAA0004000FFF758FF201DF1F760FC204610BD25
:10EAB000DC4B030010B50446FFF7DEFF2046BC2107
:10EAC000FFF7EEFC204610BD70B5044600F154057A
:10EAD00028460E46FFF7BCFE636913B994F83D3033
:10EAE0002BB12846FFF7D2FE6FF0030070BDA36A7A
:10EAF00053B124490023E26AB3EB920F18D2A26A01
:10EB000042F823100133F6E7E06A1F4B1F49984291
:10EB100094BF20F003004FF0FF30FFF7BDFCA06270
:10EB20000028E6D12846FFF7B1FE6FF00400DDE7CC
:10EB30004423636204F1780323623146201DF6F713
:10EB40005DF9134804F118022146FAF777FE606177
:10EB500090B994F83C302BB1A06A08B1FFF7A2FC41
:10EB60000023A3622846FFF791FE04F14000FFF75F
:10EB7000EFFE6FF00200B9E72846FFF787FE00209E
:10EB8000B4E700BFA52E5AE2FBFFFF7F60500300F1
:10EB900095EB010010B504460430F6F797FA04F13E
:10EBA0005400FFF755FE00236361012384F83D30D4
:10EBB00004F14000BDE81040FFF7CABE4FF08043AB
:10EBC000D3F8383413F0010004D013F0020F14BF4F
:10EBD000022001207047704708B5FFF7EFFF0128BA
:10EBE00004D0FFF7EBFF831E5842584108BD704721
:10EBF00001230372704700230372704770470000BF
:10EC000000487047EC4C030010B5F4210446FFF7B0
:10EC100047FC204610BD08B50023437203F034FBC7
:10EC200008B103F0BFFE03F025FB18B1BDE80840B2
:10EC300003F0DABE08BD03F08FBB70B5044608468A
:10EC40004900C9B201EBD0110C264E4306F11C0558
:10EC50006119002534444D608D60C4E9072303F039
:10EC600091FBB0FA80F0400970BD70B504460846CB
:10EC70004900C9B201EBD0110C254D4305F11C012F
:10EC8000214400262C444E608E60C4E907231BB942
:10EC9000636A43F00103636203F074FBB0FA80F02F
:10ECA000400970BD002003F0E1BB084603F0DEBB65
:10ECB00003F09FBC13B514460846019103F0E0FE33
:10ECC0000198A1B203F0EEFA019802B0BDE810403D
:10ECD00003F032BB01F07F03082B07B5084603D0D1
:10ECE000019103F013FC019803B05DF804EB03F00D
:10ECF00095BE084603F0E4BB10B508460C4603F089
:10ED0000EBFB10B1204603F00FFF204603F0FEFBA3
:10ED1000204603F083FE2046BDE8104003F0B0BE5D
:10ED2000084603F017BD0000036810B59B69044650
:10ED3000984703F0C5F920B1074908488422FEF737
:10ED40009BFD04F08DFA63680BB1FFF78FF8044A5E
:10ED500000236360136010BD4A4C03005C4C030049
:10ED6000E02D002008B501234372FFF727FF01289B
:10ED700010D103F07FFA08B903F0B2F9FFF71EFFD4
:10ED8000022807D103F080FA20B9BDE8084001202D
:10ED900003F044BA08BD000038B51E4B802204467B
:10EDA0000D46C3F88420BFF34F8FBFF36F8F4368C6
:10EDB0000BB9FFF745F86560002004F02DFA20B18B
:10EDC000582215491548FEF757FD154804F064FA16
:10EDD000144803F06DFA054608B16422F1E74021BA
:10EDE00003F060FA4021802003F05CFA0E4B0F4ADA
:10EDF0001C600F4B0F491D70D2F8303543F00103F2
:10EE0000C2F83035272000F027FABDE8384004F07A
:10EE100049BA00BF00E100E04A4C03005C4C03002B
:10EE2000304D030081F10100E02D00200070024010
:10EE3000DC2D0020E5F1010013B50B4601BBFAB94A
:10EE400090F9121000291BDA802003F023FB78B11F
:10EE5000164AD2F8003243F00403C2F80032144BD1
:10EE600001221A70134B8022C3F8042102B010BD96
:10EE7000114B01221A60BFF36F8FBFF34F8FEEE784
:10EE8000002400F11C01C0E907324462019103F043
:10EE90006FFB0199204603F075FA0028E6D0074978
:10EEA000074840F24312FEF7E7FC00BF0070024043
:10EEB000DC2D002000E100E0507002404A4C0300CD
:10EEC0005C4C030010B50B4609BB02BB018B19B1AA
:10EED00090F9121000291ADB002003F0DBFA70B160
:10EEE000164AD2F8003243F00403C2F80032144B41
:10EEF00001221A70134B8022C3F8042110BD124B5B
:10EF000001221A60BFF36F8FBFF34F8FEFE700242A
:10EF1000C0E90A3200F1280104631AB9036B43F017
:10EF200001030363802003F02DFA0028E6D007498F
:10EF3000074840F27112FEF79FFC00BF00700240CC
:10EF4000DC2D002000E100E0507002404A4C03003C
:10EF50005C4C0300044A026000224260028182721B
:10EF600001220274704700BF784C030010B50B4CAF
:10EF70002378BFF35B8FDB070ED42046FFF780F8C2
:10EF800050B10748FFF7E6FF2046FFF79BF8054A18
:10EF900005490348FFF761F8014810BDD82D00204E
:10EFA000E42D002000020020D7EB010010B504463C
:10EFB00003F0D2F903F01AFB064A00238021A37262
:10EFC000C2F88411044A1360BFF36F8FBFF34F8FF1
:10EFD00010BD00BF00E100E0FF6F0340034B802243
:10EFE000C3F884215A6004F05DB900BF00E100E07D
:10EFF000837A012B10B504464FD1037B062B1DD815
:10F00000DFE803F0150E04091C3D22004068036888
:10F01000DB6901212CE040680368DB69002127E0FF
:10F02000FFF7C4FF606803689B68984706E0037AAF
:10F0300023B14068E18903681B6A98470023A372E3
:10F04000BDE81040FFF7CABFC37B002BF6D1807B21
:10F0500003F042FA0028F1D194F90E206068A17BF8
:10F060000368002A06DA4A0601D15B69DDE79B6A7C
:10F070009847E3E709B91B69D7E75B6AF8E780209F
:10F0800003F052FD002003F04FFD04F1120003F0E5
:10F090004DFA60680368DB68C7E7022B1ED1037C6A
:10F0A000012B0FD0022B11D0002BC7D1437A002B9C
:10F0B000C4D003F0DFF808B903F012F86068036801
:10F0C0009B69A6E7406803689B69A7E703F0DCF843
:10F0D0000028B3D1012003F0A1F8AFE7032BADD195
:10F0E00094F912204068002A0368BEDAC3E70000E2
:10F0F000044B8022C3F88420BFF34F8FBFF36F8F80
:10F1000004F0D7B800E100E013B50C46FFF7F0FFBC
:10F11000402C28BF4024A1B20020019103F0C2F886
:10F120000199802003F0BEF8FFF758FF204602B097
:10F1300010BD37B5154604460191FFF7D9FF082DDC
:10F140002A46019828BF082204F112010CF042FB64
:10F1500003B0BDE83040FFF741BF000010B50446E2
:10F16000FFF7C6FF054B22681B685868DA6001226A
:10F170009A720368BDE81040DB6A1847E02D002052
:10F18000024B1B680BB1FFF7E9BF7047E02D002071
:10F1900010B50446FFF7ACFF054B1B6858681C749C
:10F1A00002229A720368BDE81040DB6A184700BF6C
:10F1B000E02D0020024B1B680BB1FFF7E9BF704741
:10F1C000E02D002010B5FFF793FF054B1B68586832
:10F1D00003229A720368BDE81040DB6A184700BF3B
:10F1E000E02D002010B5074C227832B1064B1B6889
:10F1F0000BB1FFF7E7FF00232370BDE8104003F0D9
:10F20000EDBA00BFDC2D0020E02D00200749084AA0
:10F21000084B9B1A03DD043BC858D050FBDC064862
:10F22000804706488047064800470000445D0300C9
:10F23000000200205010002099F20100AD020200EF
:10F2400041010100FEE7FEE7FEE7FEE7FEE7FEE71D
:10F25000FEE7FEE7FEE7FEE7024B103043F8201022
:10F26000704700BF00000020024B103053F8200010
:10F27000704700BF00000020054B1B68082B01BF32
:10F28000044B1868B0FA80F0400918BF002070479E
:10F29000300100103401001008B5FFF7EDFF40B158
:10F2A0004FF080430022C3F80C21C3F81021C3F8AB
:10F2B0003825FFF7E1FF002846D04FF08052644B1D
:10F2C000D2F80414C3F82015D2F80814C3F8241592
:10F2D000D2F80C14C3F82815D2F81014C3F82C1562
:10F2E000D2F81414C3F83015D2F81814C3F8341532
:10F2F000D2F81C14C3F84015D2F82014C3F84415F2
:10F30000D2F82414C3F84815D2F82814C3F84C15C1
:10F31000D2F82C14C3F85015D2F83014C3F8541591
:10F32000D2F83414C3F86015D2F83814C3F8641551
:10F33000D2F83C14C3F86815D2F84014C3F86C1521
:10F34000D2F84424C3F87025FFF796FF10B1414B63
:10F35000414A1A60FFF790FF18B1404BFB22C3F8F7
:10F360001825FFF789FF48B13D493E4B0A681B68E5
:10F3700022F00F0203F00F0313430B60FFF77CFF33
:10F3800018B1394B4FF400721A60FFF775FF48B19E
:10F390004FF08043D3F80024D20744BF6FF001023E
:10F3A000C3F80024314AD2F8883043F47003C2F81D
:10F3B0008830BFF34F8FBFF36F8F4FF01023D3F818
:10F3C0000022002A03DBD3F80432002B2FDA284B6B
:10F3D0000122C3F80425D3F80024002AFBD04FF003
:10F3E00010221221C2F80012D3F80024002AFBD008
:10F3F0004FF010231222C3F804221D4B1A46D3F8F3
:10F4000000140029FBD00021C3F80415D2F8003401
:10F41000002BFBD0BFF34F8F1449164BCA6802F480
:10F42000E0621343CB60BFF34F8F00BFFDE7124B89
:10F43000124A1A604FF0804301220021C3F81825B8
:10F44000C3F804119A60D3F80421002AFBD008BD48
:10F4500000C000408C5600404881030000F000408E
:10F46000E40E0040580200104096024000ED00E01B
:10F4700000E001400400FA05F00500200090D003F0
:10F480000D4B1A6882B042B100221A601B680B4A09
:10F490000193019B136801331360094B1A68094BF0
:10F4A0000AB91A7832B11A780AB100221A7002B079
:10F4B000FDF7E4BA02B0704704110140DC2E0020D1
:10F4C00044110140D82E0020F0B5234D2A7885B094
:10F4D00062B1224B00221A601B680193019B204BF2
:10F4E0004FF40032C3F8082305B0F0BD4FF080435D
:10F4F000C3F8042101229A60D3F80421002AFBD02A
:10F50000174C184B184900260127666011201F6010
:10F51000FFF7A2FE114BC4F808651E601B68039339
:10F52000039B124B1E601B680293029B4FF0021359
:10F53000C4F848330223C4F804330D4B4FF40032AF
:10F540004021C4F8082383F81113C3F880211A60FE
:10F5500027602F70C8E700BFD92E0020441101405A
:10F56000001001400410014081F401000411014029
:10F5700000E100E0094B01221A60094A4FF4003310
:10F58000C2F80833074AC2F88030BFF34F8FBFF389
:10F590006F8F054B00221A70704700BF04100140A6
:10F5A0000010014000E100E0D92E002073B50446B0
:10F5B0000E461546FEF710FA114B24F07F40D3F8A3
:10F5C0000445A04204D0013424F07F44844202D197
:10F5D000023020F07F4006F5A87643F82600D3F8E5
:10F5E00004232A4006D107490A600A680192019A59
:10F5F000C3F8045302B0BDE87040FEF703BA00BF81
:10F600000010014044110140024803780BB101F0A1
:10F61000CFBC7047F4050020024B012200201A7075
:10F6200001F0D4BCF4050020024B1878B0FA80F049
:10F6300040097047F4050020134930B4D1E9002592
:10F64000C0F1200405FA04F4A0F12001C2402243D5
:10F6500025FA01F10A4302F00104002554EA0502EB
:10F6600003460ED0094A115CC1F30012890703D585
:10F670001AB930BC03F066BB1AB130BC184603F0AF
:10F68000AFBC30BC704700BFD02F0020A02F00209F
:10F690001F288BBF00F01F0303461C4A4FF0A042F7
:10F6A00003F5E07330B452F82330194AC3F3014331
:10F6B000032BD2E90035C0F1200405FA04F4A0F1CF
:10F6C000200223FA00F343EA040325FA02F243EA94
:10F6D000020303F001044FF000050CBF01210221D9
:10F6E00054EA050310D00B4B01291B5C09D113F020
:10F6F000400F09D0084B094A1B6852F8200030BC63
:10F70000184713F0200FF4E730BC70470003005097
:10F71000D82F0020A02F0020E02F0020E02E002076
:10F720002DE9F74F5249534E0B5C044613F0010F7D
:10F73000C3F3001002468846C4F12007A4F1200557
:10F7400002D1002800F0838018F804309B0721467E
:10F7500001D5002A60D00020ADF805009DF80630E4
:10F7600023F003038DF8063003238DF8043018F8D6
:10F770000430C3F3810C6346012B01D0032B2AD143
:10F780008DF805C052B33C4A01A9204603F040FB66
:10F790003A4AD2E9003202FA07F1E3400B43EA4069
:10F7A000134303F0010A4FF0000B5AEA0B038146A2
:10F7B00009D018F804305A0601D49B0603D501215C
:10F7C000204603F0A1FBB9F1040F15D12C492D48B7
:10F7D0009822FEF751F88DF80500D3E71F2C9DF80D
:10F7E000053086BF284A04F01F014FF0A04201F502
:10F7F000E0719B0042F82130012020FA07F300FA63
:10F8000005F51D43A040D6E9004320432B43C6E93C
:10F81000000303B0BDE8F08F1F2C88BF1A4BADF872
:10F82000042094BF4FF0A04304F01F02D3F8043526
:10F830008DF8060098BF2246D34003F0010301A9CA
:10F8400020468DF8053003F00DFA8146BBE7012014
:10F8500000FA05F520FA07F7A040D6E900433D433A
:10F8600024EA000023EA0505C6E90005D1E700BF48
:10F87000A02F0020D02F002091F60100D82F0020CB
:10F880006E4D0300794D0300000300504B1C10B572
:10F890000446017014D0C9B22F2904D909490A4875
:10F8A0005422FDF7E9FF09490620FFF7D5FC03F0D4
:10F8B00095F9074994F900208B5C43F001038B54C0
:10F8C00010BD00BF6E4D0300974D0300593002007C
:10F8D000A02F002008B590F90000421C04D1104967
:10F8E00010485F22FDF7C8FF0F4B1B5C9B070DD52F
:10F8F0001F288ABF0D4B4FF0A04300F01F00D3F824
:10F90000043523FA00F000F0010008BD1F288ABF6B
:10F91000064B4FF0A04300F01F00D3F81035F0E77E
:10F920006E4D030059370300A02F00200003005044
:10F9300038B5044690F90000431C0D4604D10A492D
:10F940000A48AE22FDF798FFC0B2FFF775FE94F9A2
:10F950000000074B1A5C65F383021A54BDE8384077
:10F96000C0B2FFF7DDBE00BF6E4D03005937030084
:10F97000A02F002038B5044690F90000431C0D4626
:10F9800004D10A490A48B922FDF776FFC0B2FFF751
:10F9900053FE94F90000074B1A5C65F341021A54B8
:10F9A000BDE83840C0B2FFF7BBBE00BF6E4D0300DC
:10F9B00059370300A02F00202DE9F04198464B1C39
:10F9C00007460C4616461FD0CDB22F2D04D90F493D
:10F9D0000F48CB22FDF750FF03F000F92846FFF750
:10F9E0002BFE0C4B195D21F01C0141F01001195543
:10F9F000094B3C6043F82480084B28461E60FFF703
:10FA00008FFE0020BDE8F0810846FBE76E4D030045
:10FA1000974D0300A02F0020E02E0020E02F0020B3
:10FA200010B50446006803F0DBFA2068064B1A5C48
:10FA30006FF304121A54054B002243F82020BDE84E
:10FA40001040C0B2FFF76CBEA02F0020E02E0020B7
:10FA500000680F4930B40122A0F12003C0F1200456
:10FA600022FA04F402FA03F32343D1E9005482405A
:10FA70002A432343C1E90023064B1B5C5A0601D4E9
:10FA80009B0603D530BC012103F03EBA30BC704761
:10FA9000D82F0020A02F002000680C4930B401228C
:10FAA000A0F12003C0F1200422FA04F402FA03F3C7
:10FAB0002343D1E90054824025EA020224EA0303E9
:10FAC00030BCC1E9002303F069BA00BFD82F002081
:10FAD000F0B4204C0368D4E90057C3F1200607FABC
:10FAE00006F6A3F12004DD4027FA04F4354325434C
:10FAF000002405F00106274656EA0705164D05D0F5
:10FB0000EC5C14F0600F14BF01243C46012912D1B3
:10FB1000003AE95C18BF012262F38611E954EB5CFC
:10FB200013F0600314BF01220022A2420FD05BB188
:10FB3000F0BCFFF78DBF0229F1D1003AE95C18BF94
:10FB4000012262F34511E9E7F0BCFFF7A5BFF0BC65
:10FB5000704700BFD82F0020A02F002000280DDB09
:10FB60004309012200F01F0002FA00F02033044A8A
:10FB700042F82300BFF34F8FBFF36F8F704700BF72
:10FB800000E100E0F0B50668044689B0304600F0B8
:10FB900095F9844205D12369022B02D1237D002BE4
:10FBA0003BD02E4D2146304600F080F902232361E0
:10FBB00055F83630D3F80035F70053B194F82430B7
:10FBC0006BB327483844019004F052FB019804F0CD
:10FBD000D1FA244B53F8260040F30730FFF7BEFF5D
:10FBE00094F8253094F9050094F90410FBB194F8C9
:10FBF00026301B4D069100225B083D44CDE90420D0
:10FC0000039303A907232846ADF81C208DF81E3066
:10FC100004F028FA284604F0F7FA09B0F0BDE81914
:10FC2000019003F0E7FF019803F0FEFFD1E7A3681E
:10FC300005930723ADF81830A369CDE903013D44CE
:10FC40004BB1094A234603A9284603F039FF284649
:10FC500003F0C0FFE1E71A46F5E700BF1C4E0300C2
:10FC6000344E03002C4E03006DFC01000378012B81
:10FC70000FD0022B0FD083B908230B62D1E90732D2
:10FC80001A420CD08B6953B100228A6101220A7595
:10FC900018470423F1E71023EFE70223EDE770474D
:10FCA00070B50E461546044604F0D6FB184B0268A4
:10FCB000B3FBF2F3174A29463046136000F008F907
:10FCC000012804DD144915487E22FDF7D5FD0023E7
:10FCD0004FF0CC72C4E9022301222275104A206041
:10FCE00011782671C4E90633657123612362A38408
:10FCF00084F8263051B10B4913700320FFF7ACFA9A
:10FD0000BDE8704008490420FFF7A6BA70BD00BFE7
:10FD100040420F00F8050020F04D0300FA4D0300AB
:10FD2000F5050020014402000D44020090F8253042
:10FD300063B9084B99420ADD074B9942D4BF4FF093
:10FD400080614FF0CD6101238160037570474FF0F2
:10FD5000CC71F8E78FD003007F1A0600F7B51C4678
:10FD600001230375076801920E46FFF70BFF084851
:10FD7000019A2346C6F3470100EBC70004F021F8BF
:10FD800000280CBF20464FF0FF3003B0F0BD00BF8D
:10FD90001C4E0300F0B51C4685B0012303750768AF
:10FDA00003920E46FFF7EEFE0A98039AB0FA80F02F
:10FDB0004009009007482346C6F3470100EBC700FF
:10FDC00003F0E4FF00280CBF20464FF0FF3005B0E1
:10FDD000F0BD00BF1C4E0300C368003918BF0121ED
:10FDE0004BB190F8253080F82430012380F825109D
:10FDF0000375FFF7C7BE0B46F5E7000010B50368B3
:10FE0000064C04EBC304204604F09EFA18B92046C1
:10FE100004F08AFA10BD0320FCE700BF344E030053
:10FE200073B50E4D066805EBC6042046CDE90012F9
:10FE300004F08AFADDE900120028F6D0204604F02A
:10FE40004FFA204604F0A0FA0028FAD155F83630CF
:10FE5000D3F83C05C0B202B070BD00BF344E030001
:10FE600073B50E4D066805EBC6042046CDE90012B9
:10FE700004F05AFADDE900120028F6D0204604F01A
:10FE80000BFA204604F070FA0028FAD155F8363003
:10FE9000D3F84C05C0B202B070BD00BF344E0300B1
:10FEA0000121017580F82620FFF76CBE0228DCBF17
:10FEB000014B43F820107047E42F00200228DABFDE
:10FEC000024B53F820004FF0FF307047E42F002022
:10FED0002B4B70B500220446184693F900506E1C57
:10FEE00003D193F90160013612D0A5422CD193F9C8
:10FEF00001508D4228D100EBC202224D506800EB28
:10FF00004002AB18AC54FF2259709A70431C1AD1AE
:10FF10001C4B93F9000084421A4607D193F9015013
:10FF20008D4203D193F90230013326D092F9033088
:10FF30009C420CD192F904508D4208D192F905509F
:10FF4000013504D1012070BD01320833C5E7557871
:10FF5000284095782840FF280DD01079034050792B
:10FF60000340FF2B09D101235800184415181454DD
:10FF700069701846E7E70023F6E70020E3E700BFD3
:10FF8000E44B03000006002030B50246144800236D
:10FF900010F933104D1C00EBC30406D091420ED172
:10FFA0006068104B1A54431C08D10E4900230846C0
:10FFB0000C4610F9015B954203D1184630BD013360
:10FFC000E6E70133042BF4D1002311F9010B0130D2
:10FFD00001D1E254F1E70133042BF6D10320EDE720
:10FFE000EC4B0300FC05002010B5074A0023114626
:10FFF00012F9014B844202D1FF22CA5410BD0133D1
:020000040002F8
:10000000042BF5D1FAE700BFFC050020234B70B5A7
:1000100000220446184693F90060751C13D093F92A
:100020000150B5F1FF3F0ED0A64220D18D421ED126
:1000300000EBC2021A4B506803F8104003EB400378
:10004000461C597017D1164B93F9000084421A468A
:1000500003D193F901308B420CD092F902309C42CB
:100060000AD192F903508D4206D1012003E00132FA
:100070000833D0E7002070BD55782840FF280BD00A
:10008000D0780340FF2BF0D1012302F8134002EB9C
:10009000430218465170EEE70023F6E7F44B0300E5
:1000A000090600201FB520B9144915485322FDF751
:1000B000E3FB03798DF80430FF238DF805304FF60C
:1000C000FF73ADF8063040F20743ADF808300389FE
:1000D000ADF80C3000680B4B002201A903EBC00007
:1000E0008DF80A20ADF80E2003F0E2F918B10349AB
:1000F00005486D22DBE705B05DF804FB7E4E03008A
:100100008B4E0300100600208F4E030038B50446C6
:1001100020B90E490E487322FDF7AEFB0D4D006865
:1001200005EBC00003F07EFA2046FFF7BBFF214637
:10013000022351F8100B012205EBC00003F094FAE2
:1001400018B1024904488122E6E738BD7E4E03001B
:100150008B4E0300100600208F4E030038B50D466D
:10016000044620B9114912488D22FDF785FB084647
:10017000FFF70AFF032803DD0C490E489222F4E73B
:1001800047F6FF7323810023E360A31D236101234E
:10019000A3820023C4E9063325714FF40043206095
:1001A000E3802046BDE83840FFF77CBF7E4E030069
:1001B0008B4E0300A64E030010B5044620B9084933
:1001C0000848AE22FDF758FB90F90400FFF70CFF3A
:1001D0002068054BBDE8104003EBC00003F022BAD5
:1001E0007E4E03008B4E0300100600200389C28858
:1001F00007EE903A07EE101AF8EEE77A47F6FF712D
:1002000067EE877A22F4FF42FCEEE77A22F07F0263
:1002100017EE903A1BB233EA230328BF0B46014680
:10022000134310B5C38051F8104B80ED037A074893
:100230000223012200EBC40003F016FA20B10449A6
:100240000448D322FDF718FB10BD00BF10060020A4
:100250007E4E03008F4E030030B447F6FF73C48810
:1002600005899942A8BF194624F4004307EE101AE5
:100270004B4393FBF5F307EE903AB8EEC77AF8EEEE
:10028000677A04F40044C7EE876A1C43C480018186
:1002900030BCC0ED036AFFF739BF2029A8BF202179
:1002A0004FF47A735943FFF7D7BF000010B5074AE0
:1002B000074811460023013350F8044B41F8044B22
:1002C000402BF8D1034B9A6010BD00BF0000002006
:1002D0000000010000ED00E000F0B2BD002343503B
:1002E00082B043580193019B02B07047074A28230C
:1002F000584313180021597413581A6A22B1586AC6
:10030000800701D5D8691047704700BF58300020DA
:10031000074A2823584313180021597313581A6A9F
:100320002AB1596AC90702D5D86901211047704717
:1003300058300020084A2823584313180021D97345
:10034000597313581A6B2AB1596B490702D5042106
:1003500099631047704700BF5830002008B5114B13
:10036000024653F82000104BC0F808334FF4A67132
:10037000FFF7B4FF4FF48871FFF7B0FFD0F80032F9
:1003800023F02003C0F80032084B282101FB023281
:1003900001231374002382F824301023C0F804339F
:1003A00008BD00BF884F030010000800583000202F
:1003B000184B2DE9F04153F82040174FDFF85C80CF
:1003C000C4F80883282303FB00F57E1904357069FF
:1003D00000F033FE2023B3614FF4A6712046FFF7EF
:1003E0007DFF4FF48871FFF779FFD4F8003243F0B6
:1003F0002003C4F8003200233D440122B374C4F842
:1004000034553374C4F8382586F82430C4F804838E
:10041000BDE8F081884F030058300020100008002C
:1004200008B5174B1A7832B100201870154BDB7BDA
:10043000F3B1FFF77FFF144B1A781AB10020187040
:10044000FFF754FF114B1A7842B100221A700D4B7E
:1004500093F8373001207BB1FFF76CFF0C4B1A7813
:100460006AB100221A70BDE808400120FFF73EBFC4
:100470001846FFF74DFFDEE7FFF74AFFEEE708BD3E
:10048000AA30002058300020A8300020AB300020D7
:10049000A930002040B9074B01221A70064B4FF4D7
:1004A0008012C3F8002170470128FCD1034B18705B
:1004B000F4E700BFAA30002000E100E0AB300020EC
:1004C000484B2DE9F74F044653F82000D0F810218F
:1004D0009846CAB14FF48871FFF700FF28274249B8
:1004E00007FB04F28B188B461D7C002D3FD00020AB
:1004F000187498738B58DA6B32B1196CC80503D530
:100500004FF480715964904758F82450D5F84C3115
:10051000FBB1D5F81031E3B94FF4A6712846FFF7C7
:10052000DDFE314A28236343191D1344987C80F073
:1005300001000144186A0A44C5F83425411C4FF0F3
:100540000102C5F8382504D09969032947D902F07A
:100550004FFCD5F820313BB128464FF49071FFF79E
:10056000BDFE2046FFF796FF03B0BDE8F08F9F7CED
:10057000D0F83CA587F001019974BAF1000FC3D0FF
:10058000174402F118090437D9445F441E467069C4
:1005900001A900F074FD68B117F8013B037001A9CF
:1005A000706900F096FD013501214846FDF793F989
:1005B000AA45ECD1282303FB04BB9BF81130002B88
:1005C000A2D10123094A8BF811304FF4801124B9CC
:1005D00007480370C2F8001196E70648F9E783F868
:1005E0002420B6E7884F03005830002000E100E0E7
:1005F000A8300020A93000200120FFF761BF0020B3
:10060000FFF75EBF2DE9F341044628B95749584822
:1006100040F24222FDF730F941684D1C10D01F29ED
:1006200087BF544A01F01F030B464FF0A042012040
:10063000984003F5E073C2F80805032042F8230050
:10064000A268501C0CD01F2A8BBF02F01F03134658
:1006500048484FF0A04003F5E073002540F82350D0
:100660002368454E56F82300C0F80C15C0F8142531
:10067000227D012A15D1E268511C0CD01F2A8BBFA4
:1006800002F01F0111463B4D4FF0A04501F5E0710E
:10069000002745F821704FF0FF31C0F80815C0F869
:1006A0001025364D2169282707FB03531A6A91420A
:1006B0004ED0187F02F0B8FE20B140F26F222B49D5
:1006C0002F48A7E7236807FB03531B6A013302D0B7
:1006D000206902F037FB2069431C33D0294902F01E
:1006E000C1FA082806D1206902F02CFB25492069AF
:1006F00002F0B8FA10B140F28622E0E723682069E0
:1007000056F82310282707FB035201F5887192F849
:100710001C80019102F05EFB01990246404602F006
:100720004DFE10B14FF42372C9E7236807FB035352
:10073000187F02F063FE10B140F28F22BFE72069FC
:1007400002F036FB2368282202FB035523692B6243
:100750002368217D56F82320637D0B43C2F86C3556
:10076000A369C2F8243502B0BDE8F081284F030028
:100770008B4E030000030050884F030058300020C8
:100780005C4C0300844F030070B5044628B91A4935
:100790001A484FF43C72FDF76FF80568184E28228E
:1007A0006A43B118B258824202D192F82C3083B118
:1007B0002046FFF727FF28236B432846F4500023E9
:1007C00084F82C3094F82D304BB1BDE87040FFF721
:1007D000C5BD92F82D200B7C4AB93BB12846FFF7E6
:1007E000E7FD084B53F8253001221A6070BD002B3D
:1007F000FCD12846E9E700BF284F03008B4E0300D9
:1008000058300020884F03002DE9F84F88461746DE
:10081000044628B95749584840F23732FDF72CF8BA
:10082000564B574D1A78002A5ED000221A7002F0FB
:100830000FFA08B902F0D2F9524E53491420FEF7CC
:100840000BFDE02386F814334FF48013C6F8803193
:100850003360DFF86C914D4901232122484600F0B6
:10086000D9FB0023C5F8149049482B6002F078FDAD
:10087000814620B14FF456723E494648CEE7464B7A
:1008800046494FF0FF3AC5F820A00220C3F808A35C
:10089000FEF7E2FC042386F80293C6F88031336049
:1008A000DFF820B13E4901232122584600F0B2FB77
:1008B000C5F828903B48C5F83CB002F051FD814690
:1008C00010B140F26E32D7E7374BC5F848A0374930
:1008D000C3F808A32820FEF7BFFC4FF4807386F806
:1008E0002893C6F88431736039464046FFF78EFB83
:1008F00028234343EA18206096680136012E96604B
:100900001ED12B4A52F820000822C0F800250C33D3
:100910004FF0FF32C0F80C251D44C0F814254FF0ED
:100920008052C0F824254FF49071C0F84455C0F8A7
:100930004865FFF7D3FC8660D0F81C31002BFBD054
:100940001C4BA3614FF0FF33C4E903330023A382A0
:100950002362194B9C4208BF184A4FF00103C4E9B7
:10096000018708BF136084F82C302046BDE8F84F9B
:10097000FFF70ABF284F03008B4E0300300600200C
:100980005830002000E100E021040200F02F002098
:10099000743000205C4C030000200040FF05020082
:1009A000243000209C30002000800240F905020025
:1009B000884F030000502700AC3000201831002081
:1009C000143000204830002008B528B910491148DB
:1009D0004FF47572FCF750FF0F4B0268282101FBA2
:1009E00002318B686BB1013B8B6053B90B4951F8F5
:1009F0002210C1F80035012122B9094B1A601A688A
:100A0000196008BD074A136013681160F9E700BF59
:100A1000284F03008B4E030058300020884F0300FE
:100A2000FC2F0040FC8F024008B528B934493548F6
:100A300040F20242FCF720FFB1F5166F39DBB1F549
:100A4000965F39DBB1F5165F39DBB1F5615F38DBF5
:100A5000B1F5964F37DBB1F5E14F36DB47F61123A1
:100A6000994234DDB1F5164F33DBB1F5614F33DB1D
:100A7000B1F5963F33DBB1F5E13F33DBB1F5613FD3
:100A800032DB214B994232DDB1F5E12F32DBB1F59A
:100A9000612F32DB1D4B9942D4BF4FF070614FF094
:100AA000805183698B421EBF0123816180F82C3005
:100AB00008BD4FF49E21F4E74FF41D21F1E71449DE
:100AC000EFE71449EDE71449EBE71449E9E7144966
:100AD000E7E74FF40001E4E74FF41D01E1E74FF4CD
:100AE0006B01DEE70F49DCE74FF0EB71D9E74FF020
:100AF0006C71D6E74FF08061D3E74FF0E861D0E743
:100B0000284F03008B4E03008FD003003F420F009D
:100B100000B013000050270000F03A0000A04E0083
:100B200000C0750000903A0108B528B9154916486B
:100B300040F24242FCF7A0FE082904D011491348B4
:100B400040F24742F6E712F0FD0F04D00D4910487D
:100B50004FF48962EEE7012B04D00A490D4840F2B8
:100B60004942E7E7417D31B11AB9427580F82C302E
:100B700008BD0E29FCD0022AFAD10E2343750123A9
:100B8000F4E700BF284F03008B4E0300354F0300EE
:100B9000444F0300754F030008B528B90F491048AA
:100BA00040F26A42FCF768FEB3F1FF3F03D001292F
:100BB00008BF4FF0FF33C360531C03D0022908BFA6
:100BC0004FF0FF32003918BF01210123017580F871
:100BD0002C300261BDE80840FFF7D6BD284F030066
:100BE0008B4E030008B528B90449054840F2D642A7
:100BF000FCF742FEC0E9072108BD00BF284F0300F3
:100C00008B4E0300F8B50E4628B91149114840F241
:100C1000EB42FCF731FE0129446A0CBF0125022595
:100C20008AB12C4344620768FFF7AEFD012E0DD157
:100C3000094B53F82730D3F81C313BB13846BDE897
:100C4000F840FFF727BC24EA05044462F8BD00BF62
:100C5000284F03008B4E0300884F0300F7B528B9D7
:100C60001A491B4840F21452FCF706FE00220568A0
:100C700080F82D20174CFFF787FD282202FB054244
:100C800056697289F38892B29BB29A42F9D001A94F
:100C9000304600F02EFA01A90746304600F054FA1B
:100CA00028235D4305F1180001212044FCF701FED3
:100CB000631993F824202AB10022186A83F82420AB
:100CC00002F096F8387803B0F0BD00BF284F03005B
:100CD0008B4E03005830002038B50C4628B9154912
:100CE000154840F24552FCF7C7FD0568FFF74CFD7B
:100CF000124B53F82500D0F81C31002BFBD04FF4D9
:100D00008E71FFF7EBFA0E4A28236B43D1180C3390
:100D100013440122C0F844350C73C0F848254FF441
:100D20009071FFF7DBFA4FF48073C0F804338260F0
:100D300038BD00BF284F03008B4E0300884F0300CF
:100D40005830002010B528B90B490C4840F26D52BC
:100D5000FCF792FD002280F82D200468FFF714FDB7
:100D6000074B282202FB043463695889DB88C01AC8
:100D700018BF012010BD00BF284F03008B4E030099
:100D80005830002008B528B90C490D4840F28A5265
:100D9000FCF772FD02680B49282303FB02135B7BFF
:100DA000DBB243B9084B53F82230D3F81C010038AA
:100DB00018BF012008BD0020FCE700BF284F03003A
:100DC0008B4E030058300020884F03000E4B1A69E9
:100DD00042F010021A61F1EE102A22F09F02E1EEB9
:100DE000102AF1EE102A094A4021C2F884114FF06E
:100DF00080420121D16740BF20BF5A68044B134095
:100E000003B920BF704700BF00ED00E000E100E043
:100E10003FF0439E0748027808B512B1064B012205
:100E20001A60FFF7D3FF037813B1044B01221A6055
:100E300008BD00BF1C31002004900040009000401D
:100E40007047000000487047904F030073B5214E73
:100E5000214A3178214C51B100231360136800936B
:100E6000009B4FF48033C4F8083302B070BD1C4BB4
:100E700001251D604FF48033C4F80833D4F80435DD
:100E800023F00303C4F80435D4F8103523F00F031E
:100E900043F00403C4F81035D4F8083543F00303D5
:100EA000C4F80835C4F840151160136801930D4962
:100EB000019B0920FEF7D0F90B4B402283F8092350
:100EC0004FF40072C3F880211A60084B25601D6042
:100ED0003570CAE71C31002040910040009000406E
:100EE00004900040F5CE010000E100E04490004095
:100EF000024B01221A60D3F800057047449000406D
:100F000013B50446FCF768FD0A4AC2F84045D2F81A
:100F1000043313F4803308D107490B600B68019345
:100F2000019B4FF48033C2F8043302B0BDE8104097
:100F3000FCF768BD0090004040910040024B4FF428
:100F40000072C3F80021704700E100E0024B4FF44B
:100F50008032C3F80823704700900040044B002201
:100F600082B01A601B680193019B02B0704700BFFA
:100F7000409100400A4A01231360D360094B4FF4AB
:100F80008032C3F80823084B4FF40072C3F8802066
:100F9000BFF34F8FBFF36F8F044B00221A7070475F
:100FA000049000400090004000E100E01C3100206F
:100FB00072B6054A1378191E18BF0121013301705A
:100FC00013700020704700BF1D310020044B20B17A
:100FD0001A78013A1A7000207047187062B6FAE762
:100FE0001D31002010B5034653E8002F02EA01002E
:100FF00043E8000494F0000FF6D110BD10B503468D
:1010000053E8002FA2EB010043E8000494F0000F26
:10101000F6D110BD10B561B1B2FBF3F403FB14249B
:10102000A4B244B9C0E9001484608281C38120461F
:1010300010BD0E20FCE70920FAE782B050E8022F2D
:10104000C188B2EB324F4FF0000317BF92B241EAB2
:10105000014142EA014104E04268B2EB324F08BF6D
:10106000012340E80212002AE8D18DF807309DF8EC
:101070000730002B0CBF1120002002B0704737B59D
:1010800050E8013F9DB2C48925448489A54228BF08
:101090002D1B0489A54202BFBFF32F8F002207E05A
:1010A000C5EA030540E80154002CE9D14FF00102E4
:1010B0008DF803200193019B9DF803200B6002F043
:1010C000FF0322B10B880068184403B030BD1846F6
:1010D000FBE70A884B889A4209D150E8012FC2EAFF
:1010E000024240E80123002BF7D101207047002085
:1010F000704737B550E8023F1FFAA3F5C488A542F0
:1011000002BFBFF32F8F00220DE0C48925448489DC
:10111000A54228BF2D1BC3EA054540E80254002C18
:10112000E8D14FF001028DF803200193019B9DF857
:1011300003200B6002F0FF0322B14B8800681844C3
:1011400003B030BD1846FBE70A884B889A4209D1A4
:1011500050E8022FC2EA224240E80223002BF7D1D6
:10116000012070470020704770B5064D06460024E8
:1011700055F8043B0BB1304698470134042CF7D1A5
:1011800070BD00BF2C3100200B4A0C4B518814203D
:1011900000FB0131CB6833B904204968107001228B
:1011A000074800F0EABB07490523137002238B8030
:1011B000012209680023F3E7443100205C3100205C
:1011C0003C1000209831002007B50023054900930A
:1011D000054A09680548082300F0A1FB03B05DF843
:1011E00004FB00BF98310020A44F03003C100020F6
:1011F00007B5002301460093034A0448082300F082
:101200008EFB03B05DF804FB9C4F03003C100020F4
:1012100013B500230C4600930146084A08480423EE
:1012200000F07DFB38B90749142303FB04140123A4
:10123000237402B010BD0E20FBE700BF984F0300DF
:101240003C1000205C31002037B50A480A4B426848
:101250009C88196853880325033305709BB20020CE
:1012600000909B0001EB8401044800F058FB03B0A0
:1012700030BD00BF44310020983100203C100020D8
:101280004388033300EB8303994209D382884FF6E6
:10129000FF739A4206D00088B0FA80F04009704788
:1012A000022070470120704738B5144B14220D46B8
:1012B00002FB00302B68446804F58051A3B15C88C0
:1012C000033403EB84048C4215D22368013312D01B
:1012D0002046FFF7D5FF012808D002280BD00028B0
:1012E000F1D12C60012038BD0834ECE7638803336A
:1012F00004EB8304E7E70020F5E700BF5C31002042
:10130000426873B504460D4662B3234BD9688A42DE
:1013100028D31B699A4225D812F0030322D11F4912
:101320000089098988421DD120689168884219D1B5
:101330001B494868824203D900F5805082420DD390
:1013400089698A420CD901F580518A4208D201226A
:101350002A80B3FA83F0400902B070BD1A46F7E75D
:101360000A23F6E700232B801E460196288801A950
:10137000FFF79AFF30B92B8801339BB2012B2B80EA
:10138000F3D9E9E7019B226899689142EED1636045
:10139000024B1B892381DFE73C10002044310020F1
:1013A0005C3100202DE9F8431C461C4B1B78064697
:1013B0000F4615466BB372B36CB3DFF868804FF01D
:1013C0001409A388012B01D90A2020E009FB03F3AB
:1013D00018F803302BB9A0882146FFF765FF20B924
:1013E0002060A3880133A380EBE723681EB19988AE
:1013F00032889142EFD11FB119883A889142EAD1DF
:101400009A68C5E90023064B1B892B810020BDE8A3
:10141000F8830220FBE70520F9E700BF3C310020FC
:10142000443100205C31002008B5074B5888191D55
:10143000FFF73AFF18B1BDE80840FFF705BFBDE868
:101440000840FFF7A1BE00BF443100202DE9F04F56
:10145000A14FDFF8A89289B00646B8463B6823B989
:101460009E484946FFF745FE3860D8F80050297875
:101470004B1E052B07D8DFE813F021007900790017
:10148000090109015D010F241422002103A80AF0BB
:101490009FFA41F61D539C4208BF0024D8F8003043
:1014A00004941A78013A052A00F2EF81DFE812F07D
:1014B000DB01DF01FF010F021B02250226B1884B71
:1014C00000225A600124DFE72B79032B1DD8DFE8C7
:1014D00003F015022A3583490B78022B084619D0F0
:1014E0000B7D022B4FF0010316D114225343C21877
:1014F0000020C8545068FFF77BFE03E001232B71E6
:10150000FFF762FE002800F0BC80754B00225A6095
:101510000E24B9E70023E8E7714A137000235360F3
:1015200041F61D54B0E770497048002302222B7128
:101530008A800968012200F020FAE3E76A4C00265D
:101540002E712068674DFFF753FE694BD4F800C039
:101550005A8814235343EA18EE5451682160A18835
:10156000C2F804C011810222A280CBE7B5F814A012
:10157000AA7DDFF870B1AEB1022AEB8806D914213A
:1015800001FB0AB1DA1C088902440A81142202FB19
:101590000ABAC3F57F43BAF80A20FD331344AAF808
:1015A0000A308FE7142303FB0AB318895C6804EB45
:1015B0008004062A68D8DFE802F0274D35431D591C
:1015C000040041F61D54AA7DEB88022A06D9142195
:1015D00001FB0AB1DA1C088902440A81142202FBC9
:1015E0000ABAC3F57F43BAF80A20FD331344AAF8B8
:1015F0000A3049E73F48404900234360AB69036034
:10160000FFF77EFE002859D00223AB75002300931C
:101610000423EA182146354800F081F9002830D02B
:101620000E24D0E72B69002B14BF03230123AB75D5
:101630000023009305F10C02042304F10801EAE7FA
:101640000123AB750022EB8800922A699B0004F10C
:101650000C01E0E703290CBF05230623AB7500232B
:101660000093042305F10802E118D4E70623AB75C3
:10167000214B19881F4B5868FFF7CAFD0446002804
:10168000A1D109B0BDE8F08F0F249CE7002E7FF4B4
:1016900019AF2B79012B33D0022B3FF441AF002B34
:1016A0007FF4F1AE02232B710DF10A01EB68039375
:1016B00003A8CDE90466FFF723FE08B90A24E3E690
:1016C0000498BDF80A108388EB8003882B81FFF70C
:1016D0009FFD044627E000BF5831002084310020E0
:1016E0003C3100205C310020983100203C1000206B
:1016F0004431002020310020A0310020543100204E
:10170000DFF810A203AA53463146A81DFFF74AFE90
:10171000044660B9BAF804100498FFF779FD04464E
:101720000A2C3FF4FDAE002C7FF4AEAEA9E7CAE967
:101730000066F5E7002E7FF4C5AE714B1A7BBAB197
:101740001E731A78013A062A3FF69DAE01A151F8A0
:1017500022F000BFFB170200211802003F18020010
:1017600045180200871402004B1802005D180200A1
:101770001A78072AE5D801A151F822F09D17020036
:101780004317020043170200C3170200D7170200D5
:10179000F7170200F7170200BF1702001A8959490C
:1017A00001321A8100225A801A730A78B2FA82F240
:1017B00052099A720A7DB2FA82F25209DA72012251
:1017C00007E0514958688A884088033202448A8079
:1017D00002221A70B5E74B4C5A884B49142505FB79
:1017E00002420868546850608888108102228A800A
:1017F0000C600622EDE70722EBE79A7A32B9DA7A33
:101800008AB900221A705A805A6089E63D4900223E
:101810009A72CA68002AF2D1097C0029EFD05A8056
:10182000FFF702FE55E70022DA72364A116A0029F4
:10183000E7D192F82420002AE3D00122EFE7FFF756
:1018400003FD46E7FFF7A0FC43E72E4A5B8814211F
:1018500001FB03235868FFF7CBFC3AE700225A60EC
:10186000FFF7B2FC35E700238DF80C300DE00122C4
:101870008DF80C201A89ADF818209A88DB6805933A
:10188000ADF81A2000238DF81C3003A8FFF76CFC7C
:10189000002649461D48C8F80060FFF755FC1C4863
:1018A0000121FFF7ABFB00287FF4D8ADE9E6022267
:1018B0008DF80C201A89ADF818209A88ADF81A20F6
:1018C000DA689B7D05929A1F53425341DBE703225E
:1018D0008DF80C20DA88ADF818201A89DB68ADF88D
:1018E0001A200593D1E704228DF80C20DB88ADF88F
:1018F00018300023ADF81A30F3E70523B4E700BF32
:10190000443100205C3100209831002084310020D7
:1019100094310020A43100204068FFF797BD2DE9E5
:10192000F04108B302B3D0F800E0BEF1000F1ED0C2
:10193000FBB14568D5F80480B3FBF8F508FB153515
:10194000BDB942EA010C1CF0030F14D1C568A942CD
:1019500011D34D1EEC180569AC420CD8DEF80C40D2
:10196000A446BDE8F04160470E20BDE8F0810820A4
:10197000FBE70920F9E71020F7E7F0B5D8B1D0F878
:1019800000C0BCF1000F18D0CAB14768D7F800E01A
:101990000EF1FF370F4214D1C768B94211D3046961
:1019A0004D1E0EFB0255A5420BD8DCF81040A44694
:1019B000BDE8F04060470E20F0BD0820FCE709209C
:1019C000FAE71020F8E7FCF707B8FCF71BB800F1BE
:1019D000804000F51C3001230360BFF36F8FBFF31D
:1019E0004F8F7047054B1B68082B05D1044B1868B7
:1019F000003818BF012070470020704730010010E8
:101A00003401001030B54C680D689C4229BFC0E914
:101A100000530021E41AED1832BFC0E900514C60B8
:101A20000D60934203D1201E18BF012030BD00205D
:101A3000FCE74B6810B59A420C6828BF1A46C0E90B
:101A40000042981A0B6848601A4400380A6018BFB0
:101A5000012010BD30B54C680B68A24228BF224659
:101A6000002A14BF1D460025C0E90052A4EB020461
:101A70001A444C600A6014BF0120002030BD0000F1
:101A8000054B10F0800FA3F1900208BF134600F041
:101A90000F0003EB001070474832002010F0800F59
:101AA00014BF0023102300F00F00184470470000FB
:101AB000024A00231360024A137070471C7C0240E4
:101AC000AD31002007B5094A00231370084AADF86C
:101AD000053013708DF8073001238DF80430054B65
:101AE00001A81B68984703B05DF804FBAC310020E7
:101AF000DC320020D83200204B68934228BF1346C6
:101B000070B51D46094B0C4606462A46096818461C
:101B100009F060FEC6E9000560682268401B60604D
:101B20002A440038226018BF012070BDE432002032
:101B30004B68934228BF134670B506460D461C46B7
:101B40008BB10A4B09682246184609F043FE306003
:101B50006B6874601B1B6B602B68201E23442B601A
:101B600018BF012070BD0360F2E700BFE43200201F
:101B700008B5FFF79DFF084B93F89E20032A06D176
:101B8000BDE8084005486FF00101FFF72BBAD3F814
:101B90009030002BF4D008BDB8310020B0310020C7
:101BA0000A4AD2F86834C2F86834BFF36F8FBFF3C3
:101BB0004F8F012103B9704793FAA3F2B2FA82F270
:101BC00001FA02F223EA0203F4E700BF00700240C8
:101BD00007B500238DF804300B4BD3F82025ADF862
:101BE0000620D3F8C034094A002B13680CBF4FF409
:101BF00080714FF001210B431360054B01A81B6856
:101C0000984703B05DF804FB00700240B431002037
:101C1000D832002013B5124C0122236802FA01F1D8
:101C20000B4323600F4B1B68194003060DD551B9B8
:101C300006238DF804308DF806008DF807100A4B46
:101C400001A81B68984702B010BD0029FBD10623EC
:101C50008DF804308DF806008DF80720EFE700BFFF
:101C6000B4310020B0310020D832002008B5054B37
:101C70001A781046FFF712FFBDE8084001461046EB
:101C8000FFF7C8BFDC32002008B50146FFF710FFA0
:101C9000FFF7F6FE837B032B0BD10846FFF7FEFE12
:101CA000012303FA00F0C143BDE808400348FFF7F1
:101CB00099B90368002BF0D008BD00BFB0310020F7
:101CC0008720FFF7E1BF8620FFF7DEBF8520FFF703
:101CD000DBBF8420FFF7D8BF8320FFF7D5BF82206A
:101CE000FFF7D2BF8120FFF7CFBF00002DE9F04FF3
:101CF0005A4B87B01A780093002A5AD1DFF878A19E
:101D0000DFF85CB1564BDAF8005019680D4050D03E
:101D100095FAA5F5002D4FD0B5FA85F30F2B1D468A
:101D20004CDDA5F11004E4B22046FFF7A9FE4FFAFE
:101D300084F8B8F1000F8289064604F0080940DAF9
:101D4000D0E9003104A8984700B93060454B8222A1
:101D50001A60009B059A049801211970B368A94084
:101D6000DBF80050134425EA0101B8F1000FB3601D
:101D7000CBF800103C4B04F00F045DDAB9F1000F12
:101D800052D0C3F8A006C3F8A426042000EB8400B8
:101D9000FFF71DFE354B364A13EA280838BF904638
:101DA00038F8143003F1804303F51C331A68002A15
:101DB000FCD007B0BDE8F08F2025B2E743F08004E7
:101DC000B2E72949B9F1000F27D0D1F8C03413F494
:101DD000803F18BF002371683768019304A8B84793
:101DE000049A002AB0D0059A019B9A42ACD20121F4
:101DF0004FF00208A94086F80E80C9435046FFF70D
:101E0000F1F806238DF80C301A4B8DF80E401B6844
:101E10008DF80F8003A8984774E704F00F0303F5CB
:101E2000947351F82330D6E7142101FB0433C3F82F
:101E30000006C3F80426A8E7B9F1000F05D0C3F8DF
:101E4000A007C3F8A4272820A0E7142101FB04332E
:101E5000C3F80007C3F80427F5E700BFAD31002041
:101E6000B43100201C7C024000700240B64F0300D9
:101E7000D24F0300D8320020B031002037B50446DD
:101E8000FFF716FEFFF7FCFD837B032B0DD12046E9
:101E9000FFF704FE012303FA00F0C1430F48FFF7E8
:101EA000A1F8FFF723FF03B030BD0568002DF8D17E
:101EB0002046FFF7F3FD012303FA00F0C143074872
:101EC000FFF790F806238DF80430054B8DF8064097
:101ED0001B688DF8075001A89847E2E7B031002051
:101EE000D83200200720FFF7C9BF0620FFF7C6BF82
:101EF0000520FFF7C3BF0420FFF7C0BF0320FFF793
:101F0000BDBF0220FFF7BABF0120FFF7B7BF000037
:101F100007B5FFF7CDFD104B93F81E21032A07D11B
:101F20000E486FF48071FFF75DF803B05DF804FBB5
:101F3000D3F81031002BF8D16FF480710748FFF708
:101F400051F806238DF804308823ADF80630044B91
:101F500001A81B689847E8E7B8310020B03100209D
:101F6000D832002007B5FFF7A3FD0D4B93F88E2064
:101F7000032A11D0D3F8803073B90A486FF080710A
:101F8000FFF730F806238DF804300823ADF806304B
:101F9000054B01A81B68984703B05DF804FB00BF20
:101FA000B8310020B0310020D8320020244B13B5C6
:101FB000D3F80044C3F80044BFF36F8FBFF34F8FD3
:101FC000BFF36F8FBFF34F8FE1050ED51D4B01227D
:101FD0001A700023ADF805308DF8073002238DF814
:101FE0000430194B01A81B689847A2050DD5154A66
:101FF00000231370ADF805308DF8073003238DF8FA
:102000000430114B01A81B689847630516D50D4B8A
:102010001A789AB100221A70094B0121C3F80815E9
:102020005820FFF7D4FC04238DF80430064BADF89C
:1020300005201B688DF8072001A8984702B010BD45
:1020400000700240AC310020D832002038B51A4B65
:10205000D3F86C44C3F86C44BFF36F8FBFF34F8F5A
:10206000BFF36F8FBFF34F8FFFF7BCFC38B9134A34
:10207000136823F0011103F001130C4313600125D1
:102080001CB9BDE83840FFF731BE94FAA4F171B134
:10209000B1FA81F30F2B19460BDDA1F11000C0B28C
:1020A00005FA01F324EA0304FFF7B4FDE8E7202171
:1020B000F3E743F08000F3E700700240E0320020D5
:1020C000054B1A78012A01BF044A002010601870DD
:1020D00018BF0820704700BFAE310020D832002062
:1020E00038B5454B4FF40062C3F80024BFF36F8F3F
:1020F000BFF34F8FFFF776FC404C78B10020FFF71D
:1021000062FC21683E4B032200296AD149F27531F5
:1021100021601A6021600020FFF757FC0020FFF7C4
:1021200052FC2268374DC023002A5CD149F2753237
:1021300022602B6022600020FFF747FC2E4B01221B
:10214000C3F80025BFF36F8FBFF34F8FD3F8002480
:102150001205FBD54FF40062C3F80024BFF36F8F64
:10216000BFF34F8F0020FFF72EFC2268002A3CD1DE
:1021700049F2753323602A6023600020FFF725FCB5
:10218000214B40F2E3721A60043340221A60BFF31D
:102190006F8FBFF34F8FA3F604038022C3F81C2573
:1021A0001A4B40F2FF121A60194B00251D60FFF711
:1021B0007FFC184B1D70184B02221A70FFF712FC9F
:1021C000C0B12846FFF7FFFB21680D4B81B949F2EA
:1021D0007532226019602260BDE838400020FFF7A8
:1021E000F4BB1A6097E72B60A5E700232B60C4E7D8
:1021F0001D60F1E738BD00BF0070024000EC0640F2
:1022000014ED064014EC064000780240B431002082
:10221000B0310020DC320020AE31002008B5104B78
:1022200000221A70D0B9FFF7DDFB0E4B0E4A0028D2
:102230000CBF184610460D4B0D4AE021C2F80403AE
:1022400083F827138021C3F8841159600123C2F851
:102250000435BFF36F8FBFF34F8F08BD0148EAE726
:10226000AC3100200714E0010714C00100E100E0D8
:1022700000700240034B1878012894BF0020012011
:10228000704700BFAE310020044B1B78012B83BF89
:10229000034B5868C0F3C01000207047AE310020D7
:1022A00000E100E008B5FFF7EBFB818108BD00000D
:1022B00073B5002837D01E4B1C78002C35D11D4A31
:1022C000106001221A702546264615F0080F65F0A9
:1022D0007F00C0B20CBF40214FF400710190FFF7A6
:1022E000E1FF0198FFF7CCFB0135092D86730660ED
:1022F0008660EAD1402100252046FFF7D3FF204623
:10230000FFF7BEFB0134E4B2092C857305608560DC
:1023100002D1002002B070BD14F0080F14BF4FF4BA
:1023200000714021E8E70720F4E70820F2E700BF4A
:10233000AE310020D8320020064A10F0800F00F0A5
:102340000F0314BFD2F81005D2F81405D84000F0DE
:102350000100704700700240084B094AC3F8082387
:1023600041F20402C3F804230122C3F81025C3F884
:102370001425BFF36F8FBFF34F8F7047007002407B
:10238000F8EB1F002DE9F047074600208846FFF7CD
:102390001AFB17F00F0503D1294B1B78BB424AD11A
:1023A000284B294A1C6816683846FFF777FBE44338
:1023B000A4B24FF00109344309FA00F914EA090400
:1023C00092463AD13846FFF75BFB0C2255433A065A
:1023D00003462CD51D4AD8F80010154401F0604181
:1023E000D8F80820B1F1005F02F001021AD1BAB9A1
:1023F000174A1A6098E8070085E8070000229A60EB
:102400009A735D60134B46EA09068022CAF80060A1
:10241000C3F804210020FFF7D8FA2046BDE8F08772
:102420000D4AE6E70AB90D4AE3E70D4AE1E70D4A2E
:1024300015440D4ADDE71024ECE71124EAE700BF5C
:10244000DC320020B4310020B0310020FCB8002084
:10245000331A020000E100E0551A0200F91A0200E6
:10246000311B020068B90020051A020010F0080FA5
:10247000074B06D0D3F8C00410F4803F18BF0020EB
:10248000704700F00F0000F5947053F8200070477B
:102490000070024008B5084B1A68084BD2431B680D
:1024A00092B21A43FFF7FAFA012303FA00F010423E
:1024B00014BF1846002008BDB4310020B031002000
:1024C000044B40F48070C3F81805BFF36F8FBFF35F
:1024D0004F8F704700700240020713D400F00F03C3
:1024E00010F0800F084A0BBF03F5887303F584735F
:1024F00002EB830352F8230008BF5868431E58427A
:10250000584170470020704700700240064BC3F8E6
:102510000C05BFF34F8F40F48070C3F80C05BFF378
:102520006F8FBFF34F8F704700700240002303602E
:1025300043600E4BD3F880240270D3F88424427099
:10254000D3F88824D3F88C1442EA01224280D3F8CD
:102550009024D3F8941442EA01228280D3F898247C
:10256000D3F89C3442EA0323C380704700700240D2
:1025700008B5FFF737FA58B9EFF3108272B64C205E
:10258000FFF725FA4C20FFF722FA82F3108808BDE6
:10259000BDE808404C20FFF71ABA000013B5FFF75A
:1025A00087FA0F4B9A7B032A07D10E486FF48031CC
:1025B000FEF718FDFFF7DCFF10E01C68002CF9D1D6
:1025C00008486FF48031FEF70DFD06238DF80430C6
:1025D000054BADF806401B6801A8984702B010BD36
:1025E000B8310020B0310020D83200205020FFF751
:1025F000EEB95420FFF7EBB9F8B50446FFF7F2F94E
:1026000006462046FFF74AFA012303FA00F5174F62
:10261000ED43AEB93046FFF7D6F904F00F04386841
:10262000134B6400054004F2C5743D60043343F865
:10263000044C1E601B68BDE8F8400020FFF7C5B9D8
:102640000020FFF7C0F9386814F0080205EA000519
:102650003D60F0D104F00F04064B04F5947443F888
:102660002420BFF36F8FBFF34F8FE4E7B431002016
:102670000078024000700240F7B504460020FFF7E2
:10268000A2F92046FFF7FCF905462046FFF706FAB7
:10269000012314F0800F2A4E03FA00F317D1326899
:1026A00033EA020109D02046FFF7A6FF0323AB73EC
:1026B0000020FFF78AF903B0F0BD22EA0302296087
:1026C0003260204A106820EA03001060EEE722071B
:1026D00011D4802C1C481D4A29D004F00F0101F2AE
:1026E000DA314900016011681068C9B241F0020195
:1026F00001431160126813493268086862EA0007F2
:102700001F42D5D022EA03021843002332602B6017
:102710000323AB738DF807300D4B086006221B684E
:102720008DF804208DF8064001A89847C0E740F2D4
:10273000B471016011681068C9B241F00401D7E7B3
:10274000B0310020B431002000780240047802400B
:10275000D8320020FFF790BF1B4BF7B5D3F800220B
:102760001A4C1B4E22F00402C3F80022D3F8805406
:1027700023683778DA43174B1B6892B238461A43FE
:10278000FFF78CF9012303FA00F0104202D038461B
:10279000FFF772FF6FF0011105F080050D483570ED
:1027A000FEF720FC236843F0010323600023ADF80B
:1027B00005308DF8073005238DF80430064B01A84D
:1027C0001B68984703B0F0BD00700240B431002090
:1027D000DC320020B0310020D8320020544B2DE9EB
:1027E000F041D3F80453002229460124164600295B
:1027F0007CD1FFF7F7F8002869D14E4B1B78002BEE
:1028000065D1960263D54C494B4E40F2A9730B60DB
:102810004A4B1C6814F0FF041CBF1868044040F2C7
:10282000AA700860186810F0FF001CBF1968084003
:1028300040F2AB713160196811F0FF01B4461CBF62
:102840001E68314040F2AC76CCF800601E6834401F
:102850003B4E08D037682743376040F2A977CCF861
:1028600000701C601C68344F40F2AD743C601C6802
:10287000204008D0346844EA0044346040F2AA742E
:102880003C60186018682C4840F2AE740460186808
:1028900001400DD0CC0748BF42F40002C8062648CC
:1028A00040F2AB74046019601B6848BF42F001023B
:1028B000336833F001111CBF05F08070024313F040
:1028C000011F04D06B0544BF316042F480621D4F8C
:1028D00002F4000622F400044FF00108D4B9FFF717
:1028E00005FA1EB3BDE8F041FFF736BF164891FA6E
:1028F000A1F3B3FA83F39F00384404FA03F30768A3
:102900002FB10660BFF36F8FBFF34F8F1A4321EAD9
:1029100003016CE794FAA4F5B5FA85F557F825306C
:1029200008FA05F5984724EA0504D7E7BDE8F081E1
:1029300000700240AD31002000780240047802406F
:10294000E0320020E44F030000710240F8B5134E5E
:10295000134A34681268240C2404144301271CB958
:1029600040F2FF133360F8BD94FAA4F585B1B5FACF
:1029700085F30F2B1D460DDDA5F11000C0B2030736
:1029800001D4FFF779FE07FA05F524EA0504E6E726
:102990002025F1E743F08000F1E700BFB4310020CB
:1029A000B031002038B50E4C8025C4F884516368DE
:1029B0001B0613D5FFF7CAFF0A4B0022C3F80425F4
:1029C000BFF36F8FBFF34F8FC4F88450BFF34F8FA7
:1029D000BFF36F8F4FF0FF32C3F8082338BD00BF3D
:1029E00000E100E00070024008B5FFF7DBFF094B93
:1029F000D3F80423C3F808230022C3F80025BFF34B
:102A00006F8FBFF34F8FFFF753F8034B01221A70FC
:102A100008BD00BF00700240AE31002038B504464A
:102A200004F00F05FFF728FE64B2124A002C4FF0A5
:102A30000103B4BFD2F81015D2F8141503FA05F348
:102A40006FEA0303B5BF0B400B40C2F81035C2F864
:102A50001435BFF36F8FBFF34F8F074B074810EA52
:102A6000240438BF1C460123625D9340014AC2F82A
:102A7000083338BD00700240C84F0300AC4F03005C
:102A800038B5254A254B45B2002DA8BF134600F0A6
:102A90000F010446585C224A4FF0010303FA00F08C
:102AA000C2F804032ADAD2F81005C840C00731D4AE
:102AB000D2F810058B400343C2F81035BFF36F8F77
:102AC000BFF34F8F31B3002D24DB14F0080521D163
:102AD0002846FEF778FF2046FFF78EFD2046FEF7DA
:102AE000DDFF104901220B6802FA00F023EA00031F
:102AF0000B602846BDE83840FEF767BFD2F81405E2
:102B0000C840C00706D4D2F814058B400343C2F86E
:102B10001435D3E738BD00BFC84F0300AC4F0300E6
:102B200000700240B0310020020610B504460AD4FD
:102B3000030708D400F00F02074B92009B58012BAB
:102B400001D1FFF759FD054BC3F81845BFF36F8F4F
:102B5000BFF34F8F10BD00BF4474024000700240AD
:102B600000F1804000F5C040002382B0036003689C
:102B70000193019B02B0704703681F2B83BF03F0D2
:102B80001F03036001484FF0A0407047000300504E
:102B900007B5019001A8FFF7EFFF019B00EB830051
:102BA000D0F8003723F44033C0F80037D0F80037AE
:102BB00043EA0141C0F8001703B05DF804FB0000D0
:102BC000054B4FF0FF32072843F8202084BFC01880
:102BD00080F86820704700BF2433002010B5184CDF
:102BE00094F87E304BBB04F140033021FF220139C1
:102BF00011F0FF0103F8012BF9D1C8B2FFF7E0FF94
:102C000001311029F9D10F4B0022A2679A800E4B97
:102C1000E02183F806134021C3F8801119604FF4B6
:102C2000BE70FFF79DFF094B4FF00041C3F804133E
:102C3000012384F87E30104610BD0820FCE700BF59
:102C4000243300209C33002000E100E000600040BD
:102C5000034B93F87E00003818BF0120704700BF77
:102C60002433002037B5354B1A18044692F940003A
:102C7000013061D18878002852D01846002250F8DF
:102C8000045B013546D1181980F84020002043F834
:102C90002200920002F1804202F5C0420B78D2F885
:102CA0001055487825F499151B04000525F4F855AE
:102CB00000F4801003F44033C2F81055034320029F
:102CC000D2F8105500F47C5003432B43C2F8103562
:102CD0004A780194012A01A826D1FFF74DFF019BF4
:102CE0009A40C0F8082501A80194FFF745FF019B11
:102CF000134903F5E073032240F8232024FA02F27B
:102D0000012304F0070003FA00F08B5C1843885499
:102D1000002003E00132082AB1D1042003B030BD05
:102D2000FE2382F84030D3E7FFF726FF019A012304
:102D30009340C0F80C35D6E70820EFE72433002095
:102D40009C33002037B5174C2518014695F84000F4
:102D5000072809D8FFF734FF95F94030124A03F5E8
:102D6000A273002042F823006318FF220F4D83F85E
:102D70004020CC0801F0070301229A402B5D13424A
:102D80000DD001A80191FFF7F7FE019B03F5E07359
:102D9000022140F823102B5D23EA02022A5503B0DA
:102DA00030BD00BF24330020006000409C33002071
:102DB000074B184490F940309B0003F1804303F522
:102DC000C043D3F8102542F00302C3F81025704722
:102DD00024330020054B184490F940008000C0B215
:102DE00000F1804000F5C040704700BF2433002050
:102DF000064B1844012290F9403018339B00DBB297
:102E000003F1804303F5C0431A6070472433002068
:102E1000F7B53B4E3318054693F94030002B6CDA7A
:102E20008B78C3F34003002B0BBF08240024102031
:102E30000820844202D1042003B0F0BD56F824706B
:102E4000013743D1701946F8242080F8404013B967
:102E5000331983F868508B785A0717D4D80737D5B9
:102E600001A80195FFF788FE019B00EB8300D0F8D5
:102E7000003723F00203C0F800372248EA0805F0C3
:102E800007070123BB40875C3B4383548B780A7858
:102E900013F0020328D0A40004F1804404F5C044D8
:102EA0002D02D4F8103523F44F3323F44073C4F8C3
:102EB00010351204D4F8103505F47C5502F4403274
:102EC00015431D43C4F810550020B5E70134B0E7A1
:102ED00001A84A780195FFF74FFE019B03F5E073C7
:102EE000920040F82320C8E7083C344494F870501E
:102EF00045EA821284F87020E6E708209CE700BFCC
:102F0000243300209C33002073B5224C261805463C
:102F100096F94020072A1ADD224492F868309B096E
:102F2000032B0FD1019001A8FFF726FE019BD0F8DB
:102F30001015D94001F0010102312846FFF728FEA3
:102F400002B070BD012B0CBF02210321F5E7D3B203
:102F5000072BF5D8930003F1804303F5C043D3F862
:102F6000100540F00100C3F8100502F14000800098
:102F700080B2FFF7F5FD0029E2D096F9403054F811
:102F80002330002BDCD0012303FA02F2024BC3F8FA
:102F90000423D5E724330020006000400E4B034497
:102FA00093F94020072A02DD0021FFF7F1BDD3B2DB
:102FB000072B10D8930003F1804303F5C043D3F8E7
:102FC000101521F00101C3F81015012303FA02F2D4
:102FD000024BC3F8082370472433002000600040F0
:102FE000F7B50446FFF7DAFF1849194E0A19E50844
:102FF00092F9403092F84020072A98BF03F5A27357
:103000000A469EBF1349002041F8230004F007033D
:1030100001219940735D0B420DD001A80194FFF787
:10302000ABFD019B03F5E073022740F82370735D4D
:1030300023EA01017155144494F84000FFF7C0FDE4
:10304000FF2384F8403003B0F0BD00BF24330020DC
:103050009C330020006000402DE9F04F002489B02F
:10306000CDE90244624D4FF48072012102F18043A8
:1030700003F5C04390B21B68012B06D1D5F8043389
:103080000B4202D0FFF76CFD0C430432B2F5907F87
:103090004FEA4101EAD1574B1B68012B0ED14FF487
:1030A000BE70FFF75DFD4FF0A04344F00044D3F83D
:1030B00010350293504BD3F81035039314F0FF0FE3
:1030C0001AD04E4F01260025264210D0AB0003F146
:1030D000804303F5C043D3F81005D3F8101557F813
:1030E000253023B1C1F30141C0F3052098470135D4
:1030F000082D4FEA4606E7D1002C75DA04AF00230D
:1031000004937B604FF0FF33CDE90633DFF8EC909A
:10311000DFF8EC8000252E4618F9012B531C4AD00D
:10312000C2F3C2000123D4B202F03F0B02F0070247
:1031300003FA02F208AB191811F8083C13423AD00E
:1031400009EB0B03A40993F9403059F823A0BAF115
:10315000000F08D1032C2ED117F800C04CEA020C46
:1031600007F800C001E0032CF6D001A8CDF804B0A8
:10317000FFF702FD019B11F8181C03F5E07C1142DA
:1031800050F82C00C0F3014005D0022813D1032CC5
:103190000BD1214604E003280DD1032C05D10221D7
:1031A0005846FFF7F5FC0135EDB2BAF1000F02D039
:1031B00021465846D0470136082EADD1A5B14FF073
:1031C000A0430299D3F8102503F540739142D3F838
:1031D000103502D10399994206D002920393049AC2
:1031E000059B0692079393E709B0BDE8F08F00BFF7
:1031F000006000407C610040000300502433002048
:103200009433002000F180431A68002A1BBF00227B
:10321000012000201A6070470F4B1A78D2B902784B
:103220004FF08041C2F34002C1F88025027802F0DD
:103230000102C1F87825094A1168C90706D4E021BE
:1032400082F800130121C2F88011116001221A7066
:103250000020704785207047D4B9002000E100E0CD
:10326000084B0122C3F88020BFF34F8FBFF36F8F4D
:10327000054A00231360054A1360054A1360054A96
:103280001370704700E100E0A4330020A833002051
:10329000AC330020D4B90020014B02681A6070479B
:1032A000AC3300204FF080434FF46072C3F8042326
:1032B00070474FF080434FF46072C3F808237047A3
:1032C0004FF0804310B5D3F80443620707D54FF49D
:1032D0008470FFF797FF10B11E4B1B689847A30639
:1032E00008D54FF48A70FFF78DFF18B11A4B0020F4
:1032F0001B689847600608D54FF48C70FFF782FF73
:1033000018B1154B01201B689847210608D54FF4CA
:103310008E70FFF777FF18B1104B00201B6898479D
:10332000E20508D54FF49070FFF76CFF18B10B4B16
:1033300001201B689847A3050AD54FF49270FFF748
:1033400061FF28B1054BBDE810401B6802201847FB
:1033500010BD00BFA4330020A8330020AC330020F0
:103360002DE9F84F134DDFF8508007464FF0000A63
:1033700004264FF001095FFA8AFB002009FA0BF4DA
:10338000FEF721FB2C420AD0D8F8003014EA0302E1
:1033900001BF2343C8F8003087F800B0164600206C
:1033A000FEF713FB1EB1A5430AF1010AE3D1304633
:1033B000BDE8F88FFFFF0F00B033002010B5A1B1BA
:1033C0009AB101238340C3F3130484B10A4C2468E7
:1033D00023420ED0C00000F1804000F5F830C0F864
:1033E0001015C0F81425002010BD0E20FCE70720A2
:1033F000FAE70820F8E700BFB0330020012303FA02
:1034000000F0C0F313031BB1054B1B68184204D036
:10341000044BC3F80405002070470820704700BF24
:10342000B033002000F00140012303FA00F0C0F3A4
:1034300013031BB1054B1B68184204D0044BC3F89F
:103440000805002070470820704700BFB0330020F7
:1034500000F001400023435082B043580193019B88
:1034600002B0704738B51D4602230B710B684A71D4
:1034700004467BB112F0040F0CBF82219221100789
:1034800048BF41F02001D306236848BF21F08001E6
:10349000C3F8001320684FF48271FFF7DBFF206848
:1034A00012F0800F05BF012343514019002038BDA1
:1034B0002DE9F04F584D077905EBC70385B01B790F
:1034C00006460C464FEAC70A002B40F0A38045F899
:1034D0003720DFF84CE101F1FF3C04F1030B6946B2
:1034E0004FF001081CF8012FFF2A00F08A8022F01B
:1034F000800310060B6077D51F2B87BF02F01F00DB
:10350000F14618464FF0A04908FA00F0C9F808053E
:103510001F2B8ABF02F01F034FF0A042724603F533
:10352000E073032042F82300DC4501F10401D9D106
:103530003068009BC0F86035019BC0F86435029B81
:10354000C0F868354FF00108039BC0F86C35C0F82F
:103550000085A27923896179C0F80C15C0F804258B
:10356000C0F808356389C0F810350023C0F8003270
:103570004FF48E71C0F80033FFF76CFF30684FF4E2
:103580008871FFF767FF30684FF48A71FFF762FFB9
:1035900030684FF48271FFF75DFF55F83730E3B1C3
:1035A0003268217942F307334901002BC2F3073215
:1035B000C9B22ADB03F160405B099B0003F1604361
:1035C00000F5614003F5614302F01F0208FA02F2C0
:1035D00080F80013C3F880211A60554401232B7131
:1035E000002005B0BDE8F08F1F2B87BF02F01F0041
:1035F000F14618464FF0A04908FA00F0C9F80C054A
:1036000086E74FF0FF330B608EE7044B02F00F02AA
:103610009954E2E70820E4E7B433002014ED00E019
:103620000003005003681A0B43F30733002B10B557
:1036300004790CDB02F01F015B0901228A40203370
:10364000074941F82320BFF34F8FBFF36F8F036803
:103650000022C3F80025034B03EBC4031A7110BD0D
:1036600000E100E0B4330020F0B50E461D461C49D1
:1036700003790468D6F800E0B6F804C0B768C4F867
:1036800020E501EBC301F368C4F824C5C4F828752C
:10369000C4F82C35C4F840E5C4F844C5C4F84875EE
:1036A000C4F84C3502F0010303EB5202C4F81425B0
:1036B000EA0712D415F0020203D0002B14BF08222F
:1036C0000422002BC4F8002218BF0C23EAB208BF62
:1036D0000823BDE8F040FFF7C5BE1022F1E700BFA8
:1036E000B4330020074B00221A6082B01B6801939C
:1036F000019B054BD3F80805044B1B68C0B202B010
:10370000184700BF00D1004000D00040D433002053
:103710000023435082B043580193019B02B070478D
:103720002DE9F0470E78089F9DF824A004460D4629
:103730009946002E5DD1D0F82431D2F800803BB1FB
:103740004FF49271FFF7E4FF012363612B7016E0E1
:10375000D0F81C314BB34FF48E71FFF7D9FFD0F87E
:1037600024311BB14FF492712046EBE711688F4270
:1037700011D919F80130C0F81C3501311160B84574
:1037800035D1D4F8043193B34FF482712046FFF75A
:10379000BFFF002604E00123BAF1000F03D0C3618C
:1037A0003046BDE8F0874361E9E7D0F80831002BE7
:1037B000E5D04FF48471FFF7ABFFD0F82431002B34
:1037C000D0D113689F42DAD9D0F8181509F8031040
:1037D0001368013313607A1E934205D10223C0F8A7
:1037E000003201232362CAE79F42FAD1C7E70126CC
:1037F000D6E74FF49271FFF78BFF4FF48E71FFF70E
:1038000087FF4FF48471FFF783FFBAE72DE9FF4785
:103810000C4605464FF4827120461F46384B0393F1
:1038200016469DF83080FFF773FF4FF49271FFF753
:103830006FFF4FF48E71FFF76BFF4FF48471FFF74A
:1038400067FF00230121C4F800326B6385F82E3036
:103850002162A160DFB11378C4F81C3569632B685D
:10386000E3B905F1340A05F12E09039B002B1FDC97
:1038700095F82E3053BB0020039B002B15DC002352
:10388000C4F800350523C4F8003503200DE0B8F175
:10389000000F01D0E161E2E76161E0E740F28623D9
:1038A000AB60AB68C4F80433002004B0BDE8F08717
:1038B000CDE900783346524649462046FFF730FFAF
:1038C0000028D5D0039B013B0393CEE7D4F8C43442
:1038D000C4F8C434002BCED013F0010F14BF4FF442
:1038E0000240032048F2012213F0020F18BF1046D5
:1038F00013F0040F48F2022318BF1846BCE700BFBC
:10390000A08601002DE9FF470C4605461E462046CD
:10391000354B03934FF482719046FFF7F9FE4FF455
:103920009271FFF7F5FE4FF48E71FFF7F1FE4FF441
:103930008471FFF7EDFE0023012E2F686B6385F87D
:103940002E3008BF02224FF001030CBFC4F8002242
:10395000C4F8003223622360AFB905F1340A05F1DF
:103960002E09039B002B18DC95F82E301BBB002082
:10397000039B002B0EDC0023C4F800350523C4F89C
:103980000035032006E040F28623AB60AB68C4F844
:103990000433002004B0BDE8F087CDE9006743465A
:1039A000524649462046FFF7BBFE0028DCD0039B69
:1039B000013B0393D5E7D4F8C434C4F8C434002BD6
:1039C000D5D013F0010F14BF4FF40240032048F28A
:1039D000012213F0020F18BF104613F0040F48F233
:1039E000022318BF1846C3E7A0860100F0B589B0CE
:1039F00091F82C3001938B6A00934B6A0C4601F1CD
:103A000034022E310746FFF78BFEE8B994F82EE01A
:103A1000D4F820C0BEF1000F1DD1207B831E012BE6
:103A200019D8626AA3699A4215D1E2696369626230
:103A3000CCF340110328A36284F82C1006D1009126
:103A400020463946FFF7E2FE09B0F0BD3946204670
:103A5000FFF758FFF8E704F10C060FCE03AD0FC5D2
:103A600033682B60BEF1000F17D0D7F8C434C7F805
:103A7000C4349A070DD501238DF8083000231CF0BB
:103A8000040F84F82F30DFD1D4E9003102A8984721
:103A9000DAE75B07F2D50223EEE78DF808E0EDE701
:103AA00001490248FFF7A2BFD83300200030004090
:103AB00002494FF04020FFF799BF00BF14340020A7
:103AC0002DE9F84F04793F4D4FF03C0A0AFB04FA08
:103AD00005EB0A079B4697F82D3080460E46914627
:103AE000002B6AD1384B006853F8241000F094FC86
:103AF000002864D13168737B87F838301F298CBF68
:103B000001F01F030B46B860C7F804B087F82F0018
:103B100087F8300003F5E07288BF2C4F45F80A9013
:103B200098BF4FF0A04740F20C6347F8223072680C
:103B30001F2A1F468CBF02F01F03134603F5E073D4
:103B40008CBFDFF888C04FF0A04C4CF82370D8F839
:103B50000030C3F80815C3F80C25B268C3F8242553
:103B6000B9F1000F1CD0317B43F307324901002A21
:103B7000C3F30733C9B21BDB02F16046520906F5F5
:103B80006146920002F1604286F8001302F561423C
:103B9000012103F01F0301FA03F3C2F8803113601F
:103BA0003C2303FB0454012384F82D30BDE8F88F37
:103BB000074A03F00F03D154F2E70820F6E711207B
:103BC000F4E700BFD8330020485003000003005042
:103BD00014ED00E0026803790521C2F80015044ADB
:103BE0003C2101FB0323022283F82D20704700BFF4
:103BF000D833002003680A490279C3F80813D3F8C0
:103C0000001221F00301C3F800120021C3F80015CF
:103C1000044B3C2101FB0233012283F82D20704725
:103C200086420400D833002070B50579234E3C232A
:103C30006B430446F35893B103681A0B43F30733FD
:103C4000002B0CDB02F01F015B0901228A402033AC
:103C50001B4941F82320BFF34F8FBFF36F8F2046DE
:103C6000FFF7C8FF206800F0EEFB3C2303FB056371
:103C700093F83830DBB92168D1F808351F2B86BF9F
:103C800003F01F030F484FF0A04003F5E07302223A
:103C900040F82320D1F80C351F2B86BF03F01F03FB
:103CA00008494FF0A04103F5E07341F823203C237D
:103CB00003FB0565002385F82D3070BDD833002047
:103CC00000E100E0000300502DE9F74F2D4E077989
:103CD000D0F800902C4BC9F808333C2505FB07654C
:103CE000C7EB071C95F82F308E46144606EB8C0C5C
:103CF00003F0FF0B33B1AB68C9F80433112003B0F4
:103D0000BDE8F08F82F00403C3F3800385F82F3001
:103D10002A628A46BAE80F0005F10C08A8E80F00ED
:103D2000DAF80030C8F80030DEF80430AB62DEF8B4
:103D30000C206A629EF80110C9F888159EF80010E0
:103D4000012917D0A1B9C4F340143C2101FB07613C
:103D5000604681F82C4000944946FFF757FD3C230C
:103D60005F43F219F359002BC9D182F82F30C6E70F
:103D70000124EAE785F82CB049466046FFF7C2FD0A
:103D8000EDE700BFD833002086420400F0B587B0CD
:103D900004460F4615460021142201A81E4607F0CE
:103DA00017FE9DF830308DF80570002B14BF2022CF
:103DB000002201A9204602960495FFF785FF07B06F
:103DC000F0BDF0B587B004460F4615460021142219
:103DD00001A81E4607F0FCFD0123002201A9204690
:103DE0008DF804308DF8057002960495FFF76CFF8E
:103DF00007B0F0BD00280DDB4309012200F01F00D1
:103E000002FA00F02033044A42F82300BFF34F8F38
:103E1000BFF36F8F704700BF00E100E00023435005
:103E200082B043580193019B02B070474358002B66
:103E300010B50A4614BF0124002401D0FFF7EEFF9D
:103E4000A2F58070800804FA00F010BD03680BB181
:103E500008461847704707B5002A8DF800104168DA
:103E600008BF4FF4807201920A4342606946FFF72F
:103E7000EDFF03B05DF804FB2DE9774E01238B7253
:103E800091F80990534D544E8A464FF482718346FF
:103E9000FFF7CCFF4FF4927104465846FFF7C6FF78
:103EA0004FF4A67104435846FFF7C0FF4FF4A871C2
:103EB00004435846FFF7BAFF4FF4B2710443584623
:103EC000FFF7B4FF4FF4B47104435846FFF7AEFF59
:103ED0005FFA89F90443002C3AD0B9F1040F5ED897
:103EE000DFE809F0033E4D60680014F0020302D0E1
:103EF00024F00204EFE7610112D5E20258BF4FF04F
:103F000001098DF800304CBF4FF002094B4669465D
:103F100050468DF8043024F0C364FFF797FFDAE7CA
:103F2000A3010DD503238DF8003004F40023002BEA
:103F30000BBF012300234FF003094FF00409E6E70C
:103F4000DBF8D024CBF8D02406215046FFF783FFBE
:103F500000238AF809908AF80A3003B0BDE8708E11
:103F60001E4B14EA030904D024F480144FF0020914
:103F7000B1E7DBF8D024CBF8D0240221E5E714EA3E
:103F80000509F6D001238DF80030DBF84C35DBB2A3
:103F9000694650460193FFF759FF24F002044FF0A1
:103FA000000998E714EA06090DD024F400244FF024
:103FB000040990E714EA050905D004238DF80030C0
:103FC000DBF83C35E3E7DBF8D024CBF8D02405213F
:103FD000BBE700BF02000006020008060200100650
:103FE00010B4037909490C225A438C188A5852B9E3
:103FF000A27A42B903EB430300685DF8044B01EB7E
:104000008301FFF739BF5DF8044B7047503400203F
:104010001F2886BF00F01F00054A4FF0A04240F263
:10402000026300F5E07043EA810142F82010704716
:104030000003005003498B7A13B90348FFF71CBFF4
:10404000704700BF503400200030004004498B7D91
:1040500023B90C314FF04020FFF70EBF704700BF6F
:10406000503400202DE9F84F3F4F90F804A00C2366
:1040700003FB0A730C461B7A9046002B6DD1066831
:104080003A4B304653F82A1000F0C6F98146002812
:1040900066D14FF0FF3146F30735C6F80005C6F884
:1040A00008152846C6F80C15FFF7A4FEC6F8081335
:1040B000217CA068FFF7ACFF617CE068FFF7A8FFF8
:1040C000D4E9002352EA03014FEA163B3ED0003AFE
:1040D00018BF01220BB142F00202A17C002D4FEA71
:1040E00041115FFA8BF3C9B232DB05F160406D0913
:1040F00000F56140AD0005F1604580F8001305F55D
:104100006145012103F01F0301FA03F3C5F8803173
:104110002B60D4E90231C6F808352378C6F80C15AF
:10412000C6F888352379C6F88C350C2303FB0AFAC8
:1041300007EB0A03C6F8942500229A7247F80A8012
:104140005A7201221A724846BDE8F88F0122C4E76C
:10415000074803F00F03C154DBE74FF00809F2E70B
:104160004FF01109EFE700BF50340020505003001A
:1041700014ED00E037B504680579D4F80C15D4F8CF
:10418000080502AB03E903004FF0FF310023C4F838
:10419000003544F30730C4F80815C4F80C15FFF7D0
:1041A00029FEC4F80813009B002B0CDB009B1F2B7F
:1041B00086BF03F01F03124A4FF0A04203F5E073DD
:1041C000022142F82310019B002B0CDB019B1F2BCB
:1041D00086BF03F01F030A4A4FF0A04203F5E073C5
:1041E000022142F82310204600F02DF905490C2346
:1041F0006B43C8180022CA50027203B030BD00BF22
:10420000000300505034002008B503464FF482717B
:1042100000681A79FFF702FE4FF49271FFF7FEFD76
:104220004FF4A671FFF7FAFD4FF4A871FFF7F6FD02
:104230004FF4B271FFF7F2FD4FF4B471FFF7EEFDEA
:104240000C21094B5143595811B10849C0F80413C6
:104250000921C0F800150C2101FB023300220221C4
:104260005A6019725A7208BD5034002002021806B2
:10427000026807490379C2F808130021C2F8001543
:10428000044A0C2101FB032301221A72704700BF6C
:10429000020218065034002030B5104C03790C256A
:1042A00005FB03431B7A022B11D101F06043B3F1EC
:1042B000005F0ED193B293420DD10268DBB2C2F817
:1042C0004415C2F8483501235363002030BD08204F
:1042D000FCE71020FAE70920F8E700BF503400207F
:1042E00030B5104C03790C2505FB03431B7A022BD8
:1042F00011D101F06043B3F1005F0ED193B293424C
:104300000DD10268DBB2C2F83415C2F8383501238A
:104310001363002030BD0820FCE71020FAE70920D5
:10432000F8E700BF5034002010B50446FFF758FEF0
:104330002379044A0C2101FB0323587A431E584277
:10434000584110BD5034002010B50446FFF748FE18
:104350002379044A0C2101FB0323587AC31E5842D7
:10436000584110BD5034002010B50446FFF738FE08
:104370002379044A0C2101FB0323587A831E5842F7
:10438000584110BD5034002010B50446FFF728FEF8
:104390002379044A0C2101FB0323587A031F584256
:1043A000584110BD503400200E4B984211D0B0F14E
:1043B000402F10D003F5003398420ED0A3F5803380
:1043C00098420CD0084A094B90420CBF1846002076
:1043D00070470748704707487047074870470748C5
:1043E000704700BF003000400020004088340020AB
:1043F000683400207034002078340020803400209D
:10440000014B1B68184700BF68340020014B1B6834
:10441000184700BF7034002070B50D46FFF7C4FF89
:10442000044608B9002070BD0020FDF7CCFA2679BB
:1044300016B90123256023710020FDF7C6FA002E6E
:10444000F0D01120EFE708B5FFF7AEFF10B1002361
:104450000360037108BD0000004870475850030016
:10446000FBF732B8FBF786B8014BD3F80405704769
:10447000001001404FF400320121FBF797B8000013
:1044800008B5F9F7A9FA064B01221A70054B4FF44B
:104490000032C3F80021BDE80840F9F7B3BA00BF05
:1044A000D82E002000E100E0024B4FF40032C3F8A8
:1044B0000823704700100140044B002282B01A60AC
:1044C0001B680193019B02B0704700BF441101407B
:1044D0000868002808B51ADB90420AD952009042B9
:1044E00007D2002A0ADB0A60501CBDE80840F9F731
:1044F000BFBF0130BDE80840F9F7BABF6FF0004315
:104500000B604FF00040BDE80840F9F7B1BF01482B
:1045100000F0A8F86450030050F8083B834202D032
:104520001846F9F7BBBF7047521A012A03D002B9E7
:10453000704707F04FB90B7810B403705DF8044B67
:10454000704700BF88422CD02DE9F04180464E686C
:1045500058F8087BB84514BF82680F22B24282B077
:104560000D4604460CD32EB1012E29681AD10B78C2
:104570003B70276866600023BB5502B0BDE8F08140
:1045800002A941F8046DFFF7A3FF074620688045A4
:1045900001D0F9F783FF019B2760A360002EE9D0CB
:1045A000E2E770473846324607F014F92768E1E73A
:1045B000F0B40B4600F10804046053F8082B934252
:1045C0000AD002608A6882604A6842600022C1E9BB
:1045D00000320A72F0BC70471F685E689D68DA6836
:1045E00042618760C6600561EEE700BFF8B5064628
:1045F00008460F4607F0C4FD7568A842024628BF6A
:104600002A46044622B13946306807F0B1F800B9AD
:10461000281BF8BD08B5042000F0FEFB024B036028
:10462000024A034900F0CAFE64510300994E020099
:104630004051030038B50546082000F0EDFB29463F
:10464000044601F0EDF82046044A054900F0B6FEA4
:10465000204600F0F9FB00F09BFD00BFB1560200C0
:104660004452030038B50546082000F0D5FB294622
:10467000044601F0E9F82046044A054900F09EFE90
:10468000204600F0E1FB00F083FD00BF055702006B
:1046900050520300704700BF704700BF004870478A
:1046A0007C50030010B504210446F9F7F9FE2046BA
:1046B00010BD00BF5028F8B51CD000F00F040C2C22
:1046C00056D8DFE804F0074151071F5555555527C7
:1046D00023071F00144654F8045B45B100F0700630
:1046E000102E08BF11460D44020648BF2D681D60FC
:1046F0002046F8BD033222F0030454F8045B1D6029
:104700002046F8BD144654F8085BE6E7144634F931
:10471000025BE2E700252F46144614F801CB0CF0AB
:104720007F06BE401CF0800F45EA060507F107072B
:10473000F3D11F2FD1D81CF0400FCED04FF0FF3651
:1047400006FA07F73D43C9E700252F46144614F83B
:1047500001CB0CF07F06BE401CF0800F45EA060539
:1047600007F10707F3D1B8E7144634F8025BB4E762
:1047700005F0A8FC00F07000202811D00BD94028CB
:1047800006D050280AD030280DD1084602F08EBE3F
:10479000084602F07BBE08B1102804D10020704703
:1047A000084602F087BE08B505F08CFCF8B50C464B
:1047B0001546074608B102F069FE28602678FF2EEC
:1047C00004F1010429D1686023782B75FF2B04F1D3
:1047D000010032D0102300242B75224610F8011B53
:1047E00001F07F039340090644EA030402F1070243
:1047F000F4D40444EC6003786B7500240130224645
:1048000010F8011B01F07F0393401C430B0602F1DB
:104810000702F5D404442C61F8BD39463046FFF751
:10482000A9FF224601462B1D3046FFF743FF0446F1
:10483000601C23782B75FF2BCCD10023EB60DAE7CB
:104840002DE9F04F00F0030499B00023012C8846B5
:1048500017460C9300F096800DD3022C40F05F8237
:104860003946404602F0FEFD002800F09B800920FA
:1048700019B0BDE8F08F0207F2D40123049318AAFF
:10488000002342F82C8D1946009238460C2202F083
:1048900079F8384602F000FE05900028E0D012AB0F
:1048A0001A46059906933846FFF780FF05469DF89E
:1048B0005C00FF2800F0E5803946FFF75BFF044607
:1048C00000230DF1440B1946CDF800B00F223846F5
:1048D000149402F035F8119E169B26F001069D42B5
:1048E00006F1FF3680F0D4800DF13C0A0DF140094D
:1048F0009DF85D40FF2C4FF0000103D02046FFF7EC
:1049000039FF01462A4620465346FFF7D3FE9DF85D
:104910005D40FF2C05464FF0000103D02046FFF715
:1049200029FF01462A4620464B46FFF7C3FE9DF865
:104930005D40FF2C05464FF0000103D02046FFF7F5
:1049400019FF01462A4620465B46FFF7B3FE0024C6
:104950000546214615F8012B02F07F038B401C43CE
:10496000130601F10701F5D4129B0F9A1344B342C9
:104970001FD9049BDB0700F19180049B1C0715D510
:1049800000F0DEFB10F008041CD018AA44F002046A
:1049900042F82C1D3846009219460C22049401F06E
:1049A000F1FF76E7082019B0BDE8F08F404600F02F
:1049B000A9FA109A1344B34200F28880169BAB42C6
:1049C00096D8D6E712AB009306930D2223462146D4
:1049D0003846D8F8205001F0B3FF129B9D4202D018
:1049E000022304934BE718AA234642F82C8D214654
:1049F000009238460C2201F0C5FFD8F830300393FE
:104A0000002BD3D0D8F828301A46D8F82C3005938C
:104A10000DF13C0A0DF140091346002B1C46C0F273
:104A20002781032518A9002341F8288D1A460091F3
:104A30003846194601F0A6FF002319460122CDF899
:104A400000A038460F9401F09DFF002319460F2265
:104A5000CDF80090384601F073FF109B039ACDF813
:104A6000009003F0010400231443384619460F2236
:104A7000109401F087FF022D05D0072019B0BDE882
:104A8000F08F00241CE7404600F0E0FB0720EFE633
:104A9000049BD9077FF571AF0DF140090024039401
:104AA000002319460D22CDF8009038460C9D01F0E8
:104AB00047FF059A109BC8F82C20039AC8F83020AD
:104AC000C8E90954C8F820300620D1E6119B002B14
:104AD0003FF4C6AE139A9A180392002C00F0F080AF
:104AE000169B013C2344002A3FF4BAAE002B00F091
:104AF000F880049A12F00802099200F0038147211D
:104B00004E2288F8001088F801205521432288F8A9
:104B1000021088F8032046214F2288F8041088F8F4
:104B200005205221002288F8061088F80720CDE9D8
:104B30000A7A00220792CDF820900024214600E056
:104B40002B461D4615F8010B00F07F028A40060631
:104B500044EA020401F10701F2D41F2905D84006F6
:104B600003D501228A405242144300263146A14611
:104B700013F8010F00F07F028A401643020601F18C
:104B80000701F5D41F2905D8470603D501238B401B
:104B90005B421E43002C4CD04EDC04F1010ACAEBF0
:104BA0008A72159B03EB820753F82210B8F1000FAD
:104BB00001D0099B2BB151B3002E00F08B80AB19B3
:104BC000BBE70C9B119329B991E057F8041F00290A
:104BD00000F08D8039445B460022404600F0DEFA4A
:104BE0000028F2D0E8E7E2005242DDE914131A444B
:104BF000089BFFF75FFD109949B1B8F1000FDBD0BA
:104C00000CAB0022404600F0C9FA0028D4D0049B27
:104C1000D8074A46DDE90A7ADDF820903FF540AF33
:104C2000099B002B3FF4F8AE002CBFF6FAAE00F063
:104C300095FA01230793BFE79DF85C00FF283BD05E
:104C400000F00703042B6AD801A252F823F000BF3A
:104C50006B4C02001F4D0200654C02006B4C0200C1
:104C6000E74B020062005242BFE7A2005242BCE79B
:104C700001331D46DDE905123846FFF797FD9DF823
:104C80005C00FF281AD03946FFF774FDC5EB85722A
:104C90009200159D1490AB58154433B12A46002359
:104CA00052F8041F01330029FAD10422C8E90C2567
:104CB000C8E90A300325B5E6002296E70020E5E7BB
:104CC000039B002B3FF4CCAD049BDA073FF5C8AD46
:104CD0000225A7E6DDE90739DDE90A7A002B3FF472
:104CE000BFAD049BDD073FF5BBAD0024F0E7049B9F
:104CF0000A9FDDF82090DE075546DDF82CA03FF531
:104D0000CFAEB7E798F80720012A0CBF58F8202C3F
:104D100008F158020C920AE700F072F930E605F04B
:104D2000D1F900BFF0B4224C6368A0F108061BB3B0
:104D300050F8087CF519AB421ED822D059680029DA
:104D400031D08D4203D32EE0954205D211464A68F8
:104D50001C1D0B46002AF7D195421CD023681A6807
:104D600099188E421CD05B6840F8043C236840F8D8
:104D7000087C5E60F0BC704740F8043C6660F0BCA4
:104D80007047D3E90023174440F8087C40F8043CFE
:104D90006660F0BC7047D5E900324A601F44DDE729
:104DA00017441F60EBE70A4604341946D4E700BFF6
:104DB0009034002030B4174C00F108026368082AD0
:104DC00038BF082203B30732196822F007028A426B
:104DD00004D81BE001688A4205D9034658680028B8
:104DE000F8D130BC704704338C1A072C456808D9B9
:104DF00081184D608450186802601960083030BC1A
:104E0000704701601D60F9E71846EAE71846231D60
:104E1000EAE700BF9034002010B500F1800420467E
:104E200006F088F938B1034680220021184606F0C2
:104E3000CFFD803010BD2046FFF7BCFF03460028A1
:104E4000F2D100F07DF900BF064A9368803898429D
:104E500003D9D2681344984201D306F073B9FFF71F
:104E600061BF00BF9034002038B5084C4FF41E6578
:104E70002846E56006F05EF9A06020B1002360607E
:104E8000C0E9005338BDE060606038BD9034002058
:104E9000004870473051030010B5034B03600446CF
:104EA000FFF7F8FB204610BD6451030010B5054B19
:104EB00003600446FFF7EEFB20460421F9F7F0FA01
:104EC000204610BD645103000378472B01D0002019
:104ED000704743784E2BFAD18378552BF7D1C3789E
:104EE000432BF4D10379432BF1D143792B2BEED112
:104EF00083792B2BEBD1C07901288CBF00200120B6
:104F0000704700BF10B530B1044600F079F8204674
:104F1000FFF7DAFF08B900F013F954F8140C00F0A9
:104F2000FBF800BF2DE9F04F85B00246FFF7CCFF3C
:104F300050B152E906851046966AD2E90C7400F029
:104F40005FF8404600F006F9104600F059F800F00E
:104F500005F900F055F800F0F3F800F051F800F012
:104F6000D3F8036893F827200DF1100A012A0CBF2B
:104F70001A6803F178024FF0000820334AF8082D30
:104F800027F0030B0193C146B1451BDA276807B12F
:104F90002744534600223946019800F0FFF8E8B94B
:104FA0003B6814491B69009304AA012342F8040DCD
:104FB0003846009FB847002818BF804609F101090C
:104FC0005C44E1E7B8F1000F10D00420FFF724FFA4
:104FD000094B0360094A074900F0F0F900F00AFAAA
:104FE00000F04EF800F04CF800F0D2F8284600F03F
:104FF00093F800BFA050030024510300994602001B
:1050000038B5044600F084F822780368472AA4F1F2
:10501000200104D08BBB1C460160204638BD62785D
:105020004E2AF7D1A278552AF4D1E278432AF1D159
:105030002279432AEED162792B2AEBD1A2792B2A4D
:10504000E8D1E279012AE5D854F80C2C002A11DBCA
:105050000132456844F80C2C8B4205F1FF35456060
:105060001CBF44F8103C01602046646A01F060FCFB
:10507000204638BDC2F10102EBE700F061F800BF45
:1050800008B500F041F80246006870B390F820308F
:10509000472B06D0002313602030BDE8084001F004
:1050A00049BC90F821304E2BF4D190F82230552B8A
:1050B000F0D190F82330432BECD190F82430432BDF
:1050C000E8D190F825302B2BE4D190F826302B2B0B
:1050D000E0D190F82730012BDCD84369002B05DBA9
:1050E000013B002B07D00DDB436108BD0133FBD131
:1050F00001691160F8E7036913602030BDE80840DA
:1051000001F018BC00F01CF800487047A0340020E3
:1051100000487047A034002008B5804704F0D2FF53
:10512000FFF76EFF04F0CEFF0D460446FFF7A8FF21
:10513000013501D000F02CF82046FFF7F3FE00BF48
:1051400008B5034B1868BFF35B8FFFF7E5FF00BF9F
:105150003406002008B58047FFF7F2FF08B5034B7F
:105160001868BFF35B8FFFF7F5FF00BF380600201C
:10517000024B1868BFF35B8F704700BF34060020F6
:10518000024B1868BFF35B8F704700BF38060020E2
:105190001EB400F08DF81EBC01F08EFFF0B5027851
:1051A000472A83B00D461F461ED00023254C01938D
:1051B000236820469B68984780B1019B1B68019338
:1051C00002262B68214628461C6901AA0123A04714
:1051D00030B1019B3B60304603B0F0BD0126F0E7E3
:1051E0000646304603B0F0BD43784E2BDDD18378C0
:1051F000552BDAD1C378432BD7D10379462B15D061
:105200000379432BD1D143792B2BCED183792B2B0F
:10521000CBD1C379012BC8D850F8204C02D05830DC
:105220000190C5E7204654F8784CF9E743794F2BB5
:10523000E6D18379522BE3D1C379002BE0D10193DE
:10524000014CB5E7985003009050030010B5044698
:10525000FFF75EFF2378472BA4F1200204D0836878
:1052600023BB8260012010BD63784E2BF7D1A37859
:10527000552BF4D1E378432BF1D12379432BEED195
:1052800063792B2BEBD1A3792B2BE8D1E379012B7D
:10529000E5D854F8043C0133012B44F8043CE1D137
:1052A000836844F8083C8260012010BDFFF748FF86
:1052B00008B5FFF72DFF836883B393F82020472AB2
:1052C00004D00022826003F1200008BD93F8212061
:1052D0004E2AF6D193F82220552AF2D193F82320B2
:1052E000432AEED193F82420432AEAD193F82520CB
:1052F0002B2AE6D193F826202B2AE2D193F82720F7
:10530000012ADED8DA69013ADA61002ADBD19A692A
:10531000826000229A6103F1200008BDFFF710FFB0
:10532000012810B51AD8BFF35B8FA1F1280353E809
:10533000002F013A43E800200028F8D1BFF35B8F2B
:105340005AB951F81C3C01F158040BB1204698475A
:105350002046BDE81040FFF777BD10BD51F8140C92
:10536000FFF7DAFEF8B5002540E91E1240F8805C30
:105370000446FFF705FF44F8700CFFF7F9FE4723DA
:1053800043224E2755260C4904F8583C2B2304F899
:10539000515C04F8577C04F8566C44F8501C04F82F
:1053A000552C04F8542C04F8533C04F8523C44F8AF
:1053B0006C0CA4F18000F8BD21530200F8B505463D
:1053C0000E461746FFF7A4FE4368044601333A46EB
:1053D000314663602846FFF7C5FF0446012344F8C1
:1053E000283B204601F056FE2046FFF709FEFFF756
:1053F000A7FE00BF10B5FFF78BFED0E900420132D7
:10540000426064B194F82020472A0AD0002202604A
:105410002034204601F062FE2046FFF7F1FDFFF741
:105420008FFE94F821204E2AF0D194F82220552A9C
:10543000ECD194F82320432AE8D194F82420432A7D
:10544000E4D194F825202B2AE0D194F826202B2AA9
:10545000DCD194F82720012AD8D8626952426261CF
:10546000D6E700BF10B5034B0360044600F0C2F856
:10547000204610BDAC51030010B5054B0360044637
:1054800000F0B8F820460C21F9F70AF8204610BDC4
:10549000AC51030070B582B00E46069C944205469E
:1054A00009D0A868056806942C6A3146A44602B063
:1054B000BDE87040604719460192009300F062F821
:1054C000DDE900320028ECD0062002B070BD00BF3C
:1054D0002DE9F04F0E4681B019461F46914683468E
:1054E000DDE90A4ADDE90C8500F04CF870B1002EC8
:1054F0002C6085F804901DDB3444A0450CBF0624C5
:105500000124AC71002001B0BDE8F08F444516D0F5
:10551000DBF80800D0F800C0CDE90C85CDE90A4AD7
:10552000DCF81C403B464A463146A44601B0BDE883
:10553000F04F60470236E5D10123AB71E2E75146F7
:10554000584600F01FF80028E2D085F80590D9E70A
:105550002DE9F04107460C4615461E4600F084F83A
:1055600008B1BDE8F081B86807682146BC693346D8
:105570002A46A446BDE8F041604700BF704700BF1F
:105580000020704781420FD008B5406803782A2B6D
:105590000CD049680B782A2B08BF013106F084FC37
:1055A000B0FA80F0400908BD01207047002008BD16
:1055B00070B5036884B000249E69009410231546DA
:1055C000CDE9023412688DF804406B46B0479DF86F
:1055D000043003F00603062B03BF009B2B60012061
:1055E000204604B070BD00BF009890420CBF06205A
:1055F0000120704710B5034B03600446FFF7BEFF60
:10560000204610BD2052030010B5054B0360044630
:10561000FFF7B4FF20460821F8F742FF204610BDEF
:10562000205203002DE9F041DDE90814069D8D426A
:1056300090461F4606460CD039463046FFF7A2FF7B
:1056400020B10123256084F80480A3710020BDE807
:10565000F0810799FFF796FF0028EDD084F80580C8
:105660000020BDE8F08100BF38B515461C46FFF7A5
:1056700089FF20B1082206232560E260237138BD2E
:105680002DE9F04117461C4606460D46FFF77AFF06
:1056900008B9032C01D9BDE8F0812B683A463146A0
:1056A00028465B69BDE8F041184700BF4068704775
:1056B00010B543680C4A0D4901600446A3F10C0083
:1056C000904282B005D12046FEF7E4FF204602B0AA
:1056D00010BD53F8042C511E002A43F8041CF2DCC0
:1056E00001A900F053F8EEE7AC3400208852030023
:1056F00010B50446FFF7DCFF2046F8F7CFFE204642
:1057000010BD00BF10B5034B03600446FFF7D0FF88
:10571000204610BD9C52030010B5054B03600446A3
:10572000FFF7C6FF2046F8F7B9FE204610BD00BFC0
:105730009C520300134B984210B51FD88842044670
:1057400014D94A00904238BF144604F11D02B2F544
:10575000805F04F10D000BD9A14209D204F58054F9
:10576000C2F30B02A41A9C4228BF1C4604F10D0090
:10577000F8F77EFE0022C0E9014210BD0248FEF7A4
:1057800071FF00BFFCFFFF3FD4520300F8F786BE55
:10579000884215D070B5054610B30C1A204600217A
:1057A000FFF7C8FF012C064600F10C0305D054B9E1
:1057B0000D4A96420ED1184670BD2A780273F7E75B
:1057C0000A4B1846704718462946224606F002F84A
:1057D0000346EDE7311900223460B2600A73EAE74C
:1057E0000348FEF727FF00BFAC340020B834002088
:1057F000A852030070B5054616460C4661B108462E
:1058000006F0BEFC2118324620464FF00003FFF799
:10581000BFFF2860284670BD4FF0FF31F3E700BF9F
:1058200010B5084B82B0044601AA40F8043BFFF7CC
:10583000E1FF204602B010BD2046FEF72BFFFFF728
:10584000A7FC00BF8852030010B50446FFF7E8FF2D
:10585000014B2360204610BD9C52030081F00041A3
:1058600002E000BF83F0004330B54FEA41044FEA45
:10587000430594EA050F08BF90EA020F1FBF54EAE0
:10588000000C55EA020C7FEA645C7FEA655C00F07C
:10589000E2804FEA5454D4EB5555B8BF6D420CDD4D
:1058A0002C4480EA020281EA030382EA000083EAD0
:1058B000010180EA020281EA0303362D88BF30BD70
:1058C00011F0004F4FEA01314FF4801C4CEA1131C6
:1058D00002D0404261EB410113F0004F4FEA033325
:1058E0004CEA133302D0524263EB430394EA050FB0
:1058F00000F0A780A4F10104D5F1200E0DDB02FA1F
:105900000EFC22FA05F2801841F1000103FA0EF2B2
:10591000801843FA05F359410EE0A5F120050EF178
:10592000200E012A03FA0EFC28BF4CF0020C43FAA9
:1059300005F3C01851EBE37101F0004507D54FF0B6
:10594000000EDCF1000C7EEB00006EEB0101B1F506
:10595000801F1BD3B1F5001F0CD349085FEA30004C
:105960004FEA3C0C04F101044FEA445212F5800F57
:1059700080F09A80BCF1004F08BF5FEA500C50F1F4
:10598000000041EB045141EA050130BD5FEA4C0CD7
:10599000404141EB010111F4801FA4F10104E9D160
:1059A00091F0000F04BF01460020B1FA81F308BF57
:1059B0002033A3F10B03B3F120020CDA0C3208DD23
:1059C00002F1140CC2F10C0201FA0CF021FA02F1FE
:1059D0000CE002F11402D8BFC2F1200C01FA02F16E
:1059E00020FA0CFCDCBF41EA0C019040E41AA2BF93
:1059F00001EB0451294330BD6FEA04041F3C1CDA5B
:105A00000C340EDC04F11404C4F1200220FA04F07A
:105A100001FA02F340EA030021FA04F345EA030124
:105A200030BDC4F10C04C4F1200220FA02F001FAE6
:105A300004F340EA0300294630BD21FA04F0294668
:105A400030BD94F0000F83F4801306BF81F4801101
:105A50000134013D4EE77FEA645C18BF7FEA655C74
:105A600029D094EA050F08BF90EA020F05D054EA46
:105A7000000C04BF1946104630BD91EA030F1EBF4B
:105A80000021002030BD5FEA545C05D1400049414F
:105A900028BF41F0004130BD14F580043CBF01F542
:105AA000801130BD01F0004545F0FE4141F4700128
:105AB0004FF0000030BD7FEA645C1ABF1946104603
:105AC0007FEA655C1CBF0B46024650EA013406BF04
:105AD00052EA033591EA030F41F4002130BD00BFC3
:105AE00090F0000F04BF0021704730B54FF4806480
:105AF00004F132044FF000054FF0000150E700BF01
:105B000090F0000F04BF0021704730B54FF480645F
:105B100004F1320410F0004548BF40424FF000014C
:105B20003EE700BF42004FEAE2014FEA31014FEA8F
:105B300002701FBF12F07F4393F07F4F81F06051DE
:105B4000704732F07F4208BF704793F07F4F04BF29
:105B500041F40021704730B54FF4607401F0004506
:105B600021F000411CE700BF50EA010208BF704766
:105B700030B54FF000050AE050EA010208BF704757
:105B800030B511F0004502D5404261EB41014FF4C0
:105B9000806404F132045FEA915C3FF4D8AE4FF0C8
:105BA00003025FEADC0C18BF03325FEADC0C18BFAB
:105BB000033202EBDC02C2F1200300FA03FC20FAFC
:105BC00002F001FA03FE40EA0E0021FA02F1144449
:105BD000BDE600BF70B54FF0FF0C4CF4E06C1CEA62
:105BE00011541DBF1CEA135594EA0C0F95EA0C0FD3
:105BF00000F0DEF82C4481EA030621EA4C5123EA46
:105C00004C5350EA013518BF52EA033541F4801174
:105C100043F4801338D0A0FB02CE4FF00005E1FB27
:105C200002E506F00042E0FB03E54FF00006E1FB71
:105C300003569CF0000F18BF4EF0010EA4F1FF04B4
:105C4000B6F5007F64F5407404D25FEA4E0E6D41F4
:105C500046EB060642EAC62141EA55514FEAC52005
:105C600040EA5E504FEACE2EB4F1FD0C88BFBCF581
:105C7000E06F1ED8BEF1004F08BF5FEA500E50F132
:105C8000000041EB045170BD06F0004646EA0101F8
:105C900040EA020081EA0301B4EB5C04C2BFD4EB2A
:105CA0000C0541EA045170BD41F480114FF0000E23
:105CB000013C00F3AB8014F1360FDEBF002001F091
:105CC000004170BDC4F10004203C35DA0C341BDC0B
:105CD00004F11404C4F1200500FA05F320FA04F0DD
:105CE00001FA05F240EA020001F0004221F0004111
:105CF00010EBD37021FA04F642EB06015EEA430E84
:105D000008BF20EAD37070BDC4F10C04C4F12005B3
:105D100000FA04F320FA05F001FA04F240EA020066
:105D200001F0004110EBD37041F100015EEA430E37
:105D300008BF20EAD37070BDC4F1200500FA05F257
:105D40004EEA020E20FA04F301FA05F243EA0203D6
:105D500021FA04F001F0004121FA04F220EA0200E5
:105D600000EBD3705EEA430E08BF20EAD37070BD2B
:105D700094F0000F0FD101F00046400041EB01010B
:105D800011F4801F08BF013CF7D041EA060195F0ED
:105D9000000F18BF704703F00046520043EB0303A7
:105DA00013F4801F08BF013DF7D043EA0603704794
:105DB00094EA0C0F0CEA135518BF95EA0C0F0CD09F
:105DC00050EA410618BF52EA4306D1D181EA0301E5
:105DD00001F000414FF0000070BD50EA410606BFDF
:105DE0001046194652EA430619D094EA0C0F02D124
:105DF00050EA013613D195EA0C0F05D152EA033669
:105E00001CBF104619460AD181EA030101F0004186
:105E100041F0FE4141F470014FF0000070BD41F0CF
:105E2000FE4141F4780170BD70B54FF0FF0C4CF4A9
:105E3000E06C1CEA11541DBF1CEA135594EA0C0FC8
:105E400095EA0C0F00F0A7F8A4EB050481EA030E15
:105E500052EA03354FEA013100F088804FEA0333FC
:105E60004FF0805545EA131343EA12634FEA0222CA
:105E700045EA111545EA10654FEA00260EF000418B
:105E80009D4208BF964244F1FD0404F5407402D2DD
:105E90005B084FEA3202B61A65EB03055B084FEA6E
:105EA00032024FF480104FF4002CB6EB020E75EB6B
:105EB000030E22BFB61A754640EA0C005B084FEA93
:105EC0003202B6EB020E75EB030E22BFB61A754610
:105ED00040EA5C005B084FEA3202B6EB020E75EB5B
:105EE000030E22BFB61A754640EA9C005B084FEAD3
:105EF0003202B6EB020E75EB030E22BFB61A7546E0
:105F000040EADC0055EA060E18D04FEA051545EACE
:105F100016754FEA06164FEAC30343EA52734FEA77
:105F2000C2025FEA1C1CC0D111F4801F0BD141EAF0
:105F300000014FF000004FF0004CB6E711F4801F55
:105F400004BF01430020B4F1FD0C88BFBCF5E06F35
:105F50003FF6AFAEB5EB030C04BFB6EB020C5FEA45
:105F6000500C50F1000041EB045170BD0EF0004E9A
:105F70004EEA113114EB5C04C2BFD4EB0C0541EACC
:105F8000045170BD41F480114FF0000E013C90E6C9
:105F900045EA060E8DE60CEA135594EA0C0F08BF8D
:105FA00095EA0C0F3FF43BAF94EA0C0F0AD150EA8C
:105FB00001347FF434AF95EA0C0F7FF425AF10461F
:105FC00019462CE795EA0C0F06D152EA03353FF447
:105FD000FDAE1046194622E750EA410618BF52EAC4
:105FE00043067FF4C5AE50EA41047FF40DAF52EA98
:105FF00043057FF4EBAE12E74FF0FF3C06E000BF35
:106000004FF0010C02E000BF4FF0010C4DF804CD41
:106010004FEA410C7FEA6C5C4FEA430C18BF7FEA01
:106020006C5C1BD001B050EA410C0CBF52EA430C2F
:1060300091EA030F02BF90EA020F0020704710F1AF
:10604000000F91EA030F58BF994208BF90422CBF3E
:10605000D8176FEAE37040F0010070474FEA410C37
:106060007FEA6C5C02D150EA013C07D14FEA430C55
:106070007FEA6C5CD6D152EA033CD3D05DF8040BC6
:10608000704700BF8446104662468C4619466346F8
:1060900000E000BF01B5FFF7B7FF002848BF10F1CF
:1060A000000F01BD4DF808EDFFF7F4FF0CBF012014
:1060B00000205DF808FB00BF4DF808EDFFF7EAFF90
:1060C00034BF012000205DF808FB00BF4DF808ED4B
:1060D000FFF7E0FF94BF012000205DF808FB00BF40
:1060E0004DF808EDFFF7CEFF94BF012000205DF8CA
:1060F00008FB00BF4DF808EDFFF7C4FF34BF0120D7
:1061000000205DF808FB00BF4FEA410C7FEA6C5CA1
:1061100002D150EA013C0AD14FEA430C7FEA6C5CA1
:1061200002D152EA033C02D14FF0000070474FF019
:10613000010070474A0011D212F5001211D20DD59C
:106140006FF47873B3EB62520ED44FEAC12343F07D
:10615000004343EA505323FA02F070474FF0000027
:10616000704750EA013002D14FF0FF3070474FF0D6
:10617000000070474FEA4102B2F1E04324BFB3F59B
:10618000001CDCF1FE5C0DD901F0004C4FEAC002AE
:106190004CEA5070B2F1004F40EB830008BF20F092
:1061A0000100704711F0804F21D113F13872BCBF4C
:1061B00001F00040704741F480114FEA5252C2F1A1
:1061C0001802C2F1200C10FA0CF320FA02F018BFEA
:1061D00040F001004FEAC1234FEAD32303FA0CFC3D
:1061E00040EA0C0023FA02F34FEA4303CCE77FEACC
:1061F000625307D150EA01331EBF4FF0FE4040F416
:106200004000704701F0004040F0FE4040F40000C4
:10621000704700BF7BB972B90029BEBF00204FF0A4
:10622000004106E008BF00281CBF6FF000414FF09E
:10623000FF3001F043B9ADF1080C6DE904CE00293F
:1062400009DB002B1ADB00F04DF8DDF804E0DDE996
:10625000022304B07047404261EB4101002B1BDB7D
:1062600000F040F8DDF804E0DDE9022304B040422C
:1062700061EB4101524263EB43037047524263EBCF
:10628000430300F02FF8DDF804E0DDE9022304B059
:10629000404261EB41017047524263EB430300F01F
:1062A00021F8DDF804E0DDE9022304B0524263EB9B
:1062B0004303704753B94AB9002908BF00281CBFDF
:1062C0004FF0FF314FF0FF3001F0F8B8ADF1080C9E
:1062D0006DE904CE00F006F8DDF804E0DDE9022304
:1062E00004B070472DE9F047089E04468846002B0D
:1062F0004BD18A42154667D9B2FA82F24AB1C2F14D
:10630000200701FA02F320FA07F7954047EA03084D
:1063100094404FEA154E230CB8FBFEF71FFA85FC9C
:106320000EFB178843EA084307FB0CF1994209D991
:10633000EB1807F1FF3080F01B81994240F2188181
:10634000023F2B445B1AA4B2B3FBFEF00EFB1033EA
:1063500044EA034400FB0CFCA44509D92C1900F1C4
:10636000FF3380F00781A44540F2048102382C44B9
:1063700040EA0740A4EB0C0400271EB1D4400023E0
:10638000C6E900433946BDE8F0878B4209D9002EA3
:1063900000F0EB800027C6E9000138463946BDE829
:1063A000F087B3FA83F7002F47D18B4202D38242A2
:1063B00000F2FA80841A61EB030301209846002E54
:1063C000E0D0C6E90048DDE702B9FFDEB2FA82F2AA
:1063D000002A40F08F80491B4FEA154E1FFA85F8BE
:1063E0000127B1FBFEFC230C0EFB1C1143EA014309
:1063F00008FB0CF1994207D9EB180CF1FF3002D2DF
:10640000994200F2CD808446591AA3B2B1FBFEF046
:106410000EFB101443EA044408FB00F8A04507D91A
:106420002C1900F1FF3302D2A04500F2B6801846C5
:10643000A4EB080440EA0C409FE7C7F1200CBB40E6
:1064400022FA0CFE4EEA030E01FA07F420FA0CF5CC
:1064500021FA0CF34FEA1E482543B3FBF8F92C0C44
:1064600008FB19331FFA8EFA44EA034309FB0AF4C6
:106470009C4202FA07F200FA07F10BD91EEB030364
:1064800009F1FF3080F087809C4240F28480A9F1BE
:10649000020973441B1BADB2B3FBF8F008FB1033C9
:1064A00045EA034400FB0AFAA24508D91EEB04049E
:1064B00000F1FF336BD2A24569D90238744440EA37
:1064C0000940A0FB0289A4EB0A044C45C2464B4696
:1064D00054D351D0002E69D0B1EB0A0564EB03040C
:1064E00004FA0CFCFD40FC404CEA0505C6E90054EA
:1064F000002747E7C2F1200320FA03F7954001FA8D
:1065000002F021FA03F34FEA154E3843010CB3FBB6
:10651000FEF71FFA85F80EFB173341EA034107FB2C
:1065200008F38B4204FA02F407D9691807F1FF3C1B
:106530002FD28B422DD9023F2944CB1A81B2B3FB13
:10654000FEF00EFB103341EA034100FB08F38B42DF
:1065500007D9691800F1FF3C17D28B4215D90238D0
:106560002944C91A40EA07473BE73746304609E75E
:106570000746E7E61846FBE64145ABD2B8EB020A10
:1065800069EB0E0201381346A4E76046E9E71846B6
:1065900095E76746D1E781467CE702382C4447E718
:1065A000ACF1020C2B442FE7384608E73746E9E602
:1065B00003685A004CBF43F0004323F000431844E3
:1065C000704700BF61B32DE9F84F01F1FF3A9046E3
:1065D0000646D146002707EB090404EBD474641087
:1065E000E50071190846FFF7E3FFA245834605F170
:1065F0000800304409D0FFF7DBFFC34500F1FF304E
:1066000005D8404509D2671CE5E7C34505D9A7422F
:1066100002D004F1FF39DEE700210846BDE8F88F1B
:1066200008467047012807D0022807D0044B0028ED
:106630000CBF184600207047024870470248704758
:10664000116D0200156D0200196D020030B5254B69
:1066500083B004468D1E4BB301A92846AFF30080DA
:10666000F0B101992A46FFF7ADFF0146C0B1FFF72F
:106670009FFF4B68A064012B2ED0002B01F104007A
:1066800026DBFFF795FF0023C4E913030368002B03
:1066900012DBFFF78DFF00232061184603B030BDE9
:1066A000002323610923184603B030BD0E490F486B
:1066B000091AC9100191D5E7C3F30360FFF7B2FFD0
:1066C000002814BF002309232061184603B030BD01
:1066D0000123C4E91303D9E70023236105231846E6
:1066E00003B030BD00000000445D03005C5B0300AC
:1066F0000368DA0710B5044606D49B0700F148008A
:1067000009D500F05FFC2368590709D51A070ED593
:10671000DB0613D510BD00F04DFC23685907F5D4F6
:1067200004F1D00000F056FC23681A07F0D404F5F9
:10673000A87000F057FC2368DB06EBD404F5E87082
:10674000BDE8104000F092BC036803B10344184652
:10675000704700BF09207047704700BF70B50446FE
:106760000D4608E02B6C63612A462369214601200F
:106770009847082808D1296C2046FFF767FF06468E
:106780000028EFD003F09EFC0728FBD13046296C8F
:10679000FFF7E2FF281D00F001FC00BF2DE9F047E4
:1067A0000C1D054617460FCCADF5727D03AE0FC626
:1067B0000FCC0FC60FCC0FC694E80F0002ACD5F873
:1067C0000C80D5F8189086E80F000023236021E0A4
:1067D000236C6B614FF4F07221467AA804F0FAFF43
:1067E0002B697AAA294630469847889BCDE900490B
:1067F0008246636431462B462A460120C04707463D
:10680000F8B94FF4F0727AA9204604F0E3FFBAF128
:10681000080F1CD1216C2846FFF718FF002F08BF76
:106820000926074618BF0A260028D1D0A36B46F0D8
:106830001001CDE900492A46636401202B46C04778
:1068400000B1092738460DF5727DBDE8F087BAF131
:10685000070FF6D13846216CFFF77EFF03A800F042
:106860009DFB00BF406C7047F0B5CB6B0B640D1DFA
:106870000F4606460FCDF9B001AC0FC40FCD0FC4C3
:106880000FCD0FC495E80F004FF0FF3584E80F00DF
:10689000009506E033696A46314698470828044661
:1068A00008D110993046FFF7D1FE0028F2D0092018
:1068B00079B0F0BD6846FFF71BFF062CF7D13946CB
:1068C0003046FFF74BFF00BF30B4DD6BC160826123
:1068D00019461D64002230BC60E700BF70B5C66871
:1068E00043690B64BEB903690A4604460D46014676
:1068F00002209847072807D0082803D129462046B8
:10690000FFF72CFF03F0DEFB3046296CFFF724FF76
:10691000281D00F043FB0122FFF740FF03F0D2FBEC
:10692000C2681AB1CA6B0A64002237E79CE700BF4D
:10693000704700BF836813B10146012018477047B4
:10694000042907D8DFE801F00308060808000BB99E
:106950000F2A03D9022070470120704700EB820202
:1069600018465368009A1360704700BF10B584B092
:10697000002303AC0A4600941946FFF7E1FF039891
:1069800004B010BD042907D8DFE801F003080608A9
:1069900008000BB90F2A03D9022070470120704765
:1069A00000EB8200009A126842601846704700BFF0
:1069B00010B584B004AC002344F8042D0A460094BA
:1069C0001946FFF7DFFF04B010BD00BFF0B5D36B71
:1069D0001364151D07460E460FCDADF50F7D17ACA0
:1069E0000FC40FCD0FC40FCD0FC495E80F004FF0AB
:1069F000FF3584E80F00169510E016A8FFF7D8FFC2
:106A0000314616A8B84716AA694678B9049B0820EB
:106A10009847052804460AD0092807D026996846D1
:106A2000FFF714FE6A460C210028E6D0092416A8B8
:106A3000FFF75EFE20460DF50F7DF0BD2DE9F04F0E
:106A40000D46C96C89B00C1D164600F0030B0A6890
:106A500006941F46002B68D0130CD9B212048DF88F
:106A60001D30022304EB810405928DF81C302B6D40
:106A7000BBF1020F08BFAC6B13F0010346D10193C9
:106A800000F008030093D4F80090B9F1000F00F073
:106A9000F380022F45D0B4F80090B4F8028004349B
:106AA000AB6C28F0010A0F2130469A44FFF75EFFD5
:106AB000824534D829F001035344834294BF002017
:106AC00001204FEA480808F0020809F0010948EAE5
:106AD0000908B8F1010F3AD031D3B8F1020F1AD139
:106AE000236823F0004ABBF1000F66D130B1009A51
:106AF000002A6CD0BAF1000F00F09080002B00DA71
:106B000004340AF1010304EB8304BCE7304605A911
:106B100000F046FB78B1092009B0BDE8F08F0020F5
:106B2000CFE7D4F804800834BAE7120203230592B1
:106B3000ADF81C309BE7082009B0BDE8F08FBBF131
:106B4000000F02D0002840F0B48004349BE7BBF172
:106B5000000F18D1A8B1D4E90023991C4FEAD272D2
:106B6000D9D005F158010133049100F0B580201D02
:106B7000FFF7EAFD04AB01462846FEF70FFB0028AD
:106B800067D108347FE70D213046D5F82080FFF724
:106B9000EDFE8045F5D1AB6A9C42F2D12046FFF76D
:106BA00007FD0F2102463046FFF702FF30462A4616
:106BB0000021FFF7FDFE0720AEE70D213046D5F896
:106BC0002080FFF7D3FE804532D0236896E7BAF1E4
:106BD000000F23D005F1580304F10408CDF808B0E4
:106BE000DDF800900397A3461C4602E05745B946DE
:106BF00040D040460494FFF7A7FD04AB01460022B5
:106C00002846FEF7CBFA09F1010708F1040800282D
:106C1000ECD0D1455C46DDE902B7D6D130460D2136
:106C2000FFF7A4FE049B2862C5E90934062073E738
:106C3000AB6A9C42C9D104224FF00008A318C5E9F1
:106C40000AA8C5E90C23236843454DDB01230193C2
:106C500057E780460D213046FFF788FEB8F1020F56
:106C600028623ED12B46049A43F82C2F6B62AC620B
:106C7000062051E75C46D1E705A9304600F090FABE
:106C800000287FF448AF019B002B3FF454AF0F2145
:106C90003046FFF76BFE0E2102463046FFF788FEB6
:106CA00030461A4A0F21FFF783FE072009B0BDE8DE
:106CB000F08F2046FFF77CFC04340746AC6328467F
:106CC000FEF7C4FA00283FF426AF30463A460F21BB
:106CD000FFF76EFE07201FE730460D21FFF746FE47
:106CE0002862049B6B62C2E70AF1010004EB80009A
:106CF000FFF75EFC0F2102463046FFF759FE304693
:106D00002A464146FFF754FE072005E7254F0200BB
:106D1000002393E6012391E602238FE62DE9F0415B
:106D20000546C4B0042906D8DFE801F04D2B050361
:106D30000900032B5FD0022044B0BDE8F081002B96
:106D4000F9D1102AF7D82B68DC0600F1F48022ACC8
:106D50002046019200F094F9A86B019A00230126C5
:106D600006FA03F1114203D0016844F823100430FD
:106D70000133042BF4D1A863204600F077F90020FA
:106D8000DAE7012B4FEA124697B252D0052BD2D147
:106D900006EB0708B8F1200FCDD80F2E40F29980EE
:106DA000B846002F40F0DB80AA6BAA630F2E40F29A
:106DB000BE80B8F1000F02D002A800F00BF900204D
:106DC00044B0BDE8F081002BB5D1AC6B97B2281D63
:106DD000012606FA03F1394203F1010302D02168CA
:106DE00001600434102B00F10400F2D112F40050C1
:106DF000E5D1AC63A0E7160C97B2F319102B9AD823
:106E00002B681A075DD422AC204600F00DF904EB84
:106E1000C601AB6B3FB103EBC702186841F8040B26
:106E200004339342F9D12046AB6300F0DBF8002035
:106E300082E7F219102A3FF67EAF0F2E3FF67BAFA6
:106E40002A68D10708D5284622F0030240F8482BCB
:106E5000019300F0B3F8019B019322AC204600F0AF
:106E6000ADF8A96B019B002F00F095807F0004EB2B
:106E7000C6044FF00008043C01EB870251F8040BF4
:106E800044F8040F9142F9D1B8F1000F0FD002ACD1
:106E9000102E314638BF102104EBC101843902EBBA
:106EA000C80452F8040B41F8040F9442F9D1012BA5
:106EB0007FF47BAF22AC0432AA63204600F07AF85C
:106EC0007DE723F008032B6005F5A87000F0ACF80F
:106ED00099E7B8F1100F2A6843D9D007A8F1100834
:106EE0000BD5284622F0010242F0020240F8482B5E
:106EF000019300F06BF82A68019B510725D40F2EEF
:106F000004D822A8019300F061F8019B019302AC20
:106F1000204600F063F8C6F110010029AA6B019B1E
:106F2000B6DD22AC4F0004EBC6041146A3E722A84D
:106F300000F048F83DE723F010032B6005F5E870FA
:106F4000019200F09DF8019A01E7284622F0040220
:106F500040F8D02B019300F041F8019BCFE72A685D
:106F6000CBE7D0070AD5284622F0010242F0020200
:106F700040F8482B019300F029F8019B019322ACC3
:106F8000204600F023F8B846A96B019B002F7FF440
:106F90006DAF0A4609E70A468DE700BF00F13401EC
:106FA00091E838009C46A6464CF8045D90E8FF0F37
:106FB000E54600BD90EC210B704700BF80EC210B33
:106FC000704700BF90EC200B704700BF80EC200B97
:106FD000704700BFD0EC200B704700BFC0EC200B07
:106FE000704700BFF0EC0201F0EC0211F0EC02215E
:106FF000F0EC0231F0EC0241F0EC0251F0EC0261F5
:10700000F0EC0271F0EC0281F0EC0291F0EC02A1E4
:10701000F0EC02B1F0EC02C1F0EC02D1F0EC02E1D4
:10702000F0EC02F1704700BFE0EC0201E0EC02116D
:10703000E0EC0221E0EC0231E0EC0241E0EC025134
:10704000E0EC0261E0EC0271E0EC0281E0EC029124
:10705000E0EC02A1E0EC02B1E0EC02C1E0EC02D114
:10706000E0EC02E1E0EC02F1704700BFB0FC01810E
:10707000B0FC0191B0FC01A1B0FC01B1704700BFB0
:10708000A0FC0181A0FC0191A0FC01A1A0FC01B128
:10709000704700BFEC4600B52DE900502DE9FF1FF9
:1070A0004FF000032DE90C0001A9FFF7DDFBDDF82F
:1070B00040E012B0704700BFEC4600B52DE900502B
:1070C0002DE9FF1F4FF000032DE90C0001A9FFF788
:1070D00005FCDDF840E012B0704700BFEC4600B59B
:1070E0002DE900502DE9FF1F4FF000032DE90C00A2
:1070F00001A9FFF715FCDDF840E012B0704700BFB2
:10710000EC4600B52DE900502DE9FF1F4FF00003BC
:107110002DE90C0001ABFFF7D7FBDDF840E012B022
:10712000704700BFEC4600B52DE900502DE9FF1F68
:107130004FF000032DE90C0001AAFFF747FCDDF832
:1071400040E012B0704700BF027A82B9437AABB117
:107150004268013B10B4437213680321141D01728D
:107160001A02446002605DF8044B180E7047036811
:10717000013A02721A020260180E7047B02070477E
:1071800000B585B003AA0023009219460C22FFF730
:10719000D7FB039805B05DF804FB00BFF0E700BF24
:1071A0002DE9F043054685B00E464FF00008304605
:1071B000FFF7CAFFB028044600F0B180070620D5CB
:1071C00000F0F003802B65D0902B36D0A02B78D028
:1071D000B02B47D0C02B00F08A8000F0F803D02BF2
:1071E0000BD100F00702013242F4002205230121F5
:1071F0002846FFF793FD0028D9D0092005B0BDE847
:10720000F0830DF10C09002319468700CDF800909A
:107210000D222846FFF794FBFFB2039BCDF80090A8
:10722000043760064CBFDF1BFF18002319460D22F0
:1072300028460397FFF7A6FBB9E700F00D030D2BD7
:10724000DBD003AF002300F00F0219460097284659
:10725000FFF776FB0023009719460D222846FFF71B
:1072600091FBA4E7B1285FD0B22800F0CC80B3280E
:107270007ED000F0FC03B42BBFD000F00702013237
:10728000012342F4002219462846FFF747FD002853
:107290008DD0B2E73046FFF757FF24020443B4F520
:1072A000004FAAD024010023A2B219462846FFF7B6
:1072B00035FD0028A1D114F4004F18BF4FF001088C
:1072C00075E7C24302F007034FF47F621A410107DA
:1072D00002F47F624FF0000348BF42F48042194637
:1072E0002846FFF71BFD00283FF461AF85E7C6285D
:1072F00051D0C7285AD000F0F803C02B69D0C82855
:1073000075D0C9287FF479AF3046FFF71DFF02031F
:1073100000F00F0002F470220130024366E7B8F17A
:10732000000F14D0002069E73046FFF70DFF00285A
:107330003FF463AF10F0F0037FF45FAF02461946ED
:107340002846FFF7EBFC00283FF431AF55E703ACCC
:1073500043460E22414600942846FFF7F1FA009476
:10736000284643460F224146FFF70CFB404645E7BF
:107370003046FFF7E9FE010300F00F0001F4702131
:10738000421C01230A4328461946FFF7C7FC002880
:107390003FF40DAF31E73046FFF7D6FE010300F0B2
:1073A0000F0001F47021421C0323EBE73046FFF786
:1073B000CBFE024600283FF420AF10F0F0037FF42C
:1073C0001CAF04212846FFF7A9FC00283FF4EFAECC
:1073D00013E700F00F020132032342F42022194682
:1073E0002846FFF79BFC00283FF4E1AE05E7304656
:1073F000FFF7AAFE00F0F00200F00F031032013395
:1074000043EA0232F2E600230DF10C090D2219467F
:10741000CDF800902846FFF793FA3046FFF794FE28
:1074200002064FF002070CD5039B00F07F00B84026
:10743000034430460393FFF787FE030607F107076F
:10744000F2D4039BCDF8009000F07F0403F50172A5
:10745000BC400023144419460D2228460394FFF72C
:1074600091FAA4E610B5C36C84B05A6803208DF875
:107470000C00DC798DF80D4012020833084601A992
:1074800001920293FFF78CFE04B010BD08B5FFF720
:1074900085FE806C08BD00BF08B5FFF77FFEC06C9D
:1074A000C37900EB8300083008BD00BF08B502F0C7
:1074B00009FE00BF08B5FFF7F9FF00BF704700BF26
:1074C00000B585B0234A0190019B23F0004393420D
:1074D0001DDDB3F1FF4F08DBDDED017A77EEE77AD2
:1074E00017EE900A05B05DF804FB02A901F062FCFA
:1074F00000F00302012A14D0022A22D0D2B10122C4
:107500000399029802F078F907EE900AE8E7002163
:1075100001F0A8FD07EE900A17EE900A05B05DF89D
:1075200004FB0399029802F067F907EE900AF1EE66
:10753000677AD5E70399029801F094FD07EE900A67
:10754000CEE70399029801F08DFD07EE900AF1EE67
:10755000677AC5E7D80F493F82B00190019A22F0BF
:107560000041CB0D7F3B162B20DC002B10462EDB81
:10757000234919410A4224D0DFED227A9DED017A98
:1075800077EE277AF5EEC07AF1EE10FA19DD002ACF
:1075900004DA4FF4000242FA03F3184420EA01032C
:1075A00007EE903A17EE900A02B07047B1F1FF4F24
:1075B000DDED017AF6D377EEA77A17EE900A02B0E6
:1075C0007047DDED017A17EE900A02B07047DFEDEB
:1075D0000D7A9DED017A77EE277AF5EEC07AF1EE1D
:1075E00010FAEEDD002A02DBDFED077ADAE7FFEEC4
:1075F000007A002918BFB0EE677AF0EE477AD1E73B
:10760000FFFF7F00CAF249710000000000B585B09D
:10761000244A0190019B23F0004393421EDDB3F105
:10762000FF4F08DBDDED017A77EEE77A17EE900A7F
:1076300005B05DF804FB02A901F0BCFB00F00300FB
:10764000012816D0022823D0D0B10399029801F066
:1076500009FD07EE900AF1EE677AE7E700220021C4
:1076600002F0CAF807EE900A17EE900A05B05DF82E
:1076700004FB0399029801F0F5FC07EE900AD5E7A8
:1076800001220399029802F0B7F807EE900ACDE7BD
:1076900001220399029802F0AFF807EE900AF1EE8A
:1076A000677AC3E7D80F493F00F0B6BA2DE9F04F2B
:1076B0008BB01D4606460F46144600F09BFB294B37
:1076C00093F900A0BAF1FF3F8046894635D02246A3
:1076D0002B4620462946FEF717FD70BB32463B4637
:1076E00030463946FEF710FD834630BB00220023AA
:1076F00020462946FEF7D6FCF8B11B4BCDF820B04A
:107700000122CDE90267CDE90445CDE90023BAF1B4
:10771000000F17D00022002310461946FEF784FB05
:10772000BAF1020FCDE906010ED102F0F1FC2123DE
:107730000360089B83B9DDE90689404649460BB0E2
:10774000BDE8F08FCDE90667684602F043FA0028ED
:10775000EBD0089B002BEED002F0DAFC089B036014
:10776000E9E700BF3C060020EC52030000000000E7
:107770002DE9F04FDFF82C938DB006460F461446E6
:107780001D4600F049FC99F90080B8F1FF3FCDE9B2
:10779000000136D022462B4620462946FEF7B4FC8F
:1077A000834670BB32463B4630463946FEF7ACFC5A
:1077B0008246002840F0A28030463946002200234D
:1077C000FEF770FC10B30022002320462946FEF786
:1077D00069FC8346002867D09FEDA77B0122AC4B54
:1077E000CDF828A00292CDE90467CDE906458DEDDC
:1077F000087B0393B8F1000F41D09FEDA17B8DED85
:10780000007BDDE900010DB0BDE8F08FDDE900018E
:1078100002F0DAF98046002800F08D804FF0000A6F
:107820004FF0000BDDE9000152465B46FEF73AFCE3
:107830000028E6D03046394602F0C6F90028E0D0EC
:107840002046294602F0C0F90028DAD099F9003024
:107850008F4A039204210022022BCDE90467CDE96F
:107860000645CDE908AB02910A9203D002A802F0C6
:10787000B1F950B902F04CFC2223036005E002A8E4
:1078800002F0A8F9002800F09B800A9B1BB102F0CF
:107890003FFC0A9B03609DED087B8DED007BDDE9DD
:1078A00000010DB0BDE8F08F2046294602F08CF9AA
:1078B0000028A6D00022002320462946FEF7FCFB24
:1078C00000289ED0724A99F90030CDF828B00121E5
:1078D000CDE90467CDE90645CDE90212002B74D04D
:1078E0006C490020022BCDE9080172D102F010FC96
:1078F000212303600A9B002BCDD0C8E70022002380
:1079000020462946FEF7CEFB00283FF47AAF624BB3
:107910005F49CDF828B000220120B8F1020FCDE96F
:1079200004670290CDE90645CDE908230391A6D16D
:10793000CDE9002365E73046394602F045F90028D5
:107940003FF46CAF2046294602F03EF900283FF490
:1079500065AFDDE9002310461946FEF7D5FB99F91E
:1079600000A000286BD10323DFF824C10A90294628
:10797000204602930022494BCDF80CC0CDE90645C4
:10798000CDE90467FEF726F904460D46BAF1000F6B
:1079900025D1DFF814B14FF0604A002200233046B1
:1079A0003946CDE908ABFEF787FB38BB02A802F0E9
:1079B00011F900289ED102F0ABFB2223036099E766
:1079C00002F0A6FB212303605FE79FED2B7B8DED8B
:1079D000087B02A802F0FEF800288BD186E79FED15
:1079E0002A7B00220023304639468DED087BFEF7C6
:1079F00063FBA0B9BAF1020FDDD0D7E720462946D4
:107A000002F0F0F822462B46FEF74CFBA0B9244BBF
:107A100099F900A04FF06042CDE90823EAE720463B
:107A2000294602F0DFF822462B46FEF73BFB18B949
:107A3000184B0022CDE9082399F900A0DAE70122CA
:107A4000134BCDF828800292CDE90467CDE90645B5
:107A50000393BAF1000FB8D0002200231046194654
:107A6000FEF7E2F9BAF1020FCDE908013FF43EAFAB
:107A7000AFE700BFAFF3008000000000000000008F
:107A8000000000000000F03F000000000000F07F58
:107A9000F45203000000F0FF0000F03F0000E03F60
:107AA000FFFFEFC73C060020FFFFEF472DE9F04F37
:107AB0008BB004460D4601F003F8294B93F900A062
:107AC000BAF1FF3F06460F4612D022462B4620460B
:107AD0002946FEF719FB834650B94FF000084FF0D6
:107AE00000092046294642464B46FEF7E5FA20B9F2
:107AF000304639460BB0BDE8F08F0122194BCDF866
:107B000020B00092CDE90445CDE902450193BAF1D8
:107B1000000F17D042464B4640464946FEF784F9CF
:107B2000BAF1020FCDE906010ED102F0F1FA2123DC
:107B30000360089B73B9DDE90667304639460BB030
:107B4000BDE8F08FCDE90689684602F043F80028C9
:107B5000EFD1EAE702F0DCFA089B0360EBE700BF35
:107B60003C060020F852030001F06AB810B52DED74
:107B7000028B8AB008EE100A01F06CFA234B93F9DD
:107B80000040631C09D0B4EE488AF1EE10FA04D626
:107B9000B5EEC08AF1EE10FA03D40AB0BDEC028B48
:107BA00010BD01231A4A009318EE100A0023019217
:107BB0000893FDF7B7FF0022CDE90401CDE90201EA
:107BC0000023ACB110461946FEF72EF9022CCDE980
:107BD00006010FD102F09CFA21230360089B7BB9B8
:107BE000DDE90601FEF7C6FA0AB0BDEC028B10BD56
:107BF000CDE90623684601F0EDFF0028EED1E9E764
:107C000002F086FA089B0360EAE700BF3C0600200A
:107C100000530300000000002DE9F84F1D465342B9
:107C2000134325F00049DFF8C8C149EAD37363451F
:107C3000144606460F4626D8C0F1000848EA000858
:107C400021F0004A4AEAD878E04503468B461AD824
:107C500005F1404808F5801858EA0208AE4643D0BE
:107C60004FEAA57808F002085AEA030348EAD178F7
:107C700011D1B8F1020F55D0B8F1030F09D14AA1C3
:107C8000D1E9000105E032463B4620462946FDF792
:107C9000EBFDBDE8F88F59EA020329D0E1452ED06B
:107CA000E24525D0AAEB09094FEA2959B9F13C0F61
:107CB0003CDC002D3EDA19F13C0F3BDA00200021BC
:107CC000B8F1010F4ED0B8F1020F3ED0B8F1000F5D
:107CD000DFD037A3D3E90023FDF7C4FD36A3D3E9F2
:107CE0000023FDF7BFFDD4E7BDE8F84F01F0D4BD98
:107CF000BBF1000F12DB32A1D1E90001C9E7CA458F
:107D000034D0B8F1020F0DD0B8F1030FB7D0B8F1ED
:107D1000010F4FF0000036D00021BAE72AA1D1E9C7
:107D20000001B6E724A1D1E90001B2E724A1D1E91D
:107D30000001C5E722462B4630463946FEF774F867
:107D400001F03EFF01F0A8FDBAE719A3D3E9002333
:107D5000FDF788FD02460B4617A1D1E90001FDF7AA
:107D600081FD96E701F10043194692E7B8F1020F51
:107D700014D0B8F1030F0DD0B8F1010F06D014A143
:107D8000D1E9000185E74FF0004182E712A1D1E976
:107D900000017EE712A1D1E900017AE712A1D1E941
:107DA000000176E7AFF30080182D4454FB2109C091
:107DB000075C143326A6A13C182D4454FB2109402E
:107DC000182D4454FB21F93F182D4454FB21F9BFD1
:107DD000182D4454FB21E93F182D4454FB21E9BFE1
:107DE000D221337F7CD902C0D221337F7CD902409B
:107DF0000000F07F2DE9F04723F0004E5EEA020616
:107E000020D07E4E21F00048B04589461ADC56420B
:107E100016437B4F4EEAD676BE42144612D8F04542
:107E20001D4694468246074601F0004612DC0FDBF1
:107E300090420DD30ED1734BF60F03EBC603D3E97B
:107E4000000105E0FDF7C6FE02460B46FDF7ECFF1C
:107E5000BDE8F087B8F5801F3BDB4FEA2852A2F25D
:107E6000FF32BEF5801F80F28F80BEF1000F40F020
:107E70009F80002C2346644904DD5B00002B01F148
:107E8000FF31FADC614B9A4270DBC9F3130343F410
:107E900080135E4881425BDBC5F3130444F4801415
:107EA000501A07E052EA050321D0EB0F03EB42031F
:107EB0006F0001381A1BA7EB0C05F8B1674538BFF6
:107EC00002F1FF32002AEDDAFA0F02EB43037F00E2
:107ED000EFE7B8F1000F5CD1BAF1000F53464A4A00
:107EE000BFDD5B00002B02F1FF32FADCB9E7454B46
:107EF000F60F03EBC606D6E90001A9E7674538BFD0
:107F000002F1FF32002ABCBF3D461A4652EA050381
:107F1000EDD03F48824208DCEB0F03EB4202824285
:107F200001F1FF314FEA4505F6DD384B99424EDA53
:107F30005B1A142B54DC01F21E41DD4002FA01F100
:107F400042FA03F31E4341EA0502314610467FE739
:107F5000401A1F2826DC01F21E450EFA00FE24FA04
:107F600005F504FA00FC45EA0E0499E79F1A1F2F55
:107F700027DC02F21E4308FA07F82AFA03F30AFA8A
:107F800007F743EA080384E74FEA2E51A1F2FF31D5
:107F900078E71E4A4FEAC8235B00002B02F1FF324C
:107FA000FADC5EE71B4D6D1AAC404FF0000C77E732
:107FB00016494FEACE235B00002B01F1FF31FADCBA
:107FC00060E7144B9B1A0AFA03F3002761E7A2F556
:107FD0008012164301F2FF3346EA0351284637E781
:107FE0001F2B07DC01F21E4102FA01F125FA03F210
:107FF0000A43AAE7074B591A0A41A6E7FFFFEF7F9A
:108000000000F07F08530300EDFBFFFF02FCFFFFC1
:10801000FFFF0F00E2FBFFFF2DE9F04F23F00045CB
:1080200055EA020493B00DD06B4E21F00044B442E7
:108030000F4682460BDD04F1404404F5801454EAF7
:108040000A0350D16549002013B0BDE8F08F9B466C
:10805000944647D0B542EEDC5F4EB5425DD0002F6E
:1080600080468946CDE900235BDB0026BCF1000F8A
:108070000ED1594B9D423FD0584B9D4200F0888015
:10808000BBF1804F00F09C80554B9B4500F0B883BE
:108090004046494601F094FDBAF1000F06D1002C8C
:1080A00059D04E4B27F040429A4254D0FF0F013F27
:1080B00056EA070373D04B4B9D4240F39B8003F17C
:1080C00004739D4240F33E84474B9C4272DDBBF1FA
:1080D000000F72DD3EA3D3E9002310461946FDF7D9
:1080E00079FDB1E728B1414813B0BDE8F04F01F088
:1080F00073BDA542F7DCAFE704F1404303F58013FD
:1081000053EA0A039ED0384B9C4240F38383BBF171
:10811000000F52DBDDE9000196E7BCF1000F9ED0B5
:1081200089E7334B9D4231DCA3F154739D429CDDC2
:108130002B15A3F2FF33142B40F3A583C3F13403B3
:108140002CFA03F202FA03F363458ED102F0010226
:10815000C2F102068AE7BBF1000F05DA02460B46C0
:1081600000201E49FDF760FE002FBFF66DAF04F141
:10817000404404F5801454EA060300F03F84012EC5
:108180007FF462AF01F1004319465DE702266DE717
:10819000BBF1000FC0F248834046494654E74246CF
:1081A0004B4610461946FDF75DFB02460B46FDF7B0
:1081B0003BFE49E7BBF1000F8CDB0020002143E7C9
:1081C00042464B4640464946FDF704FD3CE700BFAA
:1081D0009C7500883CE4377E0000F07F0000F03F93
:1081E0000000E03F0000E041FFFFEF3F6457030065
:1081F000FFFF3F43B4F5801F80F261830022D24B22
:10820000FDF7E8FC6FF0340C0C462315CF4DC4F39A
:108210001302A3F2FF3342F07F546344AA420B934C
:1082200044F4401440F33F83C94B9A4240F3048422
:108230009FEDAF7B8DED087B8DED107B9FEDAE7BD1
:108240000B9B8DED067B01330B93A4F58014002569
:10825000DDE9062321468246FDF704FBA346DDE95E
:1082600006238046894650462146CDE90CABFDF7F2
:10827000FBFA02460B460020B649FDF7D5FD0A463B
:108280000146CDE90E121346494602464046FDF727
:10829000A1FC631043F0005382468B4603F5002394
:1082A0008C46CDE904AB5919D3460023CDE902BC75
:1082B0000293DDE902AB002004460D4602460B4660
:1082C00050465946FDF786FC02460B464046494655
:1082D000FDF7C8FADDE9062380468946204629468F
:1082E000FDF7C0FA02460B46DDE90C01FDF7BAFACC
:1082F00052465B46FDF76EFC02460B464046494639
:10830000FDF7B0FADDE90E23FDF764FCDDE9044575
:10831000CDE9060122462B4620462946FDF75AFCA8
:1083200077A3D3E9002304460D46FDF753FC76A35B
:10833000D3E90023FDF798FA22462B46FDF74AFCC5
:1083400073A3D3E90023FDF78FFA22462B46FDF7EE
:1083500041FC71A3D3E90023FDF786FA22462B46A0
:10836000FDF738FC6EA3D3E90023FDF77DFA224622
:108370002B46FDF72FFC6CA3D3E90023FDF774FA1D
:108380002246804689462B4620462946FDF722FC98
:1083900002460B4640464946FDF71CFC5246044641
:1083A0000D465B46DDE90401FDF75EFADDE90623D3
:1083B000FDF710FC22462B46FDF756FA5246804642
:1083C00089465B4650465946FDF704FC0022624B45
:1083D000CDE90C01FDF748FA42464B46FDF744FA59
:1083E00002980D46044622462B4650465946FDF754
:1083F000F1FB002282468B46574B20462946FDF76B
:1084000031FADDE90C23FDF72DFA02460B46404612
:108410004946FDF727FADDE90423FDF7DBFB224699
:10842000804689462B46DDE90601FDF7D3FB02466F
:108430000B4640464946FDF717FA804689460246F4
:108440000B4650465946FDF70FFA029838A3D3E978
:10845000002304460D46FDF7BDFB5246CDE904015D
:108460005B4620462946FDF7FDF902460B4640468D
:108470004946FDF7F7F930A3D3E90023FDF7AAFB3E
:108480002FA3D3E900238046894620462946FDF7DD
:10849000A1FB02460B4640464946FDF7E5F9DDE9FA
:1084A0001023FDF7E1F980460B988946FDF728FB7C
:1084B000424682468B464B46DDE90401FDF7D4F97E
:1084C000DDE90823FDF7D0F952465B46FDF7CCF90C
:1084D000029852465B4604460D46FDF7C3F9DDE9B6
:1084E0000823FDF7BFF9DDE9042337E0AFF300808F
:1084F0000000000000000000000000000000F03F4D
:10850000EF4E454A287ECA3F65DBC9934A86CD3F78
:1085100001411DA96074D13F4D268F515555D53F5E
:10852000FFAB6FDBB66DDB3F033333333333E33FF6
:10853000000000E009C7EE3FFD033ADC09C7EE3F4B
:10854000F5015B14E02F3EBE000040438E9803000F
:1085500079B60B000000F03F00000840FDF782F9FB
:108560000B46024649464046FDF77CF9013E56EA75
:10857000070382468B4600F05E819FEDD37B8DED35
:10858000047BDDE9001200230E461746CDE90267A1
:108590000293DDE9026708463B4611463246FDF785
:1085A00061F922462B46FDF715FBDDE900238046E5
:1085B000894650465946FDF70DFB02460B4640469C
:1085C0004946FDF751F93246804689463B462046EA
:1085D0002946CDE90089FDF7FDFA0B46024606461D
:1085E0000F4640464946FDF73FF9D14B99420446B4
:1085F0000D468A4640F3248101F13F4303F5E00331
:10860000034340F0FF81B2A3D3E90023DDE9000179
:10861000FDF72AF93246804689463B4620462946E0
:10862000FDF720F902460B4640464946FDF762FD3C
:10863000002840F0E781A8464FEA2853A3F2FE3213
:108640004FF4801313415344C3F30A52B94DA2F2BD
:10865000FF321541C3F3130423EA05010020C2F1E0
:10866000140B44F48014BAF1000F02460B4644FA8E
:108670000BFB30463946B8BFCBF1000BFDF7F2F8E3
:1086800006460F463246DDE900013B46FDF7ECF8B1
:108690004FEA0B5A0D4600248FA3D3E9002320464E
:1086A0002946FDF797FA3246804689463B462046E2
:1086B0002946FDF7D7F802460B46DDE90001FDF734
:1086C000D1F887A3D3E90023FDF784FA86A3D3E981
:1086D000002306460F4620462946FDF77BFA024650
:1086E0000B4630463946FDF7BFF806460F460246B0
:1086F0000B4640464946FDF7B7F842464B4604460E
:108700000D46FDF7AFF802460B4630463946FDF7F9
:10871000A9F82246804689462B4620462946FDF781
:1087200059FA73A3D3E9002306460F46FDF752FA20
:1087300071A3D3E90023FDF795F832463B46FDF7D8
:1087400049FA6FA3D3E90023FDF78EF832463B4682
:10875000FDF740FA6CA3D3E90023FDF783F8324616
:108760003B46FDF737FA6AA3D3E90023FDF77CF80F
:1087700032463B46FDF72EFA02460B462046294676
:10878000FDF770F806460F4602460B46204629467E
:10879000FDF720FA0022CDE900014FF0804330467A
:1087A0003946FDF75FF802460B46DDE90001FDF7AB
:1087B0003BFB424606460F464B4620462946FDF700
:1087C00009FA42464B46FDF74FF802460B46304643
:1087D0003946FDF747F822462B46FDF743F8024697
:1087E0000B4600205449FDF73DF88A44BAF5801F36
:1087F000C0F232815146DDE90423FDF7EBF923E4B1
:10880000002FFFF645AC4046494613B0BDE8F04F97
:1088100000F056B9BBF1000FBFF6CFACDDE9003474
:10882000184604F100410FE442464B4600204249FD
:10883000FDF7FAFA08E49FED387B8DED047BA0E6A6
:108840003E4B21F00048984540F3EA803C4B0B44F6
:1088500003430AD132463B46FDF704F8DDE9002325
:10886000FDF73EFC00283FF4E7AEDDE904012CA350
:10887000D3E90023FDF7AEF929A3D3E90023FDF7DF
:10888000A9F9FFF7E1BBBCF1000F40F0D280C3F1C2
:10889000140345FA03F202FA03F3AB4200F0E0805E
:1088A0006646FFF7E9BB9FED207B8DED087B8DEDE4
:1088B000107B9FED057B00258DED067BC8E44FF016
:1088C000000CA2E4AFF30080000000000000F03FC5
:1088D000FE822B654715973C00000000432EE63FC3
:1088E000EF39FAFE422EE63F396CA80C615C20BEDF
:1088F000D0A4BE726937663EF16BD2C541BDBB3EA6
:108900002CDE25AF6A56113F93BDBE166CC1663F83
:108910003E5555555555C53F000000000000F0BFBD
:1089200059F3F8C21F6EA50100000000000000000E
:10893000FFFF8F40FFFF0F000000F03FFFCB904094
:1089400000346F3F5A4B9C427FF734AC594B9C42EA
:108950003FF7BDAB0022574BFCF784FF44A3D3E99C
:10896000002304460D46FDF735F943A3D3E9002360
:1089700082468B4620462946FDF72CF90022CDE998
:1089800002014D4B20462946FDF724F902460B46CD
:108990003BA1D1E90001FCF765FF22462B46FDF71C
:1089A00019F902460B4600204449FCF75BFF2246BA
:1089B000804689462B4620462946FDF70BF902469C
:1089C0000B4640464946FDF705F92FA3D3E900239E
:1089D000FDF700F902460B46DDE90201FCF742FF14
:1089E00002460B468046894650465946FCF73CFFF6
:1089F000002004460D4652465B46AFE502460B4654
:108A0000FFF7CFBBDDE9040121A3D3E90023FDF784
:108A1000E1F81FA3D3E90023FDF7DCF8FFF714BB4F
:108A2000264B98453FF708AEDDE902239246934670
:108A300031E60026FFF72CBB9FED177B8DED087B01
:108A40009FED177B8DED107B9FED177B4FF48025FD
:108A50008DED067BFFF7FCBB5A4601F051F9CAE6E3
:108A600002F00102C2F10206FFF706BBAFF300807D
:108A7000000000604715F73F44DF5DF80BAE543E41
:108A8000555555555555D53FFE822B654715F73F32
:108A90009C7500883CE4377E0000004003B8E23F4C
:108AA00006D0CF43EBFD4C3E000000000000F83F35
:108AB000FEFFEF3F0000F03F0000D03F0000E03F2E
:108AC0005E4A8A432DE9F04104460D4600F0958048
:108AD00000290B460646844656DD0F1500F0A5809A
:108AE000C3F31303A7F2FF3743F480134FEADC729A
:108AF000F80702EB43034FEA4C0504D5ED0F05EBF5
:108B000043034FEA8C0500267F10B44616224FF42B
:108B100000110CEB010098424FEAD5744FEA45056D
:108B200003DC1B1A00EB010C0E44013A04EB430377
:108B30004FEA5101EDD11046964620244FF00042F5
:108B400009E051D05B00013C03EBD5734FEA5202C0
:108B50004FEA450537D0634502EB0E01F1DD0029F0
:108B600001EB020E0ADBE046A3EB0C03A94288BF2F
:108B700003F1FF336D1A1044C446E3E7BEF1000F62
:108B8000F1DB0CF10108EFE721F00042024329D0AC
:108B9000002942D10146CA0A153B4905002AFAD0EC
:108BA00012F4801001D044E060465200D40200F17B
:108BB000010CF9D5CCF1200401FA0CFCE1401F1A9C
:108BC00041EA02038CE72B4321D14408731003F1DF
:108BD0007F53F20703F5001348BF44F0004403EB52
:108BE00007512046BDE8F081A942ABD8002901EB2E
:108BF000020EC3DB98460023BCE702460B46FCF797
:108C0000E9FF22462B46FCF72FFEBDE8F081411C10
:108C100016BF421C01365408D8E70246FCF722FE74
:108C200002460B46FDF700F9DCE71A4631463B46A3
:108C3000B6E78C4620244FF0FF30BFE70000F07FFE
:108C400030B583B007EE900A0191019B23F00042FA
:108C5000B2F1FF4F17DC20F00041B1F1FF4F0546A4
:108C600011DCB3F17E5F3FD09C1704F0020444EAAC
:108C7000D07481B9022C4CD09FED437A032C08BFED
:108C8000F0EE477A03E09DED017A77EE277A17EE52
:108C9000900A03B030BDF2B1B2F1FF4F29D0B1F16B
:108CA000FF4F18D08A1AD2153C2A35DC002B36DA51
:108CB0003C3234DADFED357A012C47D0022C3CD03F
:108CC000002CE4D0DFED326A9FED327A77EEA67A9F
:108CD00077EEC77ADBE7DFED307A9FED307A002D53
:108CE000B8BFF0EE477AD2E703B0BDE8304001F0FC
:108CF00085B8B1F1FF4F30D0022C0AD0032C39D007
:108D0000DFED277A9FED217A012C18BFF0EE477A2C
:108D1000BDE7DFED207ABAE7DFED1F7ACCE70198F7
:108D200007EE100AC7EE877A17EE900A01F044F9B1
:108D300001F064F807EE900ABEE7DFED156A9FEDDB
:108D4000157A77EEA67A77EE677AA0E717EE903A73
:108D500003F1004307EE903A99E7022C10D0032C60
:108D60000BD0DFED107A9FED107A012C18BFF0EEDA
:108D7000477A8CE7DFED047A89E7DFED0C7A86E746
:108D8000DFED0B7A83E700BFDB0F49C00000000076
:108D90002EBDBB33DB0F4940DB0FC93FDB0FC9BF23
:108DA00000000080DB0F49BFDB0F493FE4CB16C05A
:108DB000E4CB164070B5994A20F00044944286B046
:108DC0006BDD974A944206461CDC002824F00F0411
:108DD000DFED947A944A07EE100A64DD944277EE50
:108DE000677A00F0D5809FED917A77EEC76A01200F
:108DF00077EEE67AC1ED006A77EEC77AC1ED017AC7
:108E000006B070BD8A4A94420D4660DDB4F1FF4F52
:108E100080F2B480E215863AA4EBC25307EE903A92
:108E2000BDEEE77ADFED836AB8EEC77A77EEC77AF0
:108E30008DED037A67EEA67ABDEEE77AB8EEC77AD3
:108E400077EEC77A8DED047A67EEA67AF5EE407A72
:108E5000F1EE10FACDED057A40F0CC80B5EE407A17
:108E6000F1EE10FA0CBF0123022373490191022194
:108E7000009103A8294600F07FF9002E11DA95ED44
:108E8000007AD5ED017AB1EE477AF1EE677A404289
:108E900085ED007AC5ED017A03E0002208604A60A2
:108EA000002006B070BD944277EE277A00F08F80E4
:108EB0009FED5E7A77EE876A4FF0FF3077EEE67AC5
:108EC000C1ED006A77EE877AC1ED017AE9E701F03A
:108ED00073F89FED5A6A9FED535ADFED546A07EE1F
:108EE000100AF6EE007AE7EE067AFDEEE77AB8EEC3
:108EF000E76A17EE900AF1EE465AF0EE477A1F281D
:108F0000E5EE857A26EE267A54DD77EEC76A16EE10
:108F1000903AE415C3F3C753E31A082B54DD9FEDD1
:108F2000487ADFED486AB0EE675AA5EE875A77EEC9
:108F3000C57AE5EE877AD6EE267A75EE676AB0EEE8
:108F4000677A16EE903AC3F3C753E41A192C53DC30
:108F5000C5ED006AF0EE457A77EEE67A002E77EE00
:108F6000C77AC5ED017A9CDAF1EE666AF1EE677AAE
:108F7000C5ED006AC5ED017A404292E707EE900A1E
:108F800077EEE77A0020C1ED017AC1ED007A88E73B
:108F9000DFED2B6A9FED2B7A77EEE67A012077EEF4
:108FA000C76A77EEE67AC1ED006A77EEC77AC1ED5F
:108FB000017A76E7421E244B53F8223024F0FF0258
:108FC0009A4277EEC76AA2D0C5ED006AC4E7DFED2A
:108FD0001C6A9FED1C7A77EEA67A4FF0FF3077EE91
:108FE000876A77EEE67AC1ED006A77EE877AC1ED9F
:108FF000017A56E7032338E7DFED146ADFED144A00
:10900000F0EE457AE5EEA67A35EE677AA5EEA67A19
:1090100096EE247A77EEC76AD6E700BFD80F493FAD
:10902000E3CB1640800FC93FD00FC93F43443537CB
:10903000800F4943000080439853030084F9223F86
:109040000044353708A3852E1853030000A3852E4E
:1090500032318D2407EE900AF1EEE77A17EE900A8E
:10906000704700BF20F00043B3F1485F06EE100ADE
:1090700006EE901A2EDAFDEEC67A17EE903A002B25
:109080005FD026EE067ADFED343A9FED344ADFED0D
:10909000344A9FED345ADFED347ADFED345AA7EECF
:1090A000234AE7EE044AA7EE245AE7EE057AE7EEF4
:1090B000275A65EE875A66EEC66AB6EE006AE7EE94
:1090C000256AF7EE007AD7EE066A77EEE67A17EEB3
:1090D000900A704726EE067ADFED1F3A9FED1F4A91
:1090E000DFED1F4A9FED1F5ADFED1F7ADFED1F5A9C
:1090F0001F4AA7EE234A9342E4EE074AA4EE875A9A
:10910000E5EE077AE7EE875A65EE875AD3DD194A0E
:1091100093421BDC03F17F4307EE903AB7EE005A0F
:1091200035EE675A66EEC66AB6EE006AE7EE256A65
:10913000D7EE067A77EEE67A75EE677A17EE900A42
:109140007047F7EE007A17EE900A7047B6EE075AAE
:10915000F5EE027AE6E700BF4ED747ADF6740F3161
:109160007CF293B4010DD037610BB6BAABAA2A3D9D
:109170009999993E0000483F2DE9F04F2DED048B61
:10918000D7B003F1FF390293D31E48BF131DBA4C69
:10919000649D0591DB1023EAE37354F82560039383
:1091A00003F10108A2EBC80816EB09028646A3EBFF
:1091B000090316D41A449FEDB17A6598511C1AAA76
:1091C000002BA4BF50F8234007EE904A03F101039F
:1091D000ACBFF8EEE77AF0EE477A8B42E2EC017A28
:1091E000EED1029B002E4FEA83044FEA860A1DDB74
:1091F0001AAB181943AA7346191902EB0A0742ADB4
:10920000F446B9F1000FDFED9D7A09DB02466346B3
:10921000F3EC016A32ED017A8B42E6EE877AF7D100
:10922000E5EC017ABD4200F10400EAD1AAF108039D
:1092300006ADEB1804939FED939ADFED918A0096AB
:1092400005ABB34674449A4442AF76464FEA8B036B
:1092500056AA1A44BBF1000F52ED146A16DD07EB53
:109260008B02294666EE897AB0EE667AFDEEE77AE1
:1092700032ED016AF8EEE77ABA42A7EEE87A77EEC5
:10928000866ABDEEC77AA1EC017AEBD1414616EEB3
:10929000900A019300F094FE08EE100AF4EE007AB2
:1092A00068EE277A17EE900AFEF756F907EE100AD5
:1092B000F2EE007AA7EE678AB8F1000F019BFDEE8F
:1092C000C89AF0EE487AB8EEE98A37EEC88A40F3D9
:1092D000C6800BF1FF3CC8F1080255F82C1041FA8A
:1092E00002F000FA02F2891A45F82C1019EE90CA21
:1092F0008444C8F1070209EE90CA41FA02F2002A3A
:1093000048DD19EE901ABBF1000F01F1010109EEE1
:10931000901A40F33682D5F800C0BCF1000F40F03F
:109320009B80BBF1010F20D0AE4601205EF8041FE8
:1093300000F1010C002900F09980E6468C46714648
:10934000CCF5807C8B4545F820C00CDD55F821001C
:109350002B4405EB810100E00868C0F1FF0041F8F3
:10936000040B9942F8D14FF0010CB8F1000F0EDD5B
:10937000B8F1010F00F02E81B8F1020F07D10BF107
:10938000FF3155F8213003F03F0345F82130022A20
:1093900000F00981B5EE408AF1EE10FA40F08680C7
:1093A000009B0BF1FF3C63450EDC0BF18041013962
:1093B00005EB8101002051F80439514540EA0300D2
:1093C000F9D1002840F00F81009B013B55F8233074
:1093D000002B40F0FC80049B4FF0010C53F8042953
:1093E0000CF1010C002AF9D0DC440BF1010EE6452A
:1093F00030DC039B029A0EEB03015A4403EB0C0B87
:109400001AAB01F1804103EB8202659B013903EB4A
:10941000810107EB8E0E03EB8B0B51F8043F9FEDA0
:10942000177A07EE903AF8EEE77A1046B9F1000F96
:10943000E0EC017A09DB334601E072ED017AF3ECEE
:10944000016AA342A6EEA77AF7D15945AEEC017A9C
:109450000246E2D1E346F9E60121002070E715D18A
:109460000BF1FF3255F82220121248E7E34560461F
:109470007FF45CAF8C4678E7DC5603000000000008
:10948000000080430000803B0000C93FF6EE007AF8
:10949000B4EEE78AF1EE10FA80F25D81B5EE408A13
:1094A000F1EE10FA4FF000023FF47AAFC8F100017C
:1094B00018EE100A0192009E00F082FD5FED106A26
:1094C000019A07EE100AB4EEE67AF1EE10FAC0F255
:1094D0005B815FED147A67EE277A0BF10103FDEEF5
:1094E000E77A08F10808F8EEE77AA7EEE67AFDEEEB
:1094F000E77ABDEEC77A17EE101A45F82B1017EE73
:10950000901A45F8231041464FF07E50CDE90023D4
:1095100000F056FD019B009A002B07EE100AC0F2E6
:109520004A819F0042A907F1040E5FED2A6A0F44A9
:10953000381D05EB0E0171ED017AF8EEE77AA942CC
:1095400067EE877A27EE267A60ED017AF3D10DF186
:10955000B8081FED336AC44603F101090025002E47
:10956000C0F20481A24CDFEDA37A3846B0EE467A11
:10957000002103E0A94208DCB4EC017AF0EC016AB6
:1095800001318E42E6EE877AF4DA01354D45ECEC96
:10959000017AA7F10407E2D16499032955D8DFE8DD
:1095A00001F0CAB7B75DF7EE007A37EEC88ABCF1B2
:1095B000000F3FF4EFAE17EE900A4146019200F023
:1095C000FFFC07EE900A019A38EE678AE2E64FF058
:1095D000010C09E70BF1FF3155F8213003F07F034F
:1095E00045F82130D3E655F82C10009E6346A8F1CB
:1095F0000808002987D10CF18041013905EB810170
:1096000051F80409013BA8F108080028F8D07AE7CE
:10961000DFED787A002A40F0BF809DED2E7A059923
:10962000002BC1ED007A77EE677A0BDD2FA80121C0
:10963000B0EC017A01318B4277EE877AF8DA002AB2
:1096400040F0B680059BC3ED017A19EE903A03F025
:10965000070057B0BDEC048BBDE8F08F002B40F342
:10966000C4809C0056A921440DF1B80803F1804044
:1096700051ED286A013808EB830171ED017A37EE6C
:10968000A67A884577EEC77A81ED007A77EEA67ADA
:10969000F0EE476AC1ED017AEFD1012B40F3A580CE
:1096A00056AB1C448000031D54ED286A43442FA987
:1096B00073ED017A37EEA67A994277EEC77A83ED99
:1096C000007A77EEA67AF0EE476AC3ED017AEFD121
:1096D0000830DFED487A08EB000308F1080833EDA5
:1096E000017A984577EE877AF9D1DDED2E6A9DED06
:1096F0002F7A2AB1F1EE666AB1EE477AF1EE677A17
:10970000059BC3ED006A83ED017AC3ED027A9CE705
:10971000002BFFF67DAF2EA800EB8301DFED357A3D
:10972000043131ED017A884277EE877AF9D1002A47
:109730003FF473AF30E0DFED2F7AC6443EED017A9F
:10974000F04577EE877AF9D10AB1F1EE677A059B99
:10975000C3ED007A79E719EE902ABBF1000F02F110
:10976000010209EE902A3ADD0222D4E5DFED217AEA
:1097700001354D45ECEC017AA7F104077FF4EFAE1B
:109780000AE74FF0000CF0E5BDEEC77A5B4617EE36
:10979000101A45F82B10B6E6DDED2E6A0599B1EEEC
:1097A000677A002B76EEE77A81ED007A3FF73EAFDD
:1097B000F1EE677A46E7649903293FF646AF01A0C8
:1097C00050F821F0D597020011970200119702007E
:1097D0005D960200DFED077A002AB6D1B7E7F7EE13
:1097E000007A37EEC88A0222D4E5DFED027A7CE700
:1097F000B45603000000000020F00043B3F1485FBE
:1098000007EE900A06EE101A04DABDEEE77A17EEBC
:10981000103A23B327EEA77A9FED174ADFED174AD8
:109820009FED175ADFED175ADFED176AE7EE044A8E
:1098300027EE874AA4EE875AE5EE075AE5EE876AD7
:1098400082B166EEC46AF6EE005AE6EE256ADFEDF6
:109850000F5A96EE876AA4EE256A77EEC67A17EE5F
:10986000900A70479FED0A6AA7EE266AE6EE047A30
:1098700017EE900A704700BFD3C92E2F342FD7B2EE
:109880001BEF3836010D50B98988083CABAA2A3E37
:10989000ABAA2ABE000000002DE9F84FBE4B21F014
:1098A00000469E4204460D468A460EDDBB4B9E4254
:1098B00000F3B18000F0AC80BAF1000F40F3EA8011
:1098C00099A1D1E90001BDE8F88FB54B9E4200F3A4
:1098D000BA80A3F1DE739E4240F3A5804FF0FF3BB8
:1098E00022462B4620462946FCF774F902460B46D1
:1098F00080468946FCF76EF98DA3D3E9002306461E
:109900000F46FCF767F98CA3D3E90023FBF7ACFF04
:1099100032463B46FCF75EF989A3D3E90023FBF707
:10992000A3FF32463B46FCF755F987A3D3E9002352
:10993000FBF79AFF32463B46FCF74CF984A3D3E988
:109940000023FBF791FF32463B46FCF743F982A325
:10995000D3E90023FBF788FF42464B46FCF73AF970
:109960007FA3D3E900238046894630463946FCF779
:1099700031F97DA3D3E90023FBF774FF32463B4660
:10998000FCF728F97AA3D3E90023FBF76BFF3246F3
:109990003B46FCF71FF978A3D3E90023FBF762FFEE
:1099A00032463B46FCF716F975A3D3E90023FBF7D3
:1099B00059FF32463B46FCF70DF902460B4640463E
:1099C0004946FBF751FF22462B46FCF703F9BBF152
:1099D000FF3F02460B4661D0724B734E4FEACB0BF2
:1099E0005B44D3E90023FBF73DFF22462B46FBF700
:1099F00039FFB34402460B46DBE90001FBF732FFB7
:109A0000BAF1000F0DDA01F100431946BDE8F88FF5
:109A100000283FF451AF22462B4620462946FBF74B
:109A200023FFBDE8F88F58A3D3E90023FBF71CFF01
:109A300000225E4BFCF75EFB00283FF44FAF204650
:109A40002946BDE8F88F00F0BBF8594B9E4204460A
:109A50000D4629DCA3F550239E424EDC02460B4600
:109A6000FBF702FF0022514BFBF7FCFE00220646EB
:109A70000F464FF0804320462946FBF7F5FE02468D
:109A80000B4630463946FCF7CFF94FF0000B044641
:109A90000D4625E73EA1D1E90001C2E7204629464F
:109AA000FBF7E0FEBDE8F88F424B9E421ADC002235
:109AB000414BFBF7D7FE002206460F463E4B2046A1
:109AC0002946FCF787F80022384BFBF7CDFE02460B
:109AD0000B4630463946FCF7A7F94FF0020B044617
:109AE0000D46FDE602460B4600203449FCF79CF982
:109AF0004FF0030B04460D46F2E600222B4BFBF71A
:109B0000B1FE002206460F46284B20462946FBF7A9
:109B1000ABFE02460B4630463946FCF785F94FF05E
:109B2000010B04460D46DBE6182D4454FB21F93F9A
:109B300011DA22E33AAD903FEB0D76244B7BA93F3F
:109B4000513DD0A0660DB13F6E204CC5CD45B73F0D
:109B5000FF8300922449C23F0D5555555555D53FB9
:109B60002F6C6A2C44B4A2BF9AFDDE522DDEAD3FAD
:109B70006D9A74AFF2B0B33F711623FEC671BC3F4D
:109B8000C4EB98999999C93F9C7500883CE4377E4D
:109B9000182D4454FB21F9BFFFFF0F440000F07F54
:109BA000FFFFDB3F08570300E85603000000F03FCB
:109BB000FFFFF23FFF7F03400000F83F0000F0BFCF
:109BC00021F000431946704741F0004101F5801033
:109BD000C00F70470020704700200149704700BF48
:109BE0000000F87F2DE9F041C1F30A57A7F2FF35D5
:109BF000132D82B002460B460C464FEAD17806463A
:109C000033DC002D4EDB3C49294103EA01001043BF
:109C100026D049080B4052EA03060CD04FF48023AB
:109C2000132D24EA010143FA05F444EA01040CBFB0
:109C30004FF000460026314901EBC8082346D8E919
:109C40000045324620462946FBF70EFECDE90001CD
:109C500022462B46DDE90001FBF704FE02460B46D7
:109C60001046194602B0BDE8F081332D07DDB5F589
:109C7000806FF5D1FBF7F8FD02460B46F0E7A7F23F
:109C800013474FF0FF31F9400842E9D04908084234
:109C9000D1D04FF0804320EA010143FA07F741EAAF
:109CA0000706C8E721F000410143D9D0C3F31301EF
:109CB00001434E420E43114D5C0C360B640406F416
:109CC000002305EBC80243EA0401D2E900450B4634
:109CD000024629462046FBF7C7FDCDE90001224692
:109CE0002B46DDE90001FBF7BDFD21F000410246F6
:109CF00041EAC873B4E700BFFFFF0F002857030015
:109D0000F8B5C1F30A5304460D460E4617460BBB81
:109D100021F00046034633431BD0354B0022FBF7AE
:109D200059FF344B9F4204460D4635DBC1F30A53BD
:109D30000E46363B3B4440F2FE72934232DC002B2F
:109D400011DD26F0FF4626F4E00646EA03552046DC
:109D50002946F8BD40F2FF729342EBD102460B4612
:109D6000FBF782FDF8BD13F1350F28DA4CF25033C2
:109D70009F4222462B460ADD19A1D1E9000100F0DD
:109D800093F917A3D3E90023FBF724FFF8BD16A12D
:109D9000D1E9000100F088F913A3D3E90023FBF710
:109DA00019FFF8BD22462B460DA1D1E9000100F0B4
:109DB0007BF90BA3D3E90023FBF70CFFF8BD26F0DA
:109DC000FF4626F4E006363346EA03552046294688
:109DD0000022094BFBF7FEFEF8BD00BFAFF3008089
:109DE0009C7500883CE4377E59F3F8C21F6EA501CC
:109DF00000005043B03CFFFF0000903C38B520F01D
:109E00000044B4F1A14F07EE900A05460DDBB4F112
:109E1000FF4F5CDC9FED557ADFED557A0028C8BF17
:109E2000F0EE477A17EE900A38BD524B9C4261DC47
:109E3000B4F1445F50DB4FF0FF3327EEA76A9FED8C
:109E40004E1A9FED4E2ADFED4E1ADFED4E2A9FEDA2
:109E50004E3ADFED4E3A9FED4E4ADFED4E4A9FED12
:109E60004E5A9FED4E7ADFED4E5A66EE066A5A1C48
:109E7000A6EE812AE6EEA12AA2EE263AE2EEA63A64
:109E8000A3EE264AE3EEA64AA4EE265AA4EEA67A4C
:109E9000E5EE265A27EE267AA5EE867A27EE277A71
:109EA0003FD04049404A9B001944D1ED006A37EE4B
:109EB000667A134437EE677AD3ED007A77EEC77A85
:109EC000002DB8BFF1EE677A17EE900A38BD77EE35
:109ED000A77A17EE900A38BD9FED347A37EE877A6D
:109EE000F7EE006AB4EEE67AF1EE10FAA3DD17EEB3
:109EF000900A38BD00F060F82D4B9C4207EE100A26
:109F000014DCA3F5D0039C4225DCF0EE007AFFEED2
:109F1000006AE7EE276A002337EE277AC6EE877AD3
:109F20008BE777EEC77A17EE900A38BD214B9C423B
:109F30000BDCF7EE087AF7EE006AE7EE276A0223F9
:109F400037EE677AC7EE267A77E7FFEE006AC6EE4D
:109F5000877A032371E7F7EE007A77EE676A37EEC8
:109F6000277A0123C6EE877A67E700BFDB0FC93F78
:109F7000DB0FC9BFFFFFDF3ED769853C59DA4B3D98
:109F800021A215BD6BF16EBD356B883D95879DBDDA
:109F90006E2EBA3D388EE3BD2549123ECDCC4CBE67
:109FA000ABAAAA3E4857030038570300CAF24971CA
:109FB000FFFF973FFFFF1B4020F00040704700BFAE
:109FC00000B52DED028B83B00190019B33F0004270
:109FD0001DD0B2F1FF4F0FD2B2F5000F20D3D20D3A
:109FE0000A44FE2A2CDC002A3DDD23F0FF4343EA2D
:109FF000C25307EE903A03E007EE900A77EEA77A95
:10A0000017EE900A03B0BDEC028B5DF804FBDDEDAA
:10A01000017A17EE900A03B0BDEC028B5DF804FBE9
:10A020009DED017ADFED1B7A1B4B67EE277A994293
:10A03000CDED017A10DB019BC3F3C752193ACFE78C
:10A040009FED168A019918EE100A00F035F807EE18
:10A05000900A67EE887AD3E7DFED117A9DED017AF9
:10A0600067EE277ACCE712F1160F06DA4CF250337E
:10A070009942E5DC9FED0A8AE4E7193223F0FF43B9
:10A0800043EAC2539FED077A07EE903A67EE877A6C
:10A09000B6E700BF0000004CB03CFFFFCAF24971B8
:10A0A0006042A20D0000003303F0004321F00042A3
:10A0B00042EA0301704700BF01F0004120F0004078
:10A0C0000843704708B5062001F086FE0120F3F72B
:10A0D000BFFF00BF00B50A4C2668054685B01C4688
:10A0E000F06852B1074B0091CDE9013206492B4689
:10A0F000224600F03DFAFFF7E5FF044B1A46F2E76F
:10A1000040060020585703006857030064570300B7
:10A11000014B1868704700BF4006002070B5002949
:10A1200048D005460C4610B1836B002B48D0626EB8
:10A13000B4F90C30D00740D4990530D521462846D3
:10A1400000F05CF8E36A064633B1E16928469847B7
:10A150000028B8BF4FF0FF36A3891A063CD4216B04
:10A1600041B104F14003994202D02846F3F77EFB47
:10A1700000232363616C21B12846F3F777FB0023AA
:10A18000636400F0E9F9636E0022DB07A2811FD54A
:10A19000A06D00F051FF00F0E5F9304670BDA06DF4
:10A1A00000F04CFFB4F90C30002BC7D1666E16F0EE
:10A1B000010616D00026304670BD002BFAD0BDE750
:10A1C00000F04CF9626EB4F90C30D007F5D4B3E767
:10A1D000A06D00F035FFDBE721692846F3F746FB69
:10A1E000BDE7A06D00F02CFF304670BD024B01466C
:10A1F0001868FFF793BF00BF40060020B1F90C308C
:10A200009AB22DE9F0410C461107804644D46268A9
:10A2100043F40063002AA38159DDA56A002D53D0C1
:10A2200000229BB2D8F80060E169C8F8002013F45E
:10A23000805240F0838001234046A847421C4AD008
:10A24000A389A56AE1695B0705D56268236B801A5B
:10A250000BB1E36BC01A024600234046A847471CD7
:10A2600045D0B4F90C302269226023F40063002247
:10A27000A381DB04626000D52065216BC8F8006013
:10A2800011B304F14003994202D04046F3F7EEFACD
:10A2900000202063BDE8F0812669AEB12568266004
:10A2A00092070CBF63690023AD1BA3600AE02B4635
:10A2B0003246676AE1694046B8470028A5EB0005C9
:10A2C00006442BDD002DF2DC0020BDE8F081E26BBE
:10A2D000002AA2DCF8E7D8F80030002BB0D01D2B04
:10A2E00001D0162B2CD1C8F800600020EDE7D8F87B
:10A2F00000101D291AD8154BB4F90C20CB40DB43B4
:10A3000013F0010314D1256922F40062C4E900535B
:10A31000D504A281B1D50029AFD1ADE7A38943F01F
:10A320004003A3814FF0FF30BDE8F081B4F90C2069
:10A3300042F04002A2814FF0FF30C6E7206D82E775
:10A34000A38943F04003A381BFE700BF0100402081
:10A3500038B50D46044608B1836BA3B1B5F90C00BE
:10A36000B8B16B6EDB0701D481051AD520462946AA
:10A37000FFF744FF6B6EDA07044602D4AB899B05F6
:10A380000AD5204638BD00F069F8B5F90C00002860
:10A39000E7D10446204638BDA86D00F051FE2046A6
:10A3A00038BDA86D00F04AFEE0E700BF20B1054BC4
:10A3B00001461868FFF7CCBF034B0449186800F04A
:10A3C000DDBD00BF400600209C58030051A30200E1
:10A3D00010B5002304468181C281C0E90033836047
:10A3E0004366C0E904338361194608225C3001F0FA
:10A3F000EFFA07480749084A084BE362C4E90740F7
:10A40000C4E9091204F15800BDE8104000F012BE82
:10A4100015BE020039BE020075BE020095BE0200E4
:10A42000014900F0ABBD00BF1DA1020070B54A1E7E
:10A43000682505FB02F50E4605F17401F3F7D4F922
:10A44000044640B100210C30666005F168022160CD
:10A45000A06001F0BDFA204670BD00BF10B50446F3
:10A46000124800F0EBFDA26BD2B904F53B73104823
:10A47000C4F8E8320321C4F8E022E063C4F8E4122F
:10A4800060680421FFF7A4FF01220921A068FFF7FB
:10A490009FFF02221221E068FFF79AFF0123A363C6
:10A4A0000248BDE8104000F0CBBD00BFECB9002071
:10A4B00021A4020070B50646244800F0BFFD244BDD
:10A4C0001D68AB6B83B305F53875D5E90134013BE5
:10A4D00005D525E0013B5A1C04F1680420D0B4F9ED
:10A4E0000C20002AF6D100251A4BE36004F1580035
:10A4F000656600F09FFD154800F0A2FD2560C4E9E7
:10A500000155C4E90455A5612946082204F15C00FF
:10A5100001F05EFAC4E90C55C4E91155204670BD3E
:10A520002C682CB12546D0E72846FFF797FFCAE7ED
:10A5300004213046FFF77AFF044628600028F1D155
:10A54000024800F07DFD0C233360E7E7F8B90020F6
:10A550009C5803000100FFFF014800F06FBD00BFE1
:10A56000F8B90020014800F06BBD00BFF8B9002029
:10A570000EB410B583B005AB064C53F8042B019311
:10A580000146206803F0F0F803B0BDE8104003B0C6
:10A59000704700BF40060020F0B5134683B00F4659
:10A5A00001AA1946064604F0F9FF002836D00546F0
:10A5B0003046FFF77FFF044600282FD039464FF47E
:10A5C000DB73019A304601F04DFA071E30DB636EF3
:10A5D000DB0715D51C4B1D491D4AE781C4E907431C
:10A5E000C4E909121B4BA581E905E3620FD4636E30
:10A5F000DA0702D4A3899B0514D5204603B0F0BD29
:10A60000A3899805E6D4A06D00F018FDE2E7304676
:10A6100002230022214600F06BF9E8E700242046DF
:10A6200003B0F0BDA06D00F00BFD204603B0F0BDFF
:10A630000025FFF791FFA581A06D00F0FDFC2C46E1
:10A64000FFF790FFD9E700BF15BE020039BE020038
:10A6500075BE020095BE0200024B0A46014618680C
:10A66000FFF79ABF40060020F8B5244F0C46064677
:10A67000F3F7FDFCBB685D68C4F57E610F3125F022
:10A680000305294421F47F6121F00F01A1F58054D5
:10A69000B4F5805F07DB0021304601F097FABB6814
:10A6A0002B44984204D03046F3F7E5FC0020F8BD77
:10A6B0006142304601F08AFA01300DD0104BBA6881
:10A6C00019682D1B45F001053046091B55601960BE
:10A6D000F3F7D1FC0120F8BD0021304601F076FAF5
:10A6E000BA68831A0F2BDEDD064C0549246843F057
:10A6F0000103001B53600860D5E700BFDC0B00209E
:10A70000BC340020E40F0020002953D0F8B50C46DB
:10A710000646F3F7ACFC54F804CC714F2CF0010161
:10A72000A4F108056B18B8685A68984222F0030231
:10A7300053D01CF0010F5A6003EB02003BD154F8D8
:10A7400008CC4068A5EB0C0507F1080EAC68744511
:10A75000614400F0010075D0D5F80CC0C4F80CC0FD
:10A76000CCF8084060B341F001036B606950B1F56B
:10A77000007F50D34B0A042B70D88B0903F13904A6
:10A78000E40003F1380238193B590838984278D070
:10A790005A6822F003028A4271D99B689842F7D125
:10A7A000C368C5E902039D60C5603046BDE8F84056
:10A7B000F3F761BC7047406800F001000028D2D177
:10A7C0009868484C1144A04241F0010262D0DB6815
:10A7D000C36098606A606950C9E71CF0010F0A44C1
:10A7E00007D154F8083CED1A1A44D5E90213CB609E
:10A7F00099603D4B1B6842F0010193426960BD6066
:10A8000004D83A4B30461968FFF72EFF3046BDE8B2
:10A81000F840F3F730BCC90878684A1C0123891056
:10A820008B40034307EBC20157F832007B600839C5
:10A83000C5E9020147F83250C5603046BDE8F8402E
:10A84000F3F719BC002845D10A44D3E9021342F0BA
:10A850000100CB6099606860AA50D7E7142B08D933
:10A86000542B1ED80B0B03F16F04E40003F16E02AE
:10A8700089E703F15C04E40003F15B0283E7184617
:10A880008EE793107968012202FA03F30B437B6091
:10A89000034686E7C7E90455C5E902006A606950C6
:10A8A000B4E7B3F5AA7F06D8CB0B03F17804E40034
:10A8B00003F1770267E740F25452934206D88B0CBB
:10A8C00003F17D04E40003F17C025CE74FF47E7445
:10A8D0007E2258E741F001026A60196096E700BFE6
:10A8E000DC0B0020E40B0020E80F0020EC340020FB
:10A8F00000F000B82DE9F04F0C4697B091461F4686
:10A90000064618B1836B002B00F08F80626EA3891E
:10A91000D20702D49D0540F1A18003F48473B3F5FE
:10A92000847F00F09680D4F82880B8F1000F7FD0A3
:10A93000012F13D0022F00F08780002F00F08480B9
:10A94000636E1622D907326002D4A3899A0577D59F
:10A950004FF0FF35284617B0BDE8F08F214630464E
:10A96000FFF7F6FCA38913F4805240F03181E169CE
:10A970003B463046C047411C054600F0DC80A389B9
:10A9800022695F0740F1E8806368216BED1A09B125
:10A99000E06B2D1AA9444FF0010A0027002A00F0AD
:10A9A000E580B4F90C3040F61A019AB20A4208D197
:10A9B000520566D4944A904500F0FB8043F400634E
:10A9C000A38121463046FFF7C3FC002840F0BF803A
:10A9D0003B464A46E1693046C047013000F0B78047
:10A9E000216B41B104F14003994202D03046F2F7A5
:10A9F0003DFF00232363A3892269226023F40263BD
:10AA00000021A3816160082204F15C0000F0E0FFF6
:10AA1000656E15F0010503D1A3899B0540F1938074
:10AA20000025284617B0BDE8F08FFFF717FD6DE74A
:10AA3000636E1D22D80732608AD4A3899A0587D411
:10AA4000A06D00F0FDFA83E74FF0000A2269554639
:10AA5000A4E721463046FFF77BFC64E7A06D00F0D9
:10AA6000EDFAA38959E7019AB4F90C3002F4704267
:10AA7000B2F5004FA2D143F480634FF48062A3810A
:10AA8000E264002F40F08880CB46BAF1000F72D10B
:10AA9000A389DB047ED452460123E1693046C047D6
:10AAA000451C8ED06368216BC51A1A46002968D0F0
:10AAB000E06B2D1AA26BD4F810C01D44A2EB0C025F
:10AAC000AD1A0244AB4580F28580E56CE1696D42C8
:10AAD00005EA0B052A4600233046C04701303FF403
:10AAE00070AF2369216B23600023636041B104F1DF
:10AAF0004003994202D03046F2F7B8FE00232363A8
:10AB0000A389BBEB050B23F02003A38110D02146C2
:10AB1000304600F0CFFF00287FF453AF63685B45F9
:10AB2000FFF44FAF2268A3EB0B035A44C4E90023A0
:10AB30000822002168E7636EDA073FF509AFA389B1
:10AB40009B053FF505AFA06D00F07AFA02E7636E52
:10AB5000D9077FF5FAAEFBE618077FF51BAF236830
:10AB6000002B3FF417AF9B1A1D4413E721463046D4
:10AB700000F096FA15E7216B11B16368E06B99E775
:10AB800062682068D4F810C0A0EB0C002D1A0244B3
:10AB9000002197E7206D85E76A46B4F90E1030462C
:10ABA00000F034F800287FF40CAF049B09EB030B92
:10ABB0006BE7B4F90E100029FFF600AF6A46304685
:10ABC00000F024F800283FF44EAFB4F90C30F5E65D
:10ABD000256DD5E6AB185B457FF677AFABEB05058A
:10ABE0000CEB0503521BC4E9003241B104F14003F0
:10ABF000994202D03046F2F739FE00232363A3893D
:10AC000023F02003A38193E775BE020038B50B46FD
:10AC1000074C05461146184600232360F3F725FC30
:10AC2000431C00D038BD2368002BFBD02B6038BDFF
:10AC3000D8B900209368002B00F0E4802DE9F04F94
:10AC4000B1F90C309BB20C46190783B0824690468E
:10AC500035D522699AB313F00202D8F800603DD0CE
:10AC60000027D4F824B0D4F81CC0DFF8C0923D46C9
:10AC70004D452B463A4628BF4B4661465046D5B116
:10AC8000D847002840F3C680D8F808301B1A07447C
:10AC90002D1AC8F80830002B00F0B080D4F81CC082
:10ACA000D4F824B04D452B463A4628BF4B46614662
:10ACB0005046002DE4D1D6E900750836D8E7214684
:10ACC000504603F069FC002840F02A81B4F90C30AA
:10ACD000D8F800609BB213F00202C1D113F0010951
:10ACE0005DD1A76820684D46002D54D09A0540F1EB
:10ACF0009B80AF42BB4600F2D88013F4906F2FD0F8
:10AD0000D4E9041707EB4707A0EB010B07EBD77754
:10AD1000681C7F105844B8423A4684BF07463A46FA
:10AD20005B0540F1D38011465046F2F75DFD0028E7
:10AD300000F0F0805A462169019000F04BFDA28995
:10AD4000019B22F4906242F08002A281A7EB0B02E9
:10AD500003EB0B00676123612060A2602F46AB46C6
:10AD60005A46494600F0D0FDA2682368D21B5B44D6
:10AD70002F46A26023600025D8F80830DB1BB944B9
:10AD8000C8F80830002B39D0B4F90C30A768206817
:10AD90009BB2002DAAD1D6E900950836A4E7334628
:10ADA0009146104617464E469B46002F6BD0002812
:10ADB00071D0D4E904122068B9454B4628BF3B4600
:10ADC000884203D9A5681544AB4271DC9A4200F36E
:10ADD00093801346656AE16932465046A847051ECE
:10ADE00018DDB9EB05090FD00120D8F808305B1B3E
:10ADF0002E447F1BC8F80830002BD6D1002003B0AA
:10AE0000BDE8F08F0020704721465046FFF7A0FABA
:10AE10000028EAD0B4F90C3043F040034FF0FF3083
:10AE2000A38103B0BDE8F08F2369834215D3616924
:10AE3000A94212D83C4B676A9D4294BF2B466FF0E3
:10AE400000434A4693FBF1F3504601FB03F3E169EB
:10AE5000B847071EDEDDED1B8EE7AF4228BF2F4649
:10AE60003A46494600F050FDA3682268DB1B3A448D
:10AE7000A3602260002BEED121465046FFF768FA0E
:10AE80000028E8D0C6E70BF1080353E902679B46A8
:10AE90000833002FF9D03A460A21304600F018FC5A
:10AEA00038B30130A0EB060983E72F46AB4657E7DE
:10AEB00031462A4600F028FD23682B4423602146B2
:10AEC0005046FFF745FA00288BD0A3E75046F2F72B
:10AED0001BFC034600287FF439AF21695046F2F786
:10AEE000C5FCB4F90C300C2223F08003CAF8002012
:10AEF00092E707F101095CE71A463146019300F039
:10AF000003FD019BA1682268C91A1A44A16022604E
:10AF10001D4666E70C23CAF80030B4F90C307BE715
:10AF20004FF0FF306BE700BFFEFFFF7F00FCFF7FAD
:10AF30002DE9F04110F538771BD088460026D7E977
:10AF40000154013D0FD4A389012B05F1FF352046A3
:10AF500005D9B4F90E30013301D0C04706436B1C4C
:10AF600004F16804EFD13F68002FE8D13046BDE816
:10AF7000F0813E463046BDE8F08100BF2DE9F84340
:10AF800010F538771FD0884606464FF00009D7E9FC
:10AF90000154013D11D4A389012B05F1FF35214650
:10AFA000304606D9B4F90E30013302D0C04749EA21
:10AFB00000096B1C04F16804EDD13F68002FE6D155
:10AFC0004846BDE8F883B9464846BDE8F88300BF67
:10AFD00070B50D4E0D4D761BB61006D00024013411
:10AFE00055F8043B9847A642F9D1094E094D761B06
:10AFF00004F0BCFFB61006D00024013455F8043B21
:10B000009847A642F9D170BDF00F0020F00F002044
:10B010001C100020F00F0020044B054A1B685B6BDE
:10B02000002B08BF134693F8280170474006002004
:10B03000700A0020704700BF704700BF704700BF14
:10B04000704700BF70B50C46B1F90E10002996B0DC
:10B0500015461E460FDAA289002312F080003360E5
:10B0600004D14FF480632B6016B070BD40221846A7
:10B070002A6016B070BD6A46FFF7C8FD0028EADBFB
:10B08000019B03F47043A3F50053B3FA83F35B0908
:10B090004FF480624FF4006033602A6016B070BDD8
:10B0A0008A8992070B4606D501F1430201211A60F5
:10B0B000C3E90421704770B582B001AB6A460C4603
:10B0C0000546FFF7BFFF009906462846F2F78CFBBE
:10B0D000B4F90C30D8B11649E963019A009920609F
:10B0E00043F08003A381C4E904011AB93343A38167
:10B0F00002B070BD2846B4F90E1004F00BFBA0B1ED
:10B10000A38923F0030343F001031BB2EEE79A0582
:10B11000EED423F0030304F1430243F002030121C0
:10B12000A3812260C4E90421E2E7B4F90C30DDE731
:10B1300021A40200024B01461868F2F755BB00BF7C
:10B1400040060020024B01461868F2F78FBB00BF93
:10B15000400600202DE9F04F01F10B05162D83B0BC
:10B16000064623D8102900F2B980F2F780FF102597
:10B1700018230220C54F3B44A3F108025C689442A7
:10B1800000F06681636823F003032344D4E902518D
:10B190005A68E96042F001028D6030465A60F2F769
:10B1A0006AFF0834204603B0BDE8F08F35F007058C
:10B1B00000F19480A94200F29180F2F758FFB5F5B2
:10B1C000FC7FC0F083816B0A00F08F80042B00F2BB
:10B1D0004681AB0903F1390003F1380CC300AB4FD2
:10B1E0003B44A3F108015C68A14206D10CE0002AAF
:10B1F00080F21D81E468A14206D0636823F0030356
:10B200005A1B0F2AF3DD60463C69DFF894C264459F
:10B2100071D0636823F003035A1B0F2A00F34481A3
:10B22000002AC7E904CC80F22681B3F5007F80F0C4
:10B230006981DB08591C7A6857F83180C4F80880A6
:10B240004FF0010E9B100EFA03F307EBC10E1343F0
:10B25000AEF10802E2607B6047F83140C8F80C406C
:10B260008210012494409C424BD81C4206D120F00D
:10B27000030064001C4200F10400FAD007EBC0098F
:10B28000CE468046DEF80C309E4507D122E1002AEA
:10B2900080F22981DB689E4500F01C81596821F00D
:10B2A00003014A1B0F2AF2DDD3E9028E5C1945F037
:10B2B00001055D6042F00105C8F80CE03046CEF8AB
:10B2C0000880C7E90444C4E902CC65605A50019380
:10B2D000F2F7D1FE019B03F1080463E700240C237D
:10B2E0002046336003B0BDE8F08F4FF40073402078
:10B2F0004FF03F0C73E77B688210012494409C421E
:10B30000B3D9BC68636823F00309A94503D3A9EB4B
:10B3100005030F2B7BDC5E4BDFF888A11A68DAF897
:10B320000030013305EB020800F0488108F5805831
:10B3300008F10F0828F47F6828F00F0841463046CE
:10B3400000F044FCB0F1FF3F834600F0048104EBC1
:10B350000900584500F2FD804E4A136843441360CB
:10B3600000F04D81DAF8001001311BBFABEB00009B
:10B370001B18CAF800B013601BF0070300F03481FB
:10B38000C3F10801C3F580538B440833D844C8F394
:10B390000B08A3EB080841463046019200F016FC6A
:10B3A000431C019A00F04681A0EB0B01414441F09F
:10B3B00001011368C7F808B04344BC42CBF804103D
:10B3C000136015D0B9F10F0F40F230816068A9F118
:10B3D0000C0121F0070100F0010004EB010C08430F
:10B3E0004FF0050E0F296060CCE901EE00F23A81C2
:10B3F000294A2A481168BC688B42016888BF1360DB
:10B4000062688B4222F0030288BF0360A7E06219E2
:10B4100043F0010345F0010565603046BA605360B2
:10B42000F2F729FE0834204603B0BDE8F08F23442C
:10B43000E1685A68A56842F00102E96030468D6013
:10B440005A60F2F718FE0834204603B0BDE8F08FCA
:10B45000DC68A34208BF02303FF4D6AE92E6142B5C
:10B4600071D9542B00F2AD802B0B03F16F0003F167
:10B470006E0CC300B3E6234430465A6842F0010222
:10B480005A600834F2F7F7FD8CE600BFDC0B0020B1
:10B49000EC340020BC340020E4340020E8340020E8
:10B4A000E40B0020E40F0020611945F0010E42F08A
:10B4B0000105C4F804E03046C7E90411C1E902CC33
:10B4C0004D60E250F2F7D7FD08346BE6E80805F16D
:10B4D00008034FE608F1010818F0030F0EF1080EFB
:10B4E0007FF4D0AE52E019441C464A68DB6854F839
:10B4F000085F42F001024A603046EB609D60F2F75F
:10B50000BAFD4FE65A0A042A35D9142A6FD802F137
:10B510005C01C9005B3207EB010E7958AEF1080EF1
:10B520008E4558D04A6822F003029A4202D98968AF
:10B530008E45F7D1D1F80CE07B68C4E9021ECEF845
:10B540000840CC608CE603F15C0003F15B0CC300A7
:10B5500045E6BC4272D0BC68626822F003029542A4
:10B56000A2EB050302D80F2B3FF751AF3046F2F79D
:10B5700082FD002416E69A0902F13901C900383229
:10B58000C9E7D9F80090994540F0838010F0030F87
:10B59000A9F1080300F1FF30F3D17B6823EA04032B
:10B5A0007B6064009C423FF6ACAE1CB9A9E6640027
:10B5B00008F104081C42FAD040465FE608F1100882
:10B5C000BCE6B3F5AA7F26D8EB0B03F1780003F1B4
:10B5D000770CC30003E67B6892104FF0010808FA6D
:10B5E00002F213437B60A8E74FF48053CEE6542A5F
:10B5F00029D81A0B02F16F01C9006E328BE7C0F334
:10B600000B0100297FF4AEAE09EB0802B96842F0E5
:10B6100001024A60ECE640F2545293421CD8AB0C53
:10B6200003F17D0003F17C0CC300D8E50123CBF8C6
:10B6300004309BE701214FF00008BAE6164A136870
:10B64000434413608EE6B2F5AA7F14D8DA0B02F1F8
:10B650007801C90077325EE74FF47E737F204FF0A8
:10B660007E0CBCE504F1080130460192F2F7FEF8C9
:10B67000019A1368BCE640F254518A4205D89A0CEC
:10B6800002F17D01C9007C3245E74FF47E717E22D4
:10B6900041E77B6885E700BFBC34002082B049B138
:10B6A0005AB16BB113780B601278101C18BF0120CF
:10B6B00002B0704701A9002AF3D1104602B07047CA
:10B6C0006FF00100F4E700BF000000000000000080
:10B6D00001F0FF01102A2BDB10F0070F08D010F843
:10B6E000013B013A8B422DD010F0070F42B3F6D147
:10B6F000F0B441EA012141EA014122F007047FF060
:10B7000000070023F0E80256083C85EA010586EAB6
:10B71000010685FA47F5A3FA87F586FA47F6A5FAF2
:10B7200087F68EB9EED1F0BC01F0FF0102F00702FE
:10B7300032B110F8013B013A83EA010313B1F8D1A9
:10B740000020704701387047002D06BF354603388A
:10B75000073815F0010F07D1013015F4807F02BFC3
:10B76000013015F4C03F0130F0BC0138704700BF14
:10B77000032A70B414D940EA0105AD0704460B460C
:10B7800022D11D682668AE421946204603F1040303
:10B7900004F1040418D1043A032A20461946F0D8CB
:10B7A000541E72B102780B789A4208BF641806D012
:10B7B0000CE010F8012F11F8013F9A4206D1A14286
:10B7C000F7D1002070BC7047541EEBE7D01A70BC54
:10B7D000704700BF844641EA000313F003036DD1B4
:10B7E000403A41D351F8043B40F8043B51F8043B44
:10B7F00040F8043B51F8043B40F8043B51F8043B4B
:10B8000040F8043B51F8043B40F8043B51F8043B3A
:10B8100040F8043B51F8043B40F8043B51F8043B2A
:10B8200040F8043B51F8043B40F8043B51F8043B1A
:10B8300040F8043B51F8043B40F8043B51F8043B0A
:10B8400040F8043B51F8043B40F8043B51F8043BFA
:10B8500040F8043B51F8043B40F8043B51F8043BEA
:10B8600040F8043B403ABDD2303211D351F8043B8A
:10B8700040F8043B51F8043B40F8043B51F8043BCA
:10B8800040F8043B51F8043B40F8043B103AEDD239
:10B890000C3205D351F8043B40F8043B043AF9D28A
:10B8A000043208D0D2071CBF11F8013B00F8013B5D
:10B8B00001D30B8803806046704700BF082A13D36A
:10B8C0008B078DD010F003038AD0C3F10403D21A82
:10B8D000DB071CBF11F8013B00F8013B80D331F8B6
:10B8E000023B20F8023B7BE7043AD9D3013A11F836
:10B8F000013B00F8013BF9D20B7803704B784370A1
:10B900008B788370604670478842F0B40DD98B18ED
:10B9100083420AD9841832B1224613F8014D02F845
:10B92000014D9942F9D1F0BC70470F2A49D940EA3C
:10B9300001039B0747D1A2F110031B0901F1200766
:10B9400007EB031701F1100400F1100554F8106C17
:10B9500045F8106C54F80C6C45F80C6C54F8086CF5
:10B9600045F8086C54F8046C45F8046C1034BC427B
:10B9700005F11005EAD1013302F00F051B01032D7B
:10B980001944034421D91F1F0E462C46043C56F887
:10B9900004CB47F804CF032CF8D82C1F24F0030461
:10B9A00004342344214402F00302002ABBD0013BAB
:10B9B0000A4411F8014B03F8014F9142F9D1F0BC50
:10B9C00070470346F1E70346F1E72A46EDE700BF7B
:10B9D000F0B4860743D0541E002A3ED0CAB20346B4
:10B9E00002E014F1FF3438D303F8012B9D07F8D19E
:10B9F000032C2BD9CDB245EA05250F2C45EA054588
:10BA000016D9A4F110073F0903F1200606EB07162B
:10BA100003F1100242E9045542E902551032B242E4
:10BA2000F8D104F00F040137032C03EB07130DD9F1
:10BA30001E462246043A032A46F8045BFAD8221F1F
:10BA400022F003020432134404F003042CB1C9B2FF
:10BA50001C4403F8011B9C42FBD1F0BC7047144608
:10BA60000346C5E770B50D46084C114606461A4612
:10BA7000284600232360F2F7EBFD431C00D070BD85
:10BA80002368002BFBD0336070BD00BFD8B9002005
:10BA9000024B0A4601461868F1F736BE4006002000
:10BAA000838903F00903092B01D000207047FEF7BA
:10BAB0007DBC00BFF8B50C46054610B1836B002B6A
:10BAC00040D0B4F90C309AB2970407D4626E43F4B4
:10BAD000005322F400526266A3819AB200219606B6
:10BAE000616038D450071AD4D10662D512074ED4FB
:10BAF00043F00403A3812369002B55D0B4F90C70E3
:10BB0000BEB2B3072AD12269226028466369256A3A
:10BB1000E169A8470028606017DD0020F8BD216BAF
:10BB20000029E8D004F14003994202D02846F1F7F9
:10BB30009DFEE36B636000202063002BDBD0A36BD2
:10BB40002360F8BDFEF78AFCBBE7B4F90C3016D1D0
:10BB500043F02003A3814FF0FF30F8BD194B1A4981
:10BB600018680123A38106F00906FFF7E1F9092E01
:10BB7000A781C8D121462846FEF740FBC3E743F022
:10BB800040030022A38162604FF0FF30F8BD2146E0
:10BB90002846FEF7DDFB0028DDD1B4F90C30A060AB
:10BBA000A06123F00803A3E721462846FFF778FAAF
:10BBB000A4E743F0400309222A604FF0FF30A3813D
:10BBC000F8BD00BF9C580300A1BA020038B5074C6D
:10BBD0000023054608462360F2F724FA431C00D0F0
:10BBE00038BD2368002BFBD02B6038BDD8B90020AE
:10BBF00000290CBF022200224FF4806300F000B83D
:10BC00002DE9F0435D4C256883B00446884616460E
:10BC10001F4615B1AB6B002B7ED0022E05D0012E36
:10BC200000F2A980002FC0F2A680636EDA0735D536
:10BC300021462846FEF78CFB216B41B104F14003FD
:10BC4000994202D02846F1F711FE00232363B4F98C
:10BC50000C3000221806A261626061D423F44A63AA
:10BC600023F00303022EA3811FD10025616E002063
:10BC700004F1430243F00203A060C9074FF0010042
:10BC8000A3812260C4E9042004D49B0502D4A06DE2
:10BC9000FFF7D6F9284603B0BDE8F083A3899B05DA
:10BCA000C6D4A06DFFF7CAF9C2E701AB6A462146C8
:10BCB0002846FFF7C7F9A3891843A081002F36D182
:10BCC000009F3846FFF736FA8046002842D0A38905
:10BCD00043F08003A381AB6B7BB3009AB4F90C30C3
:10BCE000C4F80080BA421CBF43F40063A381012E54
:10BCF00004BF43F00103A3819BB213F00802C4E91F
:10BD000004871ED1A260656E15F00105BDD0002527
:10BD1000284603B0BDE8F0832846FEF79FFB7CE78A
:10BD200021692846F1F7A2FDB4F90C3096E7B8F185
:10BD3000000FC6D0AB6B002BCFD12846FEF78EFB91
:10BD4000CBE7DA0704D57F420022A761A260DAE7D9
:10BD5000A760D8E7DDF80090B94504D1B4F90C30FC
:10BD60004FF0FF3582E74846FFF7E4F980460028A8
:10BD7000F4D04F46ABE74FF0FF358BE7400600208D
:10BD80001F2938B522D8D0F8DC3205460C466BB1F5
:10BD900053F8212052B1012A12D0511C12D0002593
:10BDA000204643F824509047284638BD284600F0E6
:10BDB0002FF8224601462846BDE8384000F014B866
:10BDC000002038BD16230360012038BD1623036010
:10BDD0004FF0FF3038BD00BF024B01461868FFF737
:10BDE000CFBF00BF4006002038B50B46074C0546C4
:10BDF000114618460023236004F0B0F8431C00D01D
:10BE000038BD2368002BFBD02B6038BDD8B900208B
:10BE100004F09CB810B50C46B1F90E1003F0B6FF53
:10BE2000002803DB236D0344236510BDA38923F49D
:10BE30008053A38110BD00BF2DE9F0411646B1F932
:10BE40000C201F46D3050C460546B1F90E1007D548
:10BE50000022022303F07EFCB4F90C20B4F90E108A
:10BE600022F48052A2813B4632462846BDE8F0418A
:10BE700002F07CBB10B50C46B1F90E1003F06AFC61
:10BE8000A389421C0EBF23F4805343F480532065E2
:10BE9000A38110BDB1F90E1002F0E4BB0000000058
:10BEA000A2EB0300704700BF02780B78012A28BF7D
:10BEB0009A42F5D16DE9044540EA0104CDE90267F3
:10BEC0006FF0000C4FEA447212B380EA010414F0E0
:10BED000070F6AD100F0070420F0070004F0030503
:10BEE00021F007014FEAC505F0E8042314F0040F20
:10BEF000F1E804670CFA05F462EA040266EA040653
:10BF00000AD063EA0403624667EA0407664603E070
:10BF1000F0E80423F1E8046782FA4CF582EA0604AB
:10BF2000A4FA8CF46CBB83FA4CF583EA0705A5FAF6
:10BF30008CF595B950E9022351E9026782FA4CF574
:10BF400082EA0604A4FA8CF483FA4CF583EA070526
:10BF5000A5FA8CF52543DBD09CB92DBAB5FA85F44A
:10BF600024F0070427FA04F1DDE9026723FA04F359
:10BF700003F0FF0001F0FF01FDE80445A0EB010024
:10BF8000704724BAB4FA84F424F0070426FA04F1C2
:10BF9000DDE9026722FA04F202F0FF0001F0FF017E
:10BFA000FDE80445A0EB0100704714F0030F3CD1FD
:10BFB00010F0030428D150F8082B51F8083B82FAFE
:10BFC0004CF582EA0305A5FA8CF55DB950F8042C0E
:10BFD00051F8043C82FA4CF582EA0305A5FA8CF587
:10BFE000002DE8D02DBAB5FA85F424F0070423FA21
:10BFF00004F122FA04F202F0FF0001F0FF01FDE873
:10C000000445A0EB010070474FEAC40420F0030090
:10C0100050F8082B21F0030151F8083B0CFA04F406
:10C0200062EA040263EA0403C9E710F003041AD0C9
:10C03000A1EB040120F00300E40750F8042B06D024
:10C040000FD28B785FFAA2F4E41A06D12BB1CB7829
:10C050005FFAB2F4E41A00D11BB920465DF8104B28
:10C06000704701F1040150F8042BCC0721F00301C3
:10C0700051F8043B48D824D222F07F4482FA4CF590
:10C0800094EA1325A5FA8CF50AD165B951F8043B59
:10C0900084EA0204B4EB036F0ED150F8042BEBE7F3
:10C0A0004FEA132355E035F07F454DD10878FDE880
:10C0B0000445C0F1000070474FEA126203F0FF032D
:10C0C00047E002EA1C4482FA4CF594EA1345A5FACB
:10C0D0008CF50AD165B951F8043B84EA0204B4EB4B
:10C0E000034F0CD150F8042BEBE74FEA134330E039
:10C0F00015EA1C4528D10B884FEA124229E04FEA85
:10C10000124203EA1C4324E002F0FF0482FA4CF5D9
:10C1100094EA1365A5FA8CF50AD165B951F8043B88
:10C1200084EA0204B4EB032F09D150F8042BEBE7A7
:10C130004FEA13630DE015F0FF0F05D10B684FEACE
:10C14000122223F07F4304E04FF00000FDE8044595
:10C15000704712BA1BBA82FA4CF482EA0304A4FABA
:10C160008CF5B5FA85F402FA04F203FA04F34FEA07
:10C170001260FDE80445A0EB13607047000000006A
:10C1800090F800F06DE9024520F007016FF0000C17
:10C1900010F0070491F820F040F049804FF00004BF
:10C1A0006FF00700D1E9002391F840F000F108009A
:10C1B00082FA4CF2A4FA8CF283FA4CF3A2FA8CF3D2
:10C1C0004BBBD1E9022382FA4CF200F10800A4FA39
:10C1D0008CF283FA4CF3A2FA8CF3E3B9D1E904238D
:10C1E00082FA4CF200F10800A4FA8CF283FA4CF3C4
:10C1F000A2FA8CF37BB9D1E9062301F1200182FA7E
:10C200004CF200F10800A4FA8CF283FA4CF3A2FA83
:10C210008CF3002BC6D0002A04BF04301A4612BA91
:10C22000B2FA82F2FDE8024500EBD2007047D1E994
:10C23000002304F00305C4F100004FEAC50514F023
:10C24000040F91F840F00CFA05F562EA05021CBFF4
:10C2500063EA050362464FF00004A9E770B404786E
:10C26000A4B10D7806464DB1A5420AD00A4601E0B8
:10C27000A34206D012F8013F002BF9D1801B70BCFD
:10C28000704710F8014F002CEDD1F7E72046F6E794
:10C290002DE9F04FC5B00C460C9191460F930D90CF
:10C2A00003F04AFA036818931846FFF769FFA38959
:10C2B00017901D0603D52369002B00F01D879FED05
:10C2C000947B00238DED147BCDE928330DF1D0084C
:10C2D0001393169319930A93CDF89C80C246CB46CC
:10C2E0009BF80030002B00F09980252B5C4602D192
:10C2F0001CE0252B03D014F8013F002BF9D1A4EB4F
:10C300000B0585B1DDE9283201332A44072BCAF831
:10C3100000B0CAF80450CDE9283277DC0AF1080AE7
:10C320000A9B2B440A932378002B77D000231A46CC
:10C330008DF87F3019460B931F464FF0FF3063781E
:10C34000099004F1010B0BF1010B9946A9F12003AF
:10C35000582B00F27583DFE813F0C30273037303F5
:10C36000BE02730373037303730373037303B20295
:10C37000AD02730367034C0373036C03B600B6008E
:10C38000B600B600B600B600B600B600B60073033D
:10C3900073037303730373037303730373037303ED
:10C3A00073033703E4027303E40273037303730339
:10C3B0007303DF0273037303A50073037303730333
:10C3C000730373037500730373038D0273037303A5
:10C3D00073037303730373037303730373037303AD
:10C3E0007C012F01E402E402E4022A012F0173031D
:10C3F00073031D0173030901A700CA00C50073037D
:10C40000E1007303770073037303CB0227AADDE90E
:10C410000C1003F0D1FC40B9C24681E7299B23B13F
:10C420000D980C9927AA03F0C7FC0C9B9B8913F06D
:10C43000400F0A9B18BF4FF0FF330A930A9845B08C
:10C44000BDE8F08F47F01007BE0640F127850F9D2D
:10C45000073525F0070303F10802D3E900450F92E1
:10C460000123099A002601328DF87F6000F02884AC
:10C4700027F08002079254EA050240F0C080099A32
:10C48000002A40F0B386002B40F0D68417F0010359
:10C490000E9300F0488544AB1A46302302F8413D24
:10C4A0001192CDE047F0100717F0200300F000854F
:10C4B0000F9D073525F0070303F10802D3E9004576
:10C4C0000F920023CDE7A9F1300300201BF8019B58
:10C4D00000EB800003EB4000A9F13003092BF5D9F4
:10C4E0000B9033E747F020079BF800302BE70F9ABB
:10C4F000094B14681693043247F63003ADF88030C8
:10C5000047F002070F92002502234FF07809A8E7B1
:10C510000000000000000000D45803000F9A1368C8
:10C52000119300248DF87F40151D002B00F00E861E
:10C53000099A531C00F0B68621461198FFF7C8F8F7
:10C54000002800F09C87119B0994C31A0E930F9545
:10C55000079723EAE3739DF87F6008931294002EF7
:10C5600000F08980089B0133089384E0002A41F0A1
:10C57000AE800F9AB90652F8043B0F9200F1128573
:10C58000FA0600F109867F0640F10686BDF82820EC
:10C590001A80A5E69BF800306C2B03BF9BF8013096
:10C5A00047F020070BF1010B47F01007CBE647F0EF
:10C5B00040079BF80030C6E6002A41F06A80BC06BE
:10C5C00040F10A820F9D073525F00703D3E90045A6
:10C5D00003F108020F92002C75F10003C0F2AF8442
:10C5E000099B9DF87F60013300F0B48427F080023E
:10C5F000079254EA05024FF001033FF440AF012BCC
:10C6000000F06283022B00F08283414600E0114675
:10C61000E20842EA4572E80804F0070305461446BA
:10C62000303354EA050001F8013C01F1FF32EED14C
:10C6300007981192C00700F15984A8EB02030E93EA
:10C64000099B0E9A9342B8BF134608930023129396
:10C6500085E70F9900230A688DF87F301E468DF814
:10C66000A82001230A1DCDE90773CDE90E322AABBC
:10C67000099612961193079B13F0020702D0089BAC
:10C6800002330893079B299C13F0840310933FD136
:10C690000B9B089A9D1A002D3ADD102D289B29DD51
:10C6A00052462146AA461026DDE90C5406E0AAF1BE
:10C6B000100ABAF1100F02F1080218DD0133BB486D
:10C6C0001031072BCDE92831C2E90006EFDD27AA9A
:10C6D0002946204603F070FB00287FF4A6AEAAF19D
:10C6E000100ABAF1100FDDE928314246E6DC554662
:10C6F0000C4692460133AD4A2C44072BCDE9283431
:10C70000CAE9002500F34C859DF87F600AF1080A0C
:10C7100076B1289B013301340DF17F010122072BF3
:10C72000CDE92834CAE9001200F3DB820AF1080AD5
:10C730006FB1289B0133023420A90222072BCDE9D7
:10C740002834CAE9001200F3D7820AF1080A109BC4
:10C75000802B00F0E781099B0E9A9D1A002D31DD98
:10C76000102D289A924F22DD534621461026DDE9EE
:10C770000CA404E0103D102D03F1080315DD013277
:10C780001031072ACDE92821C3E90076F2DD27AA76
:10C790005146204603F010FB00287FF446AE103DC2
:10C7A000102DDDE928214346E9DC9A460C4601328A
:10C7B0002C44072ACDE92824CAE9007500F3BC827D
:10C7C0000AF1080A079BDF0500F15081289B119AA6
:10C7D000CAF800200E9ACAF8042001331444072B2B
:10C7E0002994289300F30E820AF1080A079B5A073E
:10C7F00031D50B9B089A9D1A002D2CDD102D289BFE
:10C800001FDD1026DDE90C9704E0103D102D0AF124
:10C81000080A16DD0133654A1034072BCDE92834A8
:10C82000CAE90026F1DD27AA4946384603F0C4FAD2
:10C8300000287FF4FAAD103D102DDDE92834C24602
:10C84000E8DC0133594A2C44072BCDE92834CAE9E6
:10C85000002500F35E83DDE90A3208998A42ACBF05
:10C860009B185B180A93002C40F0958100232893B5
:10C87000C24635E5002A40F01A874E4B1693B9069A
:10C880003DD50F9D073525F00703D3E9004503F19A
:10C8900008020F92FE0740F1D18054EA050300F030
:10C8A000CD8030238DF880308DF8819047F00207DD
:10C8B0000223D6E59BF8003001222B2143E50F9897
:10C8C0009BF8003004680B94002C00F10400C0F2C7
:10C8D0000D840F9037E547F001079BF8003032E5F3
:10C8E0009BF8003000297FF42EAD012220212AE59B
:10C8F000002A40F0F086304B1693B906C1D40F9B46
:10C90000FA0653F8044B0F9300F111837B0640F1B4
:10C910000E83A4B20025BDE747F008079BF800305E
:10C9200011E5002A40F0C7860F9D073525F0070561
:10C9300095ED007B52EC171B22F000431B938DED0D
:10C940001A7A05F10804DDE91A014FF0FF321B4B9A
:10C950000F948DED147BF9F7D7FB002840F031835D
:10C960004FF0FF32154BDDE91A01F9F7AFFB002854
:10C9700040F0278300220023DDE91401F9F79CFB36
:10C98000002840F02A859DF87F600D4A0D4B032159
:10C99000002027F08004B9F1470FD8BF1A46CDE92F
:10C9A0000810079411920E911290D8E5F4580300E4
:10C9B00004590300C0580300D4580300FFFFEF7F61
:10C9C000B4580300B0580300002A40F0788647F0BE
:10C9D0001007BC063FF5F6AD0F9BF80653F8044B65
:10C9E0000F9300F1A682790640F1A38224B2E517E5
:10C9F000F1E59BF80090B9F12A0F0BF1010000F06E
:10CA00002286A9F13003092B834600F20C85002011
:10CA10001BF8019B00EB800003EB4000A9F1300301
:10CA2000092BF5D9099091E49BF8003047F00407F1
:10CA300089E447F080079BF8003084E4022310E586
:10CA4000002A40F04086B9F1000F3FF4E7AC002324
:10CA500001221E468DF87F30099312932AAB08926B
:10CA60008DF8A89007970E92119304E6B9F1650F1F
:10CA700040F3D38000220023DDE91401F9F712FB13
:10CA8000002800F06981289BB14ACAF800200133D0
:10CA900001340122072BCDE92834CAF8042000F321
:10CAA000D1830AF1080A219B139A299C934280F2B0
:10CAB0002B82289B189ACAF80020179ACAF80420DB
:10CAC00001331444072BCDE9283400F334830AF1F1
:10CAD000080A139B5D1E002D7FF788AE102D289A43
:10CAE0009C4F40F3888323461026DDE90C4905E07E
:10CAF0000AF1080A103D102D40F37C8301321033F7
:10CB0000072ACDE92823CAE90076F1DD27AA2146C4
:10CB1000484603F051F900287FF487ACDDE928236B
:10CB2000C246E7E70B9B089A9D1A002D7FF713AECC
:10CB3000102D289A874F22DD534621461026DDE925
:10CB40000CA404E0103D102D03F1080315DD0132A3
:10CB50001031072ACDE92821C3E90076F2DD27AAA2
:10CB60005146204603F028F900287FF45EAC103DC2
:10CB7000102DDDE928214346E9DC9A460C460132B6
:10CB80002C44072ACDE92824CAE9007500F33D8327
:10CB90000AF1080ADFE527AADDE90C1003F00CF919
:10CBA00000283FF463AE40E427AADDE90C1003F04F
:10CBB00003F900287FF439AC219B299CC2461BB99C
:10CBC000139A002A00F07883289A1899CAF800105E
:10CBD0001799CAF8041001320C44072A29942892A4
:10CBE00000F358840AF1080A002BC0F29184139BC9
:10CBF000119901321C44072ACDE92824CAE90013FF
:10CC00007FF7F2AD27AADDE90C1003F0D5F8002874
:10CC10007FF40BAC299CC246E8E5139A289B012AB5
:10CC200004F1010403F101050AF1080640F34A8109
:10CC30000123119ACAF80020072DCDE92854CAF81B
:10CC4000043000F3BB82179B189A01351C44072D52
:10CC5000CDE92854C6E9002300F3BC8208366B1CDA
:10CC60001F46B946139F0E93013F00220023DDE9C2
:10CC70001401099706F1080AF9F714FA002840F0A0
:10CC8000E180119B776001333C44B9F1070F3360B9
:10CC90002994CDF8A09000F33E8206F1100305F12F
:10CCA000020956469A46199A7260144423ABB9F1A8
:10CCB000070F2994CDF8A09033607FF797ADA1E7D7
:10CCC000012B07977FF49EAC002D08BF0A2C80F043
:10CCD000478144AB303403F8414D119301230E9347
:10CCE000AEE427AADDE90C1003F066F800287FF413
:10CCF0009CAB299CC2461BE527AADDE90C1003F07A
:10CD00005BF800287FF491AB299CC2461FE5169F73
:10CD10004246230904F00F0043EA057329091C4623
:10CD20000D463B5C02F8013D54EA0503F1D1A8EB46
:10CD3000020311920E9383E427AADDE90C1003F09D
:10CD40003BF800287FF471AB299CC2463AE500BF4E
:10CD5000F058030004590300219B002B40F361822B
:10CD6000DDE912329342A8BF1346002B1D460EDDAB
:10CD7000289B119ACAF8002001332C44072B2994D0
:10CD8000CAF80450289300F31D830AF1080A129B85
:10CD9000002DA8BF5B1B002B1D4600F38381219B48
:10CDA000139A9342C0F2E781079AD00700F1E3811A
:10CDB000139A1298D31A151A9D42A8BF1D46002D2A
:10CDC0000FDD289A1199CAF80450013201442C440D
:10CDD000072ACAF80010CDE9282400F328830AF1B5
:10CDE000080A002DACBF5D1B1D46002D7FF7FEAC71
:10CDF000102D289ABF4F40F3FE8123461026DDE90F
:10CE00000C4905E00AF1080A103D102D40F3F281AB
:10CE100001321033072ACDE92823CAE90076F1DD73
:10CE200027AA2146484602F0C7FF00287FF4FDAA42
:10CE3000DDE92823C246E7E7099B0E93CDF844803D
:10CE4000FFF7FEBB099A002A7FF72DAF102AA94FE2
:10CE500040F3F483334692464FF0100922460E9D6C
:10CE6000DDE90C6407E00833AAF1100ABAF1100FEB
:10CE700040F3F28101351032072DCDE92852C3E984
:10CE80000079F0DD27AA3146204602F095FF002800
:10CE90007FF4CBAADDE928524346E5E70F9BFD0668
:10CEA00053F8044B0F9376D500250123FFF7D9BA29
:10CEB0000F9A52F8044B0F9217F0100279D0002508
:10CEC000FFF7CFBA079AD1073FF5B2AE0122119909
:10CED000CAF80010072DCDE92854CAF8042000F341
:10CEE0001A8103F102090AF1100ADCE6302B00F086
:10CEF0003C81119A0239302302F8013CA8EB01036E
:10CF00000E931191FFF79CBB079BDE073FF5D1AD58
:10CF10006CE427AADDE90C1002F04EFF00287FF434
:10CF200084AA299C97E4CDF84480FFF789BB0025AB
:10CF3000B0E4E517002C75F10003BFF651AB099B77
:10CF400064424FF02D0665EB450501338DF87F6097
:10CF50007FF44CAB002D08BF0A2C0797FFF4B9AE45
:10CF60004746204629460A220023F9F7A3F9303222
:10CF700007F8012D2046294600230A22F9F79AF9DD
:10CF800004460D4654EA0503EBD1A8EB07031197BD
:10CF90000E93FFF755BB780648BFA4B200250123C6
:10CFA000FFF75FBA0A9A1046D117C3E90001FFF7ED
:10CFB00097B917F040031CBF1346A4B20025FFF732
:10CFC00050BADDE9140102460B46F9F79DF8002836
:10CFD00040F00D83099B5A1C29F0200600F04C827A
:10CFE000472E00F06E81159B47F48072002B07924C
:10CFF000C0F210829DED147B8DED1C7B00231093FD
:10D00000B9F1660F00F02682B9F1460F00F0648294
:10D01000452E00F05B8125A822A921AA0223099CA4
:10D020000292CDE9031000930194DDE91C230D98D1
:10D0300001F0BEFBB9F1670F119040F03683FB079A
:10D0400040F16B81119B099A9C1800220023DDE9B5
:10D050001C01F9F727F8002800F0D0812346119A27
:10D060009B1A1393472E219B129300F05F81B9F115
:10D07000660F40F06381129B002B099B40F3D7821F
:10D08000002B40F0C082FD0700F1BD82129B089387
:10D090000E93109B002B40F07C8109939DF87F60DC
:10D0A000FFF75DBA102B289A124F40F3EF8023460A
:10D0B0001026DDE90C4905E00AF1080A103D102DA3
:10D0C00040F3E38001321033072ACDE92823CAE96F
:10D0D0000076F1DD27AA2146484602F06DFE0028C1
:10D0E0007FF4A3A9DDE92823C246E7E764420B9455
:10D0F0000F909BE40459030040210D98F0F774FB56
:10D100000C9B18601861002800F0C7820C9A40231D
:10D110005361FFF7D4B827AADDE90C1002F04CFEEA
:10D1200000287FF482A9DDE928340DF1D80A03F143
:10D1300001094646B7E527AADDE90C1002F03CFEDE
:10D1400000287FF472A9299CC246C2E4099B119E63
:10D150000996062B28BF062308930E93BB4B0F9509
:10D16000079712961193FFF7FAB9119BA8EB0303E7
:10D170000E93FFF765BA289A1899CAF80010179904
:10D18000CAF8041001320C44072A2994289200F3AB
:10D1900029810AF1080A0BE60A9A1A60FFF7A0B87B
:10D1A00027AADDE90C1002F007FE00287FF43DA954
:10D1B0009DF87F60299CC246FFF7AABA27AADDE93D
:10D1C0000C1002F0F9FD00287FF42FA9DDE92854A6
:10D1D000464638E527AADDE90C1002F0EDFD0028EF
:10D1E0007FF423A9DDE92854464638E5012B7FF476
:10D1F00009AA6EE51C4601322C44072ACDE92824F1
:10D20000CAE900757FF7F0AAFCE427AADDE90C1053
:10D2100002F0D2FD00287FF408A9299CC246FFF73E
:10D220009ABA289A8A49CAF80010013201340121B9
:10D23000072ACDE92824CAF804103FF7B5AC0AF153
:10D24000080ABCE427AADDE90C1002F0B5FD0028AD
:10D250007FF4EBA8C24626E414461E46CDF824A06F
:10D2600005F1010903F10802099BCDF8A0901C44C7
:10D27000B9F1070F2994C6E900733FF74CAF09F1E4
:10D28000010902F1080A16460DE51C4601322C443C
:10D29000072ACDE92824CAE9007500F32E810AF196
:10D2A000080A7CE511980994FEF76AFF0797CDE913
:10D2B0000E050346FFF74DB9079AD5077FF596AAE5
:10D2C00082E4002B08BF012309938CE6099B25A863
:10D2D0005D1C22A921AA0223CDE90310029200932A
:10D2E0000195DDE91C230D9801F062FA1190B9F166
:10D2F000470F40F0C881FB0740F1BE81119BB9F197
:10D30000460F03EB05047FF4A0AE119B1B78302B76
:10D3100000F05F81219D2C4497E6219A259B129273
:10D32000119A472EA3EB0203139307D1129BDA1C29
:10D3300002DB099A9A4233DAA9F10209129B8DF8AD
:10D340008C90013B002B2193BDBF129BC3F10103C5
:10D350002D222B22092B8DF88D2000F306813033EE
:10D3600030228DF88F308DF88E2024AB23AA9B1AA3
:10D37000139A1993012A13440E9340F34E810E9B86
:10D38000179A13440E9323EAE3730893002312932E
:10D390007FE62D2600238DF87F600993FFF7E2B822
:10D3A000DDE912318B42C0F28380F80740F10A8137
:10D3B000129B179A13440E9323EAE37308934FF0DA
:10D3C000670966E627AADDE90C1002F0F5FC0028E3
:10D3D0007FF42BA8299CC246D9E42D268DF87F60C6
:10D3E000FFF7D3BA27AADDE90C1002F0E5FC00280C
:10D3F0007FF41BA8219B299CC246D9E4259BA3420C
:10D40000BFF42DAE30215A1C25921970259B9C42E9
:10D41000F9D824E6DDE9141202F100431D932D230F
:10D420001C911093ECE500230993FEF78FBF27AA08
:10D43000DDE90C1002F0C0FC00287EF4F6AF219B61
:10D44000139A299CD31AC246CBE400BFE8580300C4
:10D45000F0580300099D019525A822A921AA0323BC
:10D46000CDE90310029200930D98DDE91C2301F031
:10D470009FF91190441948E706230993B3E5099BE6
:10D4800008930E9309900F95079712909DF87F606F
:10D49000FFF765B827AADDE90C1002F08DFC002823
:10D4A0007EF4C3AF219BDDE92824C246FFF79CBB75
:10D4B000179A139B1344129A0E93002A06DC129BB0
:10D4C0000E9AC3F101031A4413460E9223EAE37342
:10D4D00008934FF06709DCE525A822A921AA0323B8
:10D4E000099D0292CDE9031000930195DDE91C230B
:10D4F0000D9801F05DF9119000E727AADDE90C1005
:10D5000002F05AFC00287EF490AF299CC24646E403
:10D510005D421033724F1CDA1026DDF8349004E0BF
:10D520000AF1080A103D102D13DD01321034072ACC
:10D53000CDE92824CAE90076F2DD27AA0C994846ED
:10D5400002F03AFC00287EF470AFDDE92824C246E0
:10D55000E8E701322C44072ACDE92824CAE90075FE
:10D560007DDC0AF1080AFFF742BB0DF19B0420465F
:10D570005C4D00E01046A5FB0312D20802EB8201CD
:10D58000A3EB410303F130011346092B00F8011C02
:10D5900000F1FF32EEDC30330238D9B2844202F8B7
:10D5A000011C73D90DF18E00134601E013F8011B25
:10D5B00000F8011B9C42F9D127AB9B1A0DF18E029A
:10D5C0001344D3E623EAE37208920E934FF06709FF
:10D5D0005FE500220023DDE91C01F8F763FD002868
:10D5E0007FF498AEC5F1010521952C442DE5159BDE
:10D5F0003D4A002BB6BF2D269DF87F608DF87F60D9
:10D600003A4BFFF7C4B9129B179A1344099A1A446C
:10D6100022EAE2730E9208933BE517F0010312939E
:10D620007FF4ADAE0E9B23EAE373089331E53BB97B
:10D63000FC0705D4012308930E932AE5524613E60E
:10D64000179B0133E2E70F9D9BF801302C6883465E
:10D6500044EAE474281D09940F90FEF774BE27AACB
:10D66000DDE90C1002F0A8FB00287EF4DEAEDDE957
:10D670002824C246FFF7BBBA219A259B1292119A21
:10D680009B1A139352E6119B5C19DEE40DF18E0395
:10D690006CE68DF87F10FEF792BF0D9A0C23136095
:10D6A0004FF0FF330A93FEF7C9BE099D1FE68DF8C0
:10D6B0007F10FFF7E2B88DF87F10FFF735B98DF8CE
:10D6C0007F10FFF784B98DF87F10FFF7BCB98DF894
:10D6D0007F10FEF74EBF8DF87F10FFF70CB900BF2B
:10D6E00004590300CDCCCCCCBC580300B85803007F
:10D6F0002DE9F84F4B6E9C0492462DD59368126825
:10D7000043B30E46074602F1080959E9025B5FEA96
:10D710009B0815D0043D002401E0A0450ED0324600
:10D7200055F8041F384601F0C3FF431C04F10104FF
:10D73000F3D10023CAE90133BDE8F88FDAF80830E5
:10D740002BF0030BA3EB0B03CAF8083009F108090F
:10D75000002BDAD10020ECE7FDF76CFA0023CAE9D0
:10D760000133BDE8F88F00BF2DE9F04FADB01C4686
:10D7700002919146CDE9070318B1836B002B00F0AD
:10D78000A383029BB3F90C105B6ED8078AB202D454
:10D79000930540F12185970408D40298436E41F423
:10D7A000005223F400538281436692B2160740F17F
:10D7B0000081029B1B69002B00F0FB8002F01A0322
:10D7C0000A2B00F068830023CDE910330DF1700AB5
:10D7D0000A930493CDF83CA0D34699F80030002B6F
:10D7E00000F01E84252B4C4602D11EE0252B03D0D1
:10D7F00014F8013F002BF9D1A4EB09058DB1DDE947
:10D80000103201332A44072BCBF80090CBF8045098
:10D81000CDE9103200F3E4800BF1080B049B2B449C
:10D8200004932378002B00F0FB8300214FF00003CA
:10D8300062788DF83730084606910F4604F10109E9
:10D840004FF0FF3809F10109A2F12003582B00F233
:10D850004083DFE813F0DA023E033E03D5023E03C5
:10D860003E033E033E033E033E03C902E7023E037E
:10D87000E202EC023E03DA00CB00CB00CB00CB008F
:10D88000CB00CB00CB00CB00CB003E033E033E03DE
:10D890003E033E033E033E033E033E033E03B4020B
:10D8A0003E033E033E033E033E033E033E033E0370
:10D8B0003E033E039D003E033E033E033E033E0304
:10D8C00059003E033E039F023E033E033E033E03D8
:10D8D0003E033E033E033E033E033E0398017B01AD
:10D8E0003E033E033E0376017B013E033E03690196
:10D8F0003E0355019F00250120013E0300013E0328
:10D900005B003E033E03DF0047F01007BB0640F11B
:10D91000A882089C073424F0070303F10802089248
:10D92000B8F1FF3F4FF00002D3E900458DF83720F2
:10D930004FF0010340F0CA80002203970992012BA7
:10D9400000F0F983022B00F08583514600E0314658
:10D95000E20842EA4572E80804F007030546144667
:10D96000303354EA050201F8013C01F1FF36EED1F3
:10D97000039AD70740F17E83302B00F07B83023976
:10D98000302306F8013CAAEB010305930E4674E32D
:10D9900047F0100717F0200300F06D82089C073451
:10D9A00024F0070303F10802D3E90045089200239D
:10D9B00084E0029D0798294600F0EEFD002800F063
:10D9C0006482029A536EDD0703D493899C0540F16B
:10D9D0003E844FF0FF33049304982DB0BDE8F08FE0
:10D9E000002A40F0B8831092D34617E7A2F1300323
:10D9F000002419F8012B04EB840403EB4404A2F186
:10DA00003003092BF5D906941EE747F0800799F8F3
:10DA1000002017E7002940F0AE84C54B0A93BC06EE
:10DA200040F1C081089C073424F00703D3E9004586
:10DA300003F108010891FB0740F1498254EA05030C
:10DA400000F0458230238DF838308DF8392047F0CA
:10DA50000207022332E0089B1E684FF000028DF897
:10DA600037201C1D002E00F0F983B8F1FF3F00F0B5
:10DA70003D84424600213046FDF72AFE002800F092
:10DA80004D84831B05939DF83730089403970993C1
:10DA90004FF00008F1E247F0200799F80020D1E6A6
:10DAA000089AA34B14680A93043247F63003ADF882
:10DAB000383047F002070892002502234FF0000299
:10DAC000B8F1FF3F8DF837203FF436AF00220992BE
:10DAD00027F08002039254EA05027FF430AFB8F1D8
:10DAE000000F40F0D783002B40F0318317F0010383
:10DAF000059300F07A832CAE302306F8413DBCE25A
:10DB0000002940F03C84089AB80652F8043B089279
:10DB100000F17A83F90600F1B9837A0640F1B68301
:10DB2000BDF810201A8058E699F800206C2A03BF2F
:10DB300099F8012047F0200709F1010947F0100783
:10DB400080E647F0400799F800207BE6002940F086
:10DB50000E84BB0640F13B81089C073424F0070388
:10DB6000D3E9004503F108020892002C75F1000387
:10DB7000C0F204839DF837300993B8F1FF3F00F0FD
:10DB8000D9820123A4E7089B4FF000011A688DF8A1
:10DB900037100433012101918DF848200893059135
:10DBA00012AE03974FF00008039B13F0020302D05C
:10DBB000019A02320192DDE91012039C481C14F014
:10DBC00084048446099438D1069C019D641B002C72
:10DBD00033DD102C574D40F39583DC4610279B46D0
:10DBE000634607E001F1020E08330146103C102C99
:10DBF00011DD481C103207281192C3E9005710901C
:10DC0000F0DD002A40F04582103C102C11464FF008
:10DC1000010E5346EDDC19465B468B462244BEF1AD
:10DC2000070F1192CBE90054CDF840E000F3568283
:10DC30000BF1080B0EF1010C71469DF837400BF10A
:10DC40000800002C00F0748101320DF1370401212D
:10DC5000BCF1070FCDE910C2CBE9004140F34E8281
:10DC6000002A40F05581002B40F04E828C461EA8C1
:10DC70001146D346099B802B00F07481059BA8EBCD
:10DC80000305002D32DD102D2B4C40F32D83102782
:10DC9000DDF81C8007E001F1020C0BF1080B1946BE
:10DCA000103D102D11DD4B1C1032072B1192CBE9CA
:10DCB00000471093EFDD002A40F01C81103D102D2D
:10DCC0004FF0010C1146D346EDDC0BF108012A445C
:10DCD000BCF1070F1192CBE90045CDF840C000F32D
:10DCE0001F820CF1010C01F108008B46059BCDF859
:10DCF00040C01A44BCF1070F1192CBE9006340F316
:10DD00006F81002A40F06481039B10925D0738D533
:10DD1000069B01995C1A002C33DD5046102C109F95
:10DD2000044D40F3F9821026DDF81C800CE000BFA2
:10DD3000D45803001459030024590300BB1C0830B5
:10DD40000F46103C102C11DD791C1032072911925E
:10DD5000C0E900561091F1DD002A40F0A781103C87
:10DD6000102C4FF0010317465046EDDC2244072BE0
:10DD70001192C0E90054109340F33B81002A40F017
:10DD80005C82049B069A01998A42ACBF9B185B187F
:10DD900004933DE1002940F0E182AC4B0A93BC06BC
:10DDA0003FF540AE089BF80653F8044B089300F18A
:10DDB000DD81790640F1DA81A4B200253BE6002935
:10DDC00040F0D28247F01007BB063FF5C5AE089B76
:10DDD000FE0653F8044B089300F1CA817D0640F11A
:10DDE000C78124B2E517C0E6089B99F800201C689B
:10DDF0000694002C03F10403C0F21582089321E578
:10DE000047F0010799F800201CE599F80020002848
:10DE10007FF418AD0121202014E599F8002047F087
:10DE200004070FE599F8002001212B200AE599F855
:10DE300000202A2A09F1010400F08582A2F13003B2
:10DE4000092BA1464FF000083FF6FEAC19F8012B54
:10DE500008EB880803EB4808A2F13003092BF5D939
:10DE6000F2E4089BFE0653F8044B089340F1C68188
:10DE70000025012322E6089A52F8044B089217F075
:10DE8000100200F0B481002518E6AA8902F01A03F6
:10DE90000A2B7FF498AC0299B1F90E30002BFFF6F3
:10DEA00092AC4B6ED80704D4920502D4886DFDF76E
:10DEB000C7F823464A460299079800F067FA04908B
:10DEC00004982DB0BDE8F08FFCF7C8FA59E402239E
:10DED000F4E5002940F04582002A00F0A1800123EA
:10DEE0008DF848204FF0000201938DF837200593FC
:10DEF00012AE56E60FAA02994046FFF7F9FB00283A
:10DF000040F09480DDE91012D34601F1010CC7E620
:10DF10000FAA029907980B93FFF7EAFB002840F03D
:10DF20008580DDE910120B9B01F1010C1EA8D34680
:10DF3000002B3FF49FAE02320EAC0221BCF1070F62
:10DF4000CDE910C2CBE9004140F3E480002A40F063
:10DF50001D81099B802B1EA84FF0010C1146D34652
:10DF60007FF48CAE069B019C1D1B002D7FF786AEB7
:10DF7000102D374C40F3DB81102706E0881C0BF195
:10DF8000080B1946103D102D11DD4B1C1032072BCC
:10DF90001192CBE900471093F0DD002A40F0928007
:10DFA000103D102D4FF001001146D346EDDC0BF172
:10DFB00008072A4407281192CBE90045109000F386
:10DFC000F48000F1010C0146BB4607F1080055E65C
:10DFD0000FAA02990798FFF78BFB38BB119A50469E
:10DFE000039B5C0705D5069B01995C1A002C3FF743
:10DFF00095AE049B069901988142ACBF5B181B1833
:10E0000004932AB10FAA02990798FFF771FB68B928
:10E010000023109399F80030D346002B7FF4E2AB35
:10E02000119B002B40F0868100231093029B5A6EB7
:10E030009B89D10702D49A0540F1F9805B063FF530
:10E04000C8AC04982DB0BDE8F08F00BFC0580300E5
:10E05000245903000A985646230904F00F0143EAA5
:10E0600005732A091C461546435C06F8013D54EA2F
:10E070000503F1D1AAEB06030593059B099A4345D5
:10E08000B8BF43460193002A3FF48EAD013301939C
:10E090008AE50FAA02990798FFF72AFB0028C5D145
:10E0A000DDE91012534601F1010E9FE50FAA029916
:10E0B0004046FFF71DFB0028B8D1DDE9107250463D
:10E0C0007B1C3EE60FAA02990798FFF711FB002878
:10E0D000ACD1DDE91012D346481C53E7002A40F0CA
:10E0E000F3809DF83710002900F0958001210DF193
:10E0F00037001C900A461D918C461EA86146834637
:10E100000CF1010C083013E70EA80222CDE91C0225
:10E110008C461EA8614683460CF1010C0830A9E527
:10E12000002A4AD1059A1D92012111921C96109144
:10E130001EA855E70397002D08BF0A2C80F0AE807B
:10E140002CAE3034012306F8414D059395E7CDF808
:10E150001480564691E70FAA02990798FFF7C8FA6C
:10E1600000287FF463AFD346FFF758BB002562E475
:10E17000E517002C75F10003BFF6FCAC2D236442BB
:10E1800065EB45058DF837300993F6E40FAA02993F
:10E190000798FFF7ADFA00287FF448AFDDE91012C9
:10E1A0001EA801F1010CD34664E5002A5FD11EA828
:10E1B0004FF0010C1146D34660E50FAA029907986B
:10E1C000FFF796FA00287FF431AFDDE910121EA8A0
:10E1D00001F1010CD34689E5029DA86DFCF72EFFE5
:10E1E000B5F90C108AB2FFF7D6BA564645E717F0D4
:10E1F00040031CBF1346A4B200255FE47D0648BF60
:10E20000A4B20025012359E4049A1046D117C3E9AA
:10E210000001FFF7E2BA002B76D111461EA84FF09D
:10E22000010CD3462AE5644206940893F7E5029C64
:10E23000A06DFCF705FFA38900E70FAA02990798D4
:10E24000FFF756FA00287FF4F1AE119AD1E6906DEF
:10E25000FCF7F6FE4FF0FF330493F2E64346062B3D
:10E2600028BF0623059308940193474E99E40FAA0B
:10E2700002990798FFF73CFA00287FF4D7AEDDE952
:10E2800010121EA801F1010CD346F7E4049A1A609B
:10E29000FFF7A3BA012B7FF455AB51E75646204652
:10E2A00029460A220023F8F705F8303206F8012D36
:10E2B0002046294600230A22F7F7FCFF04460D46B4
:10E2C00054EA0503EBD1D5E60FAA029907980B9300
:10E2D000FFF70EFA00287FF4A9AEDDE91012D3464D
:10E2E00001F1010C0B9BA8E40146F0E430460894D0
:10E2F0000397FDF745FF9DF83730059009934FF0E0
:10E300000008BAE6864689E40EA90222CDE91C126D
:10E310001EA84FF0010CFDE67B1C27E59DF8373069
:10E32000CDF814800993089403978046A5E6074624
:10E3300060463EE6079802990FAAFFF7D9F9002830
:10E340003FF472AE72E6089D99F801202B6843EA0B
:10E35000E3782B1DA1460893FFF774BA8DF83700B8
:10E360001BE58DF83700B7E58DF837002AE58DF805
:10E370003700FFF7EEBB8DF83700FFF74EBB8DF887
:10E380003700FFF7C0BB00BFE85803002DE9F0419C
:10E390000C46ADF58D6D8989666EE589199621F07B
:10E3A00002010646E069ADF80C1017464FF4806193
:10E3B000626AADF80E5098461AAD0023079016A871
:10E3C000099206930095049502910591FCF732FE9F
:10E3D00043463A4669463046FFF7C6F9051E07DB55
:10E3E00030466946FBF7B4FF002818BF4FF0FF35F1
:10E3F000BDF80C305B0603D5A38943F04003A3812D
:10E400001698FCF719FE28460DF58D6DBDE8F081D4
:10E4100070B5141E9AB005462CDB1A464FF40273F1
:10E4200000910491ADF80C3013D0013C4FF6FF760B
:10E430001E9B029469460594ADF80E60FDF728FF17
:10E44000421C01DA8B232B60009B00221A701AB049
:10E4500070BD1E9B02944FF6FF7669460594ADF899
:10E460000E60FDF715FF431C01DB1AB070BD8B2356
:10E470002B60FAE78B2303604FF0FF30F5E700BF16
:10E4800010B582B0054C0093246813460A46014635
:10E490002046FFF7BDFF02B010BD00BF40060020C0
:10E4A000F8B50D461446064610B1836B002B43D0D9
:10E4B000B4F90C20A369A36091B208071BD52369A6
:10E4C000CBB1EDB289042F4622D522686169D31AF7
:10E4D000994229DD0133A168501C0139A1602060F7
:10E4E000157062699A422AD0A389DB0701D50A2DEB
:10E4F00025D03846F8BD2146304600F04DF820BB07
:10E50000B4F90C20236991B2EDB289042F46DCD412
:10E51000616E42F4005221F40051A28122686166CA
:10E520006169D31A9942D5DC21463046FBF710FFCA
:10E5300058B922680123CEE7FBF790FFB8E72146E0
:10E540003046FBF705FF0028D3D04FF0FF37D0E768
:10E5500021B1FF2A04D80A7001207047084670478D
:10E560008A2303604FF0FF30704700BF70B50D463F
:10E57000084C114606461A46284600232360EFF74A
:10E580007FFE431C00D070BD2368002BFBD033609E
:10E5900070BD00BFD8B9002038B5314B1B680546A7
:10E5A0000C4613B19A6B002A3AD0B4F90C2093B2FE
:10E5B00018070CD52069A8B113F0010220D06369B7
:10E5C00000225B42A361A26000B3002038BDD906DF
:10E5D0003ED5580728D4206942F00803A3819BB296
:10E5E0000028E9D103F42072B2F5007FE4D0284678
:10E5F0002146FCF755FDA389206913F00102DED105
:10E60000990758BF6269A2600028DED1B4F90C30C6
:10E610001A06DBD543F04003A3814FF0FF3038BD2D
:10E620001846FBF71BFFC0E7216B51B104F1400313
:10E63000994204D02846EFF719F9B4F90C200023C9
:10E64000236300232069636022F024022060C3E773
:10E6500042F0400209232B604FF0FF30A28138BD09
:10E660004006002038B5074C0023054608462360C5
:10E67000EFF7A2FD431C00D038BD2368002BFBD070
:10E680002B6038BDD8B900202DE9F04F03690F6920
:10E69000BB4283B0C0F28680013F01F1140900F152
:10E6A000140A59F827205AF82730BC000132B3FB6E
:10E6B000F2F80AEB0403009409EB040B0193B8F1A0
:10E6C000000F38D000252E46CE46D4465EF8044BC7
:10E6D000DCF80030A2B208FB0255220C2C0C08FB1F
:10E6E0000242ADB2751B96B2C6EB134615FA83F320
:10E6F00006EB23469BB243EA0643F3454FEA124535
:10E700004CF8043B4FEA2646E0D2009B5AF803300F
:10E710008BB9019A131F9A450CD252F8043C4BB99D
:10E72000A2F1080302E01A68043B1AB99A4507F1FE
:10E73000FF37F8D30761044601F038FA00282DDBD3
:10E7400008F101085546002359F8041B28688AB2CD
:10E750009A1A0B0C12FA80F2C3EB104303EB22431C
:10E7600092B242EA0342CB4545F8042B4FEA2343D9
:10E77000EAD25AF827200AEB87037AB91A1F924582
:10E780000BD253F8042C42B9083B02E01A68043B50
:10E790001AB99A4507F1FF37F8D32761404603B00D
:10E7A000BDE8F08F002003B0BDE8F08F000000004E
:10E7B0002DE9F04F016C97B014461D468346CDE914
:10E7C000024549B1426C4A60012393408B6000F0DE
:10E7D000FDFF0023CBF840302E1E239AB4BF012347
:10E7E00000231360784BBCBF26F000460396B3436A
:10E7F00000F0A880DDE90289002200234046494656
:10E80000F7F750FC054678B1229A01231360249B48
:10E81000002B00F0C4806D4B249A1360013B0493DD
:10E82000049817B0BDE8F08F14AA15ABCDE90032FB
:10E83000584642464B4601F04BFA340D824640F0B2
:10E84000A380DDE914542C4404F23243202B40F31E
:10E850001384C3F140039E40029B04F2124023FA4A
:10E8600000F03043F7F73CF901238046013CA1F169
:10E87000F87912930022564B40464946F6F7F2FFCC
:10E880004BA3D3E90023F7F7A5F94BA3D3E9002362
:10E89000F6F7EAFF064620460F46F7F731F948A398
:10E8A000D3E90023F7F796F902460B46304639467E
:10E8B000F6F7DAFF06460F4601F020FB002205902E
:10E8C000002330463946F7F7F7FB002840F06C820A
:10E8D000059E162E00F25D823E4B03EBC603D3E984
:10E8E0000001DDE90223F7F705FC002800F0C083F2
:10E8F000731E059300230A932C1B059BB4F101089A
:10E9000046BFC4F101094FF000084FF00009002B89
:10E91000C0F242829844099300230893209B092B5C
:10E9200060D8052B40F3A683043B20930025209B51
:10E93000023B032B00F28984DFE813F0C503A50333
:10E94000CF03E604229A42F20F731360029B7BB955
:10E95000C6F3130666B9249B002B00F00E861E4BEF
:10E9600004930833249A0498136017B0BDE8F08F1D
:10E97000249B2BB9194B0493049817B0BDE8F08F72
:10E98000164B04930333EDE7C9F3130343F07F59A8
:10E990001295A4F2FF3449F44019149D6AE7104B14
:10E9A0000493049817B0BDE8F08F00BFAFF3008068
:10E9B00061436F63A787D23FB3C8608B288AC63F85
:10E9C000FB799F501344D33F0000F07FF1580300C0
:10E9D0000000F83F70590300345903004059030008
:10E9E000F05803004FF0FF340125CDE90645002320
:10E9F000209321930021CBF844100B94584600F04B
:10EA0000BFFE0E2C0490CBF8400000F2F780002DE2
:10EA100000F0F4809DED027B059900298DED0C7BC3
:10EA200040F3D183C14B01F00F0203EBC20393ED1E
:10EA3000007B0C11E3068DED027B40F18684BC4B1C
:10EA4000DDE90C01D3E90823F7F7EEF9CDE90E0172
:10EA500004F00F0403267CB1DDE90201B44DE707A1
:10EA600004D5D5E90023F7F7B5F80136641005F1B0
:10EA70000805F4D1CDE90201DDE90223DDE90E014B
:10EA8000F7F7D2F9CDE902010A9B43B10022A94B65
:10EA9000DDE90201F7F710FB002840F0E984304679
:10EAA000F7F72EF8DDE90223F7F794F8A24B0022DE
:10EAB000F6F7DAFE069B0646A1F15077002B00F030
:10EAC0000884059B1393069B0E93DDE9020101F078
:10EAD00015FA0E9A954B03EBC20313ED027B00F17E
:10EAE00030058DED107BF7F70BF802460B46DDE99C
:10EAF0000201CDE90267F6F7B5FE049B06460798CA
:10EB00005C1CEDB20F46DDE91023002800F04384C1
:10EB100000208A49F7F788F9DDE90223F6F7A2FE1B
:10EB2000049A3B4615703246CDE90201F7F7E2FA46
:10EB3000002840F0ED8432463B4600207D49F6F740
:10EB400091FE02460B46DDE90201F7F7D3FA0028F1
:10EB500040F0E3840E9901294CD0049ACDF8389006
:10EB60001144CDF84080DDE90289CDF808A08A463D
:10EB70000CE000206F49F6F775FE42464B46F7F76A
:10EB80009BFA002840F0C78454452DD040464946A2
:10EB900000226B4BF7F71EF80022694B804689462E
:10EBA00030463946F7F716F80F46064601F0A6F943
:10EBB0000546F6F7A5FF02460B4630463946F6F7FE
:10EBC00051FE3035EDB242464B4604F8015B064635
:10EBD0000F46F7F771FA32463B460028C9D0139B1F
:10EBE000DDF808A0059317E2DDF83890DDF84080E5
:10EBF000DDF808A0DDE90C34CDE90234159B002BCB
:10EC0000C0F2AD80059A0E2A00F3A980474B03EBB2
:10EC1000C203D3E90089219B002BC0F2B182DDE958
:10EC2000026742464B4630463946F7F7FDF801F099
:10EC300065F90546F6F764FF42464B46F6F7CAFF0C
:10EC400002460B4630463946F6F70CFE049A05F1AB
:10EC500030031370069B012B06460F4602F1010498
:10EC600046D00022364BF6F7B5FF002200230646B9
:10EC70000F46F7F717FA002840F0CE81CDF808A02C
:10EC8000DDF818A0CDF818B0DDF810B00AE0F6F7FE
:10EC9000A1FF0022002306460F46F7F703FA0028DB
:10ECA00040F03C8342464B4630463946F7F7BCF8C5
:10ECB00001F024F90546F6F723FF42464B46F6F7E6
:10ECC00089FF02460B4630463946F6F7CBFD05F183
:10ECD000300C04F801CBA4EB0B0CE24506460F46C2
:10ECE0004FF00002164BD2D1DDF808A0DDF818B0C5
:10ECF00032463B4630463946F6F7B6FD42464B466D
:10ED000006460F46F7F7F6F958B942464B463046E5
:10ED10003946F7F7C7F9002800F07E81EB0740F18C
:10ED20007B8114F8015C049A12E000BF7059030063
:10ED3000485903000000F03F00001C400000E03F85
:10ED4000000024409A4200F01C8313F8015C1C462A
:10ED5000392D04F1FF33F5D001351D705CE1079AC0
:10ED600092B3209A012A40F30082069B5F1E089B03
:10ED7000BB42C0F2D882DF1B069B002BC0F2F78299
:10ED80004C46984499440121584600F0B9FD054687
:10ED90001DE001230A93AFE5059BA9EB03095B4244
:10EDA000089300230993B9E5DDF814804046F6F78F
:10EDB000A7FE32463B46F7F775F900287FF488AD89
:10EDC00008F1FF33059383E5089F079D4C46002C0F
:10EDD0000BDDB8F1000F08DD44452346A8BF4346CC
:10EDE000A9EB0309E41AA8EB0308089B6BB1079A87
:10EDF000002A00F08C82DE1B002F40F08C815146EF
:10EE00003246584600F02CFE82460121584600F05A
:10EE100077FD099A0646002A40F01681209B012BB7
:10EE200040F35E810120404410F01F0000F0078194
:10EE3000C0F12003042B40F3A483C0F11C008144E3
:10EE400004448044B9F1000F05DD51464A46584656
:10EE500000F056FE8246B8F1000F05DD314642460D
:10EE6000584600F04DFE06460A9B002B73D1069BC8
:10EE7000002B40F30782079B002B00F08580002CBD
:10EE800000F35E81099B002B40F0C681A846029AE0
:10EE9000049F02F001020992069A7B1E1A4407920F
:10EEA00031465046FFF7F0FB294681460890504610
:10EEB00000F07CFE314602904246584600F092FE39
:10EEC000C368044609F130090146002B40F0D581A2
:10EED000504600F06BFE21460690584600F076FC46
:10EEE000069B33B9209A22B9099B002B00F01983A5
:10EEF000209B029A002AC0F21E8205D1209A1AB9DC
:10EF0000099A002A00F01782002B07F1010400F390
:10EF10002382079B87F80090BB4200F02C82514669
:10EF200000230A22584600F05BFC454582462946EC
:10EF30004FF000034FF00A02584600F0988100F0AD
:10EF40004FFC4146054600230A22584600F048FC83
:10EF500027468046A4E73146504600F027FE0028A9
:10EF600085DA059F514600230A225846013F05973E
:10EF700000F036FC079B8246002B40F0E2820B9BA0
:10EF8000002B40F3EA820693DDF81080069F44468A
:10EF900002E000F025FC824631465046FFF774FB44
:10EFA00000F1300904F8019BA4EB08039F424FF0E5
:10EFB0000A024FF0000351465846EADC0023029350
:10EFC00051460122584600F09BFD3146824600F032
:10EFD000EDFD002814F8012C40F3B980049905E0F8
:10EFE000994200F05C8113F8012C1C46392A04F187
:10EFF000FF33F5D001321A703146584600F0E6FB77
:10F0000055B1029921B1A94202D0584600F0DEFB69
:10F010002946584600F0DAFB5146584600F0D6FB28
:10F020000022059B2270229A01331360249B002B3F
:10F030003FF4F6AB04981C6017B0BDE8F08F1C20BD
:10F04000814404448044FDE60146584600F008FD32
:10F05000209B012B064640F3F3800023099333697C
:10F0600006EB8303186900F0FBFBC0F12000DAE631
:10F070000A9041E401255AE4C3F12006029B03FAF9
:10F0800006F0FFF7EFBB00230793059B219A13447B
:10F090000B930133012B1E460693B8BF01260021B6
:10F0A000172ECBF84410069C7FF7A8AC012204234E
:10F0B0005B0003F11400B042114602F10102F7D9DE
:10F0C000CBF844109AE400230793219B002B40F3D4
:10F0D000ED800B9306931E46E1E701230793F4E7C7
:10F0E000029B002B7FF49EAEDDE90212C2F31303F4
:10F0F000002B40F0998122F000431B0D1B0523B12A
:10F1000009F1010908F101080123099A0993002A6C
:10F110003FF488AEA3E73A462946584600F0A0FCE3
:10F12000524601460546584600F0F4FB5146074654
:10F13000584600F04BFBBA46002E3FF466AE5EE642
:10F1400029462246584600F0DBFC05469AE607D1E0
:10F1500019F0010F7FF442AF02E014F8022C1C46B4
:10F16000302A04F1FF33F8D046E7129A002A00F063
:10F17000538103F233434C4698449944089F02E676
:10F18000069B002B3FF74BAD40F0BB800022B24BFB
:10F1900040464946F6F71EFDDDE90223F6F7A0FFDB
:10F1A000069E3546002875D1059A01320592049ACB
:10F1B00031231370541C3146584600F007FB002DD4
:10F1C0007FF426AF28E700F03F81059B5C42A34B0C
:10F1D00004F00F0203EBC203D3E90023DDE90C01C5
:10F1E000F6F7F8FC2411CDE9020100F0BB819C4D3B
:10F1F00000230226E20705D5D5E90023F6F7EAFC4D
:10F2000001360123641005F10805F3D1002B3FF40A
:10F210003BACCDE9020137E46968584600F0B0FA2A
:10F220002B6902339A00044605F10C010C30FCF7FF
:10F23000D1FA21460122584600F062FC804626E6BB
:10F24000029B002B3FF450AF07E70024CBF844406B
:10F250002146584600F094FA4FF0FF330B93069383
:10F26000012304902194CBF840000793C6E400F0FA
:10F27000B7FA27460546804612E6584600F0A6FA39
:10F28000012336E6209B022B7FF7F5AD069B002B72
:10F2900000F0CC80219B049CDB4305938BE7059A0F
:10F2A00001320592049A31231370A5E601242194BA
:10F2B0000694FFF79FBB3046F6F722FCDDE90223F8
:10F2C000F6F788FC0022674BF6F7CEFA0646A1F166
:10F2D00050770022604BDDE90201F6F7C3FA3246AF
:10F2E0003B4604460D46F6F705FF002846D1324658
:10F2F00007F1004320462946F6F7DEFE00283FF4DA
:10F3000079AC00263546C5E701230793BDE6514693
:10F31000089A584600F0A4FB824676E5DDF808A07E
:10F32000DDF818B078E6089B099AFB1A1A44CDE973
:10F330000872002720E5002B07F1010400F3BC80D0
:10F34000029587F80090454656E69DED0C7B022617
:10F350008DED0E7BFFF77FBBB9F1390F00F0BE805A
:10F3600009F10109029587F80090454644E6069B9D
:10F37000A9EB030407E50295454621E6002635463C
:10F3800012E7049A30231370059B14F8015C0133D3
:10F3900005931346E0E4DDE90201F6F71BFC049B4C
:10F3A0001D700E9B012BCDE9020123D00E9B049A08
:10F3B000CDF838901344C146984600222A4B304677
:10F3C0003946F6F707FC0F46064600F097FD05465E
:10F3D000F6F796FB303502460B4630463946F6F7CF
:10F3E00041FA04F8015B444506460F46E5D1C8469C
:10F3F000DDF838901D4B0022DDE90201F6F734FA02
:10F4000032463B46F6F758FE00286DD0139B059315
:10F4100014F8015C049A9BE4149B089FC3F1360323
:10F420004C4698449944AEE400236EE631460522EA
:10F43000584600F0D5F901460646504600F0B6FBA6
:10F4400000283FF7B1AE25E79DED0C7B02268DED40
:10F45000027BFFF719BB00BF000014407059030086
:10F460004859030000001C40000024400000E03F19
:10F47000069B002B3FF41FAF0B9C002C7FF7BAAB11
:10F480000022424BDDE90201F6F7A4FBCDE90201BF
:10F49000701CF6F735FBDDE90223F6F79BFB3C4BCE
:10F4A0000022F6F7E1F9059B0E94013B0646A1F117
:10F4B00050771393FFF709BB51460122584600F0DD
:10F4C0001FFB3146824600F071FB002832DDB9F1A6
:10F4D000390F03D0089B03F1310931E73922029536
:10F4E0003A704546049981E5DDE902230020294967
:10F4F000F6F7B8F932463B46F6F7FCFD10B9FFF7D0
:10F5000079BB144614F8013C302B04F1FF32F8D0DB
:10F51000139B059380E5DDF808A0139B0593049ADF
:10F5200016E4B9F1390F07F10104D7D0029B002B83
:10F53000D0DC05E77FF404AF19F0010F3FF400AF12
:10F54000C5E7294600230A22584600F049F90B9BDB
:10F55000002B054609DD069391E4209B022B09DC74
:10F560000B9B10E50226FFF78FBA209B022B01DCD4
:10F570000B9BF0E70B9B069388E6074B0493FFF782
:10F580004FB93FF45FACC0F13C0059E500002440A6
:10F5900000001C400000E03F345903000B78722B40
:10F5A00030B431D0772B2AD0612B04D016230360DE
:10F5B00030BC002070474FF4027501244FF4847072
:10F5C00011F8013F8BB1622B16D0782B11D02B2B69
:10F5D000F6D111F8013F20F01C0024F0030440F0A4
:10F5E000100044F00204002BEDD12C43146030BC19
:10F5F000704744F40064E3E744F48034E0E74FF4F8
:10F60000C06501240820DBE700252C460420D7E74D
:10F610002DE9F04782B0814688461446FBF7FCFC92
:10F62000012803D108F1FF33FE2B33D9424604F100
:10F630005C0301A9484600F039FC421C06462FD065
:10F6400020B39DF804C000250DF1040A09E02368E9
:10F650005A1C226083F800C00135B54216D215F855
:10F660000AC0A368013B002BA360F0DAA769BB4284
:10F6700061462246484602DBBCF10A0FE7D1FEF79D
:10F680000FFF431CE8D102B0BDE8F087404602B04E
:10F69000BDE8F0875FFA88FC06468DF804C0D2E723
:10F6A000A38943F04003A38102B0BDE8F08700BF07
:10F6B00030B50546506EB2F90C30C007144683B021
:10F6C0009AB201D490051CD5900406D4626E43F41E
:10F6D000005342F40052A381626628462246FFF797
:10F6E00097FF636EDA07054602D4A3899B0502D50E
:10F6F000284603B030BDA06DFBF7A2FC284603B03E
:10F7000030BDA06D0191FBF799FCB4F90C30019963
:10F710009AB2D9E738B5074C00230546084623605E
:10F72000EEF71CFE431C00D038BD2368002BFBD035
:10F730002B6038BDD8B90020044A054B1268506BC5
:10F74000002808BF1846F030704700BF4006002070
:10F75000700A002070B50D46084C114606461A4640
:10F76000284600232360EEF760FE431C00D070BDE6
:10F770002368002BFBD0336070BD00BFD8B90020D8
:10F78000C36C70B505460C464BB153F8240080B1EC
:10F79000026843F824200023C0E9033370BD21220E
:10F7A0000421EDF7CDFF0346E8640028EDD10020E9
:10F7B00070BD012101FA04F6721D28469200EDF792
:10F7C000BFFF0028F3D0C0E90146E4E731B1C36CC4
:10F7D0004A6853F82200086043F82210704700BFBF
:10F7E000F0B50C6983B00D46064601F1140C0027F4
:10F7F000DCF8000081B202FB0133010C180C02FBA3
:10F8000001019BB2013703EB0143BC424CF8043BBE
:10F810004FEA1143ECDC3BB1AA68A24207DD05EBDD
:10F820008402013453612C61284603B0F0BD69683D
:10F83000019301313046FFF7A3FF2A69023205F137
:10F840000C01074692000C30FBF7C4FFF26C6968AC
:10F85000019B52F82100286042F821503D46DEE726
:10F86000020C12040346C2B90304102013F07F4FA8
:10F8700004BF1B02083013F0704F04BF1B0104309B
:10F8800013F0404F04BF9B000230002B04DB5B00F1
:10F8900001D501307047202070470020E6E700BF07
:10F8A000036813F00702014607D0DA071FD4980750
:10F8B0001FD55B080B600120704798B2A0B11046BD
:10F8C00013F0FF0F04BF1B0A08301A0704BF1B09FF
:10F8D00004309A0704BF9B080230DA0702D45B08A1
:10F8E0000BD001300B6070471B0C1020E8E70020A4
:10F8F00070479B080B60022070472020704700BFB4
:10F9000010B50C460121FFF73BFF0122C0E904249A
:10F9100010BD00BF2DE9F04F0E691469A64283B0F7
:10F920000F46154604DA32462F4626460D46144643
:10F93000D7E9011306EB04084345B8BF0131FFF7CF
:10F940001FFF00F1140909EB880EF145009005D264
:10F950004B46002243F8042B9E45FBD805F1140AC0
:10F960000AEB840407F11403A24503EB860C61D271
:10F97000641B153C24F00304CDF804E0A24405F117
:10F9800010029E4605E02D0C2BD1924509F1040989
:10F990004ED052F8045F1FFA85FBBBF1000FF2D086
:10F9A00077464E46002000E0264657F8041B346890
:10F9B0008BB2A5B2090C240C0BFB035303440BFBC5
:10F9C000014000EB134034469BB243EA0043BC4580
:10F9D0004FEA104044F8043BE6D8706015682D0CDF
:10F9E000D3D0D9F8003076461846CB46002100E047
:10F9F000A3463488000C05FB040001449BB25C461E
:10FA000043EA014344F8043B56F8043BDBF80400A6
:10FA10001B0C87B205FB037303EB1143B4454FEA9C
:10FA20001341E5D89245CBF8043009F10409B0D16F
:10FA3000DDF804E0B8F1000F0BDD5EF8043CAEF138
:10FA4000040E1BB105E05EF8043D13B9B8F10108DE
:10FA5000F9D10098C0F8108003B0BDE8F08F00BF66
:10FA600012F003032DE9F041144607462ED10D464E
:10FA7000A4101CD0BE6C96B3E3074FF0000806D468
:10FA8000641014D03068A8B10646E307F8D53246B2
:10FA900029463846FFF73EFFB5B16A68FB6C641033
:10FAA00053F82210296043F822500546EAD128462F
:10FAB000BDE8F081324631463846FFF72BFF306013
:10FAC000C0F800800646E0E70546D9E7013B0B4A4F
:10FAD00052F823200023FFF783FE0546C8E70121E3
:10FAE0003846FFF74DFE40F27123436101220023A7
:10FAF00002610646B8640360BEE700BF385A0300DF
:10FB00002DE9F04791460A690E464FEA6914D1E99A
:10FB1000011304EB020808F101059D42074604DDCC
:10FB20005B009D4201F10101FADC3846FFF728FE37
:10FB3000002C00F1140337DD03EB8401002243F8AD
:10FB4000042B8B42FBD1346906F1140319F01F0911
:10FB500003EB840C20D0C9F1200E002200E05146B6
:10FB60001C688A4604FA09F414434AF8044B53F813
:10FB7000042B634522FA0EF2F1D34A600AB108F170
:10FB80000205FB6C7268013D53F82210056131607B
:10FB900043F82260BDE8F087043953F8042B41F89C
:10FBA000042F9C45F9D8ECE71946CCE730B40B6933
:10FBB00005460069C01A0FD19B0014351431194451
:10FBC0002B4401E09D4207D253F8044D51F8042D17
:10FBD0009442F7D002D3012030BC70474FF0FF3081
:10FBE000FAE700BF2DE9F04113690D69ED1A002D08
:10FBF0000E46904601F1140402F1140714D19B0043
:10FC0000E2183B4401E0A24259D952F804CD53F81E
:10FC1000041D8C45F7D009D2224633463C46464661
:10FC200017469846012501E0F6DB00257168FFF7CD
:10FC3000A7FDD8F810303669C56007EB830EBC46C7
:10FC400000F1140504EB860700235CF8041B54F84C
:10FC5000048B8AB213FA88F3090C9A1AC1EB184381
:10FC600003EB224392B242EA0342E64545F8042BF5
:10FC70004FEA2343E9D8A74217D9AE46A4465CF819
:10FC8000042B13FA82F3191401EB12419BB243EADD
:10FC9000014267454EF8042B4FEA2143EFD8E44375
:10FCA000274427F0030704373D44043D22B955F8A3
:10FCB000043D013E002BFAD00661BDE8F081002131
:10FCC000FFF75EFD01220023C0E90423BDE8F081B7
:10FCD0002DE9F04383B001211F4616460A9DFFF728
:10FCE0004FFDC7F30A548146C7F313030CB143F425
:10FCF0008013002E019323D002A840F8086DFFF76F
:10FD0000CFFD002835D1DDE90023C9F81420002BF0
:10FD10000CBF01210221C9F81830C9F81010DCB954
:10FD200009EB8103A0F2324028601869FFF798FDC3
:10FD30000B9BC0EB41101860484603B0BDE8F08350
:10FD400001A8FFF7ADFD019BC9F814300121203057
:10FD5000C9F81010002CE3D0A4F2334808EB0003DC
:10FD60002B600B9BC0F135001860484603B0BDE81E
:10FD7000F083DDE90013C0F1200203FA02F20A4326
:10FD8000C3400193C9F81420C1E700BF70B50D4608
:10FD9000084C114606461A46284600232360EEF713
:10FDA000DFFA431C00D070BD2368002BFBD033600A
:10FDB00070BD00BFD8B900202DE9F04F936883B023
:10FDC0009046002B6CD017688D6882460C460868F8
:10FDD000083742E0A38913F4906F2DD0D4E90415BD
:10FDE00005EB4505A0EB010B05EBD575701C6D10FF
:10FDF0005844A8422A4684BF05462A465B0536D5A4
:10FE000011465046EDF7F0FC00283AD05A462169D9
:10FE10000190FBF7DFFCA289019B22F4906242F083
:10FE20008002A281A5EB0B0203EB0B00656123614D
:10FE30002060A2603546B3465A464946FBF764FD4A
:10FE4000D8F80830A2682068551B58449E1BA5604E
:10FE50002060C8F808601EB3083757E90296AB4621
:10FE6000002EF9D0AE42B5D23546B346E4E750464F
:10FE7000EDF74AFC03460028D4D121695046EDF73E
:10FE8000F5FC0C23CAF80030A389002243F040039C
:10FE90004FF0FF30A381C8E9012203B0BDE8F08F25
:10FEA0000020C8F8040003B0BDE8F08FF0B5114C95
:10FEB000246885B00646646B1F4651B10E4D002C78
:10FEC00008BF2C46D4F8E040A047431C0CD005B036
:10FED000F0BD094A002C08BF14460A46D4F8E04099
:10FEE00001A9A047431CF2D100228A233A60336063
:10FEF00005B0F0BD40060020700A00204FEA410224
:10FF000012F5001215D211D56FF47873B3EB62526B
:10FF100012D94FEAC12343F0004343EA505311F092
:10FF2000004F23FA02F018BF404270474FF0000024
:10FF3000704750EA013005D111F0004008BF6FF062
:10FF4000004070474FF00000704700BF024B58223E
:10FF50001A604FF0FF307047D8B90020024B58228A
:10FF60001A604FF0FF307047D8B90020F8B500BFD5
:10FF7000F8BC08BC9E467047F8B500BFF8BC08BC8A
:10FF80009E467047AF030100E1010100B501010089
:10FF90004E1BC841A471F242000000006474203D71
:10FFA0002000FAFF20005B544953525D2000466157
:10FFB000696C656420746F20696E697469616C692D
:10FFC0007A6520494D552100436F6E6E656374203C
:10FFD000746F20494D55004661696C656420746FEB
:10FFE00020696E697469616C697A65204241524F7B
:10FFF0002100436F6E6E65637420746F204241521E
:020000040003F7
:100000004F00496E697469616C697A652043504696
:10001000004E5246353254696D6572496E74657290
:10002000727570743A204552524F523A204E6567AD
:100030006174697665206F7220546F6F20686967FC
:1000400068206672657175656E63792E204D7573D3
:1000500074206265203C3D0043616E277420736507
:1000600074204954696D65722E2053656C65637404
:1000700020616E6F7468657220667265712E206FE4
:10008000722074696D6572005374617274206D65BD
:1000900061737572696E672E2E2E0028286D5F724F
:1000A0006F772B6D5F63757272656E74426C6F63F0
:1000B0006B526F777329203D3D206D5F7870722EF3
:1000C000726F77732829207C7C206D5F7870722E88
:1000D000636F6C732829203D3D203029202626207F
:1000E0006D5F636F6C203D3D206D5F7870722E6395
:1000F0006F6C7328292026262022546F6F20666596
:100100007720636F656666696369656E74732070D6
:10011000617373656420746F20636F6D6D61206916
:100120006E697469616C697A657220286F70657296
:1001300061746F723C3C292200436F6E7374616E70
:10014000742073686F756C64206265747765656E82
:1001500020203120616E64203130302E00696E64C1
:100160006578203E3D203020262620696E64657823
:10017000203C2073697A65282900433A5C557365F1
:1001800072735C68656D72685C446F63756D656EF3
:1001900074735C41726475696E6F5C6C69627261E4
:1001A000726965735C456967656E2F417264756934
:1001B0006E6F456967656E2F456967656E2F73724F
:1001C000632F436F72652F44656E7365436F656679
:1001D0006673426173652E68006D5F726F773C6D68
:1001E0005F7870722E726F7773282920262620225E
:1001F000546F6F206D616E7920726F77732070611C
:100200007373656420746F20636F6D6D6120696E18
:10021000697469616C697A657220286F70657261B2
:10022000746F723C3C2922006D5F636F6C3C6D5FA4
:100230007870722E636F6C73282920262620225432
:100240006F6F206D616E7920636F656666696369A3
:10025000656E74732070617373656420746F2063BE
:100260006F6D6D6120696E697469616C697A657220
:1002700020286F70657261746F723C3C2922006D9A
:100280005F63757272656E74426C6F636B526F77E9
:10029000733D3D31006D5F726F772B6D5F637572DB
:1002A00072656E74426C6F636B526F77733C3D6D19
:1002B0005F7870722E726F7773282920262620228D
:1002C000546F6F206D616E7920726F77732070614B
:1002D0007373656420746F20636F6D6D6120696E48
:1002E000697469616C697A657220286F70657261E2
:1002F000746F723C3C292200433A5C5573657273FB
:100300005C68656D72685C446F63756D656E74736F
:100310005C41726475696E6F5C6C6962726172696E
:1003200065735C456967656E2F41726475696E6FB0
:10033000456967656E2F456967656E2F7372632F18
:10034000436F72652F436F6D6D61496E69746961AA
:100350006C697A65722E6800286D5F636F6C202B64
:10036000206F746865722E636F6C732829203C3D82
:10037000206D5F7870722E636F6C73282929202698
:10038000262022546F6F206D616E7920636F656641
:1003900066696369656E7473207061737365642048
:1003A000746F20636F6D6D6120696E697469616C33
:1003B000697A657220286F70657261746F723C3C57
:1003C0002922006D5F63757272656E74426C6F6393
:1003D0006B526F77733D3D6F746865722E726F77E5
:1003E000732829007374617274526F77203E3D2028
:1003F0003020262620626C6F636B526F7773203E2D
:100400003D2030202626207374617274526F77204D
:100410003C3D207870722E726F77732829202D2032
:10042000626C6F636B526F77732026262073746142
:100430007274436F6C203E3D203020262620626C73
:100440006F636B436F6C73203E3D20302026262067
:100450007374617274436F6C203C3D207870722E0F
:10046000636F6C732829202D20626C6F636B436F60
:100470006C7300433A5C55736572735C68656D72AA
:10048000685C446F63756D656E74735C417264750E
:10049000696E6F5C6C69627261726965735C4569F3
:1004A00067656E2F41726475696E6F456967656E29
:1004B0002F456967656E2F7372632F436F72652FC7
:1004C000426C6F636B2E680028693E3D3029202600
:1004D000262028202828426C6F636B526F77733D6B
:1004E0003D31292026262028426C6F636B436F6CB8
:1004F000733D3D587072547970653A3A436F6C732E
:100500004174436F6D70696C6554696D652920266F
:100510002620693C7870722E726F77732829292003
:100520007C7C2828426C6F636B526F77733D3D581B
:100530007072547970653A3A526F77734174436FB1
:100540006D70696C6554696D6529202626202842E6
:100550006C6F636B436F6C733D3D31292026262001
:10056000693C7870722E636F6C73282929290028E2
:10057000696E7465726E616C3A3A55496E74507466
:100580007228656967656E5F756E616C69676E6517
:10059000645F61727261795F6173736572745F77B2
:1005A0006F726B61726F756E645F67636334372857
:1005B0006172726179292920262028313529292064
:1005C0003D3D203020262620227468697320617307
:1005D00073657274696F6E206973206578706C61E1
:1005E000696E656420686572653A2022202268740D
:1005F00074703A2F2F656967656E2E747578666121
:100600006D696C792E6F72672F646F782D646576D3
:10061000656C2F67726F75705F5F546F706963559B
:100620006E616C69676E6564417272617941737362
:100630006572742E68746D6C222022202A2A2A2A60
:1006400020524541442054484953205745422050A8
:1006500041474520212121202A2A2A2A2200433AE3
:100660005C55736572735C68656D72685C446F633A
:10067000756D656E74735C41726475696E6F5C6CE8
:1006800069627261726965735C456967656E2F4165
:10069000726475696E6F456967656E2F4569676538
:1006A0006E2F7372632F436F72652F44656E73658F
:1006B00053746F726167652E6800456967656E3AAD
:1006C0003A44656E7365436F656666734261736530
:1006D0003C446572697665642C20313E3A3A536336
:1006E000616C61722620456967656E3A3A44656EB1
:1006F0007365436F65666673426173653C446572FA
:10070000697665642C20313E3A3A6F706572617487
:100710006F725B5D28456967656E3A3A496E64653C
:100720007829205B7769746820446572697665640E
:10073000203D20456967656E3A3A4D61747269786B
:100740003C666C6F61742C20322C20313E3B20457E
:100750006967656E3A3A44656E7365436F656666B0
:1007600073426173653C446572697665642C20311F
:100770003E3A3A5363616C6172203D20666C6F6152
:10078000743B20456967656E3A3A496E6465782026
:100790003D20696E745D0058707254797065262032
:1007A000456967656E3A3A436F6D6D61496E69746C
:1007B00069616C697A65723C4D61747269785479CB
:1007C00070653E3A3A66696E6973686564282920E7
:1007D0005B776974682058707254797065203D2089
:1007E000456967656E3A3A4D61747269783C666C2A
:1007F0006F61742C20332C20333E5D0045696765A2
:100800006E3A3A436F6D6D61496E697469616C69E6
:100810007A65723C4D6174726978547970653E26D0
:1008200020456967656E3A3A436F6D6D61496E693F
:100830007469616C697A65723C4D6174726978544F
:100840007970653E3A3A6F70657261746F722C28E8
:10085000636F6E7374205363616C61722629205B31
:10086000776974682058707254797065203D20450E
:100870006967656E3A3A4D61747269783C666C6F6F
:1008800061742C20332C20333E3B20456967656E14
:100890003A3A436F6D6D61496E697469616C697A4A
:1008A00065723C4D6174726978547970653E3A3A6C
:1008B0005363616C6172203D20666C6F61745D00F2
:1008C000456967656E3A3A426C6F636B3C5870726B
:1008D000547970652C20426C6F636B526F77732C68
:1008E00020426C6F636B436F6C732C20496E6E6596
:1008F0007250616E656C3E3A3A426C6F636B285879
:10090000707254797065262C20456967656E3A3A95
:10091000496E64657829205B776974682058707225
:1009200054797065203D20636F6E7374204569674C
:10093000656E3A3A5472616E73706F73653C4569C7
:1009400067656E3A3A4D61747269783C666C6F61A6
:10095000742C20332C20333E203E3B20696E7420C3
:10096000426C6F636B526F7773203D20313B20697F
:100970006E7420426C6F636B436F6C73203D203349
:100980003B20626F6F6C20496E6E657250616E65C0
:100990006C203D20747275653B20456967656E3A31
:1009A0003A496E646578203D20696E745D00456942
:1009B00067656E3A3A696E7465726E616C3A3A7048
:1009C0006C61696E5F61727261793C542C2053696D
:1009D0007A652C204D61747269784F724172726130
:1009E000794F7074696F6E732C2031363E3A3A70CD
:1009F0006C61696E5F61727261792829205B776929
:100A000074682054203D20666C6F61743B20696ED1
:100A1000742053697A65203D20343B20696E742030
:100A20004D61747269784F7241727261794F70745E
:100A3000696F6E73203D20305D005870725479707C
:100A4000652620456967656E3A3A436F6D6D614969
:100A50006E697469616C697A65723C4D6174726922
:100A600078547970653E3A3A66696E697368656470
:100A70002829205B776974682058707254797065F2
:100A8000203D20456967656E3A3A4D617472697818
:100A90003C666C6F61742C20332C20333E5D004526
:100AA0006967656E3A3A426C6F636B3C587072547A
:100AB0007970652C20426C6F636B526F77732C20BA
:100AC000426C6F636B436F6C732C20496E6E657262
:100AD00050616E656C3E3A3A426C6F636B28587099
:100AE0007254797065262C20456967656E3A3A49DB
:100AF0006E64657829205B77697468205870725439
:100B0000797065203D20636F6E7374204569676559
:100B10006E3A3A437769736542696E6172794F70D4
:100B20003C456967656E3A3A696E7465726E616CD0
:100B30003A3A7363616C61725F70726F647563746B
:100B40005F6F703C666C6F61742C20666C6F6174B3
:100B50003E2C20636F6E737420456967656E3A3A68
:100B600043776973654E756C6C6172794F703C4563
:100B70006967656E3A3A696E7465726E616C3A3A8D
:100B80007363616C61725F636F6E7374616E745FC7
:100B90006F703C666C6F61743E2C20636F6E737473
:100BA00020456967656E3A3A4D61747269783C66B2
:100BB0006C6F61742C20332C20333E203E2C20633C
:100BC0006F6E737420456967656E3A3A4D61747251
:100BD00069783C666C6F61742C20332C20333E2086
:100BE0003E3B20696E7420426C6F636B526F77736B
:100BF000203D20313B20696E7420426C6F636B4353
:100C00006F6C73203D20333B20626F6F6C20496E08
:100C10006E657250616E656C203D2066616C736517
:100C20003B20456967656E3A3A496E646578203DB8
:100C300020696E745D00456967656E3A3A426C6F73
:100C4000636B3C587072547970652C20426C6F63F2
:100C50006B526F77732C20426C6F636B436F6C73B6
:100C60002C20496E6E657250616E656C3E3A3A4258
:100C70006C6F636B2858707254797065262C204510
:100C80006967656E3A3A496E64657829205B7769D1
:100C900074682058707254797065203D20636F6EBF
:100CA000737420456967656E3A3A4D61747269786C
:100CB0003C666C6F61742C20332C20333E3B2069E2
:100CC0006E7420426C6F636B526F7773203D2031DE
:100CD0003B20696E7420426C6F636B436F6C7320B2
:100CE0003D20333B20626F6F6C20496E6E65725001
:100CF000616E656C203D2066616C73653B204569C3
:100D000067656E3A3A496E646578203D20696E7475
:100D10005D00456967656E3A3A426C6F636B3C589B
:100D20007072547970652C20426C6F636B526F77D0
:100D3000732C20426C6F636B436F6C732C20496E75
:100D40006E657250616E656C3E3A3A426C6F636BD1
:100D50002858707254797065262C20456967656E35
:100D60003A3A496E64657829205B7769746820583F
:100D7000707254797065203D20636F6E73742045E6
:100D80006967656E3A3A4D61747269783C666C6F5A
:100D900061742C20332C20333E3B20696E7420423A
:100DA0006C6F636B526F7773203D20333B20696E0D
:100DB0007420426C6F636B436F6C73203D20313B3A
:100DC00020626F6F6C20496E6E657250616E656C4B
:100DD000203D20747275653B20456967656E3A3A1F
:100DE000496E646578203D20696E745D0067797294
:100DF0006F006163636C00FBFAF9C82E002E802E31
:100E00003DB1C82E002E802E9103802EBCB0802EC6
:100E1000A303C82E002E802E00B05030212E59F58D
:100E20001030212E6AF5802E3B03000000000819C7
:100E300001002200750000100010D100B343802E85
:100E400000C1802E00C1802E00C1802E00C1802EE6
:100E500000C1802E00C1802E00C1802E00C1802ED6
:100E600000C1802E00C1802E00C1802E00C1802EC6
:100E700000C1802E00C1802E00C1802E00C1802EB6
:100E800000C1802E00C1802E00C1802E00C1802EA6
:100E900000C1802E00C1802E00C1802E00C1802E96
:100EA00000C1802E00C1802E00C1802E00C1802E86
:100EB00000C1802E00C1802E00C1802E00C1802E76
:100EC00000C1802E00C1802E00C1802E00C1802E66
:100ED00000C1802E00C1802E00C1802E00C1802E56
:100EE00000C1802E00C1E05F000000000100000092
:100EF0000000000000000000920000000000000060
:100F00000000000000000000000008190000880038
:100F100000000000000005E0AA3805E09030FA006B
:100F200096004B091100110002002D01D47B3B01FA
:100F3000DB7A04003F7BCD6CC3048509C304ECE677
:100F40000C460100270019009600A00001000C00CB
:100F5000F03C00010100030001000E00000032001F
:100F60000500EE060400C80000000400A805EE0617
:100F70000004BC02B3008507000000000000000070
:100F8000000000000000000000000000B4000100AC
:100F9000B9000100980000000000000000000100FE
:100FA00080000400000000000000000000000000BD
:100FB0000000000000000000000000000000000031
:100FC0000000000000000000000000000000000021
:100FD0000000000000000000000000000000000011
:100FE0000000000000000000000000000000000001
:100FF00000000000802E00C1FD2DDE00EB00DA00B5
:10100000000CFF0F0004C0005BF5C9011EF2800058
:101010003FFF19F458F566F564F5C0F1F000E00003
:10102000CD01D301DB01FF7FFF01E40074F7F30082
:10103000FA00FF3FCA036C3856FE44FDBC02F906B5
:1010400000FC1202AE0158FA9AFD7705BB02960128
:1010500095017F0182018901870188018A018C0144
:101060008F018D0192019101DD009F017E01DB0066
:10107000B601706926D39C071F059D000008BC05BA
:1010800037FAA201AA01A101A801A001A805B40193
:10109000B401CE00D000FC00C501FFFBB100003858
:1010A0000030FDF5FCF5CD01A0005FFF0040FF0022
:1010B00000806D0FEB007FFFC2F568F7B3F1670F9B
:1010C0005B0F610F800F58F75BF7830F8600720F7D
:1010D000850FC6F17F0F6CF700E000FFD1F5870F99
:1010E0008A0FFF03F03F8B008E009000B9002DF5B2
:1010F000CAF5CB0120F20000000000000000000053
:1011000000000000000000000000000000000000DF
:1011100000000000000000000000000000000000CF
:1011200000000000000000000000000000000000BF
:1011300000000000000000000000000000000000AF
:10114000000000000000000000000000000000009F
:10115000000000000000000000000000000000008F
:10116000000000000000000000000000000000007F
:10117000000000000000000000000000000000006F
:10118000000000000000000000000000000000005F
:10119000000000000000000000000000000000004F
:1011A000000000000000000000000000000000003F
:1011B000000000000000000000000000000000002F
:1011C000000000000000000000000000000000001F
:1011D00000003050982ED70E5032982EFA0300306F
:1011E000F07F002E002ED02E002E018008A2FB2FB3
:1011F000982EBA03212E1900012EEE0000B2072FFF
:10120000012E190000B2032F01500352982E07CC73
:10121000012EDD0000B2272F052E8A000552982EE0
:10122000C7C1032EE90040B2F07F082F012E19003C
:1012300000B2042F0030212EE900982EB4B1012E07
:10124000180000B2102F0550982E4DC30550982E4F
:101250005AC7982EF9B4982E54B2982E67B6982E85
:1012600017B21030212E7700012EEF0000B2042FAC
:10127000982E7AB70030212EEF00012ED40004AE54
:101280000B2F012EDD0000B2072F0552982E8E0E77
:1012900000B2022F1030212E7D00012E7D00009023
:1012A000902EF102012ED70000B2042F982E2F0E9F
:1012B0000030212E7B00012E7B0000B2122F012E68
:1012C000D4000090022F982E1F0E092D982E810D0C
:1012D000012ED4000490022F5032982EFA030030D1
:1012E000212E7B00012E7C0000B2902E0903012EDE
:1012F0007C000131010800B2042F982E47CB10303A
:10130000212E77008130012E7C00010800B2612F70
:10131000032E8900012ED40098BC98B805B20F584E
:10132000232F079009540030372F15410441DCBEAC
:1013300044BEDCBA2C0161000F564A0F0C2FD1427B
:1013400094B8C1421130052E6AF72CBD2FB980B276
:101350000822982EC3B7212D6130232ED400982E59
:10136000C3B70030212E5AF5182DE17F5030982E4A
:10137000FA030F520750504270300D5442427E82A1
:10138000E26F80B24242052F212ED4001030982EF9
:10139000C3B7032D6030212ED400012ED400069057
:1013A000182F012E76000B540752E07F982E7AC139
:1013B000E16F081A4030082F212ED4002030982EDB
:1013C000AFB75032982EFA03052D982E380E003004
:1013D000212ED4000030212E7C00182D012ED400A7
:1013E00003AA012F982E450E012ED4003F8003A2A0
:1013F000012F002E022D982E5B0E3030982ECEB786
:101400000030212E7D005032982EFA03012E7700F5
:1014100000B2242F982EF5CB032ED5001154010ACB
:10142000BC848386212EC901E0401352C44082400F
:10143000A8B9524243BE5342040A5042E17FF03100
:101440004140F26F25BD0808020AD07F982EA8CF30
:1014500006BCD16FE26F080A8042982E58B7003060
:10146000212EEE00212E7700212EDD00802EF401AA
:101470001A242200802EEC011050FB7F982EF303DB
:101480005750FB6F013071541142420EFC2FC02E99
:101490000142F05F802E00C1FD2D01000000000020
:1014A0000000000000009A0134030000000000006A
:1014B000000000000000000000000000000000002C
:1014C000000000000000000000000000000000001C
:1014D000000000000000000000000000000000000C
:1014E00000000000000000000000000000000000FC
:1014F00000000000000000000000000000000000EC
:1015000000000000000000000000000000000000DB
:101510000000000000000000000000002050E77FF5
:10152000F67F06320F2E61F5FE09C0B3042F173087
:101530002F2EEF002D2E61F5F66FE76FE05FC82EBE
:101540002050E77FF67F46300F2EA4F1BE0980B30E
:10155000062F0D2ED40084AF022F16302D2E7B00C7
:1015600086302D2E60F5F66FE76FE05FC82E012EF6
:1015700077F709BC0FB800B21050FB7F10300B2F6B
:10158000032E8A0096BC9FB840B2052F032E68F741
:101590009EBC9FB840B2072F032E7E004190012FC2
:1015A000982EDC03032C0030212E7E00FB6FF05FB1
:1015B000B82E2050E07FFB7F002E2750982E3BC88E
:1015C0002950982EA7C80150982E55CCE16F2B506A
:1015D000982EE0C9FB6F0030E05F212E7E00B82E10
:1015E0007350013057541142420EFC2FB82E212E59
:1015F00059F51030C02E212E4AF19050F77FE67F2A
:10160000D57FC47FB37FA17F907F827F7B7F982E21
:1016100035B700B2902E97B0032E8F00072E9100A1
:10162000052EB1003FBA9FB8012EB100A3BD4C0AF0
:10163000052EB10004BEBFB9CB0A4FBA22BD012EA0
:10164000B300DC0A2FB9032EB8000ABE9A0ACFB93C
:101650009BBC012E97009FB8930A0FBC910A0FB84C
:10166000900A252E1800052EC1F52EBD2EB9012E8B
:10167000190031308A040090072F012ED40004A2F3
:10168000032F012E180000B20C2F19500552982E6E
:101690004DB7052E780080901030012F212E780054
:1016A000252EDD00982E3EB700B202300130042F07
:1016B000012E190000B2002F2130012EEA00081A75
:1016C0000E2F232EEA0033301B500B090140175612
:1016D00046BE4B084C0A01420A8015520142002EB8
:1016E000012E180000B21F2F032EC0F5F03048085D
:1016F00047AA7430072E7A0061224B1A052F072E55
:1017000066F5BFBDBFB9C0900B2F1D562B30D2421E
:10171000DB420104C24204BDFE808184232E7A0094
:1017200002420232252E62F5052ED6008184252E36
:10173000D6000231252E60F5052E8A000B50900848
:1017400080B20B2F052ECAF5F03E9008252ECAF563
:10175000052E59F5E03F9008252E59F5906FA16FA1
:10176000B36FC46FD56FE66FF76F7B6F826F705F7B
:10177000C82EC050907FE57FD47FC37FB17FA27F0A
:10178000877FF67F7B7F002E012E60F5607F982E8D
:1017900035B70230636F1552507F627F5A2C023288
:1017A0001A0900B3142F00B2032F092E180000915C
:1017B0000C2F437F982E97B71F50028A02320430B5
:1017C000252E64F51552506F436F4443252E60F566
:1017D000D908C0B2362F982E3EB700B2062F012E80
:1017E000190000B2022F506F00900A2F012E7900CD
:1017F0000090192F1030212E79000030982EDC0334
:10180000132D012EC3F50CBC0FB81230100403B019
:10181000262521500352982E4DB71030212EEE0070
:101820000230607F252E7900606F0090052F003018
:10183000212EEA001550212E64F51552232E60F555
:101840000232506F0090022F0330272E7800072EAF
:1018500060F51A090091A32F19090091A02F906F2C
:10186000A26FB16FC36FD46FE56F7B6FF66F876F39
:10187000405FC82EC050E77FF67F26300F2E61F5FF
:101880002F2E7C000F2E7C00BE09A27F807F80B3AC
:10189000D57FC47FB37F917F7B7F0B2F23501A2589
:1018A0001240427F74821240527F002E0040607FBF
:1018B000982E6AD68130012E7C00010800B2422F9A
:1018C000032E8900012E890097BC06BC9FB80FB873
:1018D0000090232ED800103001302A2F032ED40080
:1018E00044B2052F47B200302D2F212E7C002B2D26
:1018F000032EFDF59EBC9FB84090142F032EFCF5DF
:1019000099BC9FB840900E2F032E49F125544A08E8
:101910004090082F982E35B700B21030032F50306A
:10192000212ED400102D982EAFB70030212E7C0030
:101930000A2D052E69F72DBD2FB980B2012F212E5A
:101940007D00232E7C00E031212E61F5F66FE76FDC
:10195000806FA26FB36FC46FD56F7B6F916F405F65
:10196000C82E60510A253688F47FEB7F0032315251
:1019700032301330982E15CB0A253384D27F433072
:1019800005502D52982E95C1D26F2752982ED7C749
:101990002A25B086C07FD37FAF842950F16F982E5F
:1019A0004DC82A25AE8AAA88F26E2B50C16FD36F1C
:1019B000F47F982EB6C8E06E00B2322F335483867F
:1019C000F16FC37F04303030F47FD07FB27FE330DB
:1019D000C56F56404541280803140EB408BC824028
:1019E000100A2F542605917F4428A37F982ED9C032
:1019F00008B933305309C16FD36FF46F8317474071
:101A00006C15B26FBE09750B90424542510E32BC47
:101A10000289A16F7E86F47FD07FB27F0430916F00
:101A2000D62FEB6FA05EB82E032E97001BBC605024
:101A30009FBC0CB8F07F40B2EB7F2B2F032E7F00B2
:101A40004140012EC800011A112F3758232EC8001B
:101A50001041A07F38810141D07FB17F982E64CFA3
:101A6000D06F0780A16F1142002EB16F014211307B
:101A7000012EFC0000A80330CB224A25012E7F0056
:101A80003C8935520554982EC4CEC16FF06F982E04
:101A900095CF042D0130F06F982E95CFEB6FA05F9E
:101AA000B82E032EB3000232F030033130508A08D2
:101AB0000808CB08E07F80B2F37FDB7F252F032E61
:101AC000CA004190042F0130232ECA00982E3F03F4
:101AD000C0B2052F032EDA0000304104232EDA00B5
:101AE000982E92B21025F06F00B2052F012EDA0069
:101AF00002301004212EDA0040B2012F232EC8013B
:101B0000DB6FE06FD05F802E95CF0130E06F982EB5
:101B100095CF1130232ECA00DB6FD05FB82ED05086
:101B20000A2533845550D27FE27F038CC07FBB7F70
:101B30000030055A39545141A57F967F807F982EF9
:101B4000D9C00530F57F2025916F3B583D5C3B5651
:101B5000982E67CCC16FD56F52405043C17FD57F5F
:101B60001025982EFEC91025982E74C0866F302837
:101B7000926F828CA56F6F52690E3954DB2F19A0BA
:101B80001530032F0030212E81010A2D012E8101F5
:101B900005284236212E8101020E012F982EF303D3
:101BA000575012300140982EFEC9516F0B5C8E0EBB
:101BB0003B6F57580230212E9501456F2A8DD27FF9
:101BC000CB7F132F02303F50D27FA80E0E2FC06F55
:101BD000535402005154420E103059520230012F1A
:101BE000002E032D504242421230D27F80B2032F8A
:101BF0000030212E8001122D012EC9000280052EF9
:101C00008001113091280040252E8001100E052FF3
:101C1000012E7F010190012F982EF303002EA04189
:101C20000190A67F902EE3B4012E950100A8902E7E
:101C3000E3B45B549580824080B202402D8C3F52C9
:101C4000967F902EC2B3290E762F012EC900004038
:101C500081284552B330982E0FCA5D54807F002EE4
:101C6000A140727F82808240607F982EFEC910253D
:101C7000982E74C0626F05308740C0910430052FE4
:101C8000052E830180B21430002F0430052EC900C8
:101C9000736F8140E2406904110FE1401630FE2964
:101CA000CB40022F836F830F222F4756130F123022
:101CB000772F4954420E1230732F00910A2F012EB4
:101CC0008B0119A802306C2F6350002E1742054279
:101CD000682C12300B25080F5030022F212E830163
:101CE000032D4030212E83012B2E85015A2C1230DA
:101CF00000912B25042F635002301742172C02420B
:101D0000982EFEC91025982E74C0052EC900818416
:101D10005B308240372E8301020E072F5F52403026
:101D200062404140910E012F212E830105302B2E60
:101D300085011230362C16301525817F982EFEC96C
:101D40001025982E74C019A21630152F052E970154
:101D5000806F820E052F012E86010628212E860116
:101D60000B2D032E87015F544E289142002E824096
:101D7000900E012F212E88010230132C0530C06FE8
:101D8000081CA80F163005305B50092F02802D2E3D
:101D9000820105420580002E02423E80002E06424E
:101DA0000230906F3E88014004414C280142078078
:101DB00010252440004000A8F522232944427A82BD
:101DC0007E884340044100ABF523DF284342D9A07D
:101DD000142F0090022FD26F81B2052F6354062872
:101DE00090428542092C02305B500380292E7E01EF
:101DF0002B2E8201054212302B2E83014582002EAC
:101E000040407A8202A0082F63503B3015420542C1
:101E10003780372E7E0105421230012EC900028C18
:101E2000404084417A8C040F032F012E8B0119A4AA
:101E3000042F2B2E8201982EF303123081906152D1
:101E4000082F6542654243803984828805424542B5
:101E500085420543002E80410090902EE1B46554E8
:101E6000C16F804000B243586950442F555CB7871A
:101E70008C0F0D2E9601C440362F41568B0E2A2F03
:101E80000B52A10E0A2F052E8F011425982EFEC984
:101E90004B54020F695005306554152F032E8E01E7
:101EA0004D5C8E0F3A2F052E8F01982EFEC94F5490
:101EB000820F053069506554302F6D521530428CB9
:101EC000454204302B2C84436B52428C002E8543B8
:101ED0001530242C45428E0F202F0D2E8E01B10E71
:101EE0001C2F232E8E011A2D0E0E172FA10F152F2A
:101EF000232E8D01132D982E74C04354C20E0A2F29
:101F0000655004800B3006820B42798041401230CC
:101F1000252E8C010142053069506554848243842A
:101F2000BE8C8440864126299442BE8ED57F19A15D
:101F300043400B2E8C018440C7415D29272945422F
:101F40008442C27F012FC0B31D2F052E940199A09A
:101F5000012F80B3132F80B3182FC0B3162F124058
:101F60000140927F982E74C0926F100F2030032F83
:101F70001030212E7E010A2D212E7E01072D2030CA
:101F8000212E7E01032D1030212E7E01C26F012EE5
:101F9000C900BC84028082400040900ED56F022FA1
:101FA0001530982EF30341910530072F67503D807F
:101FB0002B2E8F0105420480002E0542022C00309A
:101FC0000030A26F988A864080A7052F982EF303D1
:101FD000C030212E950106251A25E26F76829640A3
:101FE0005643510EFB2FBB6F305FB82E012EB80049
:101FF0000131410840B22050F2300208FB7F01302D
:10200000102F052ECC008190E07F032F232ECC00D3
:10201000982E55B6982E1DB51025FB6FE06FE05F2A
:10202000802E95CF982E95CF1030212ECC00FB6FAF
:10203000E05FB82E00510558EB7F2A2589526F5A70
:10204000895013410640B3011642CB160640F302F5
:102050001342650EF52F054014302C29044208A1C7
:102060000030902E52B6B388B08AB684A47FC47F65
:10207000B57FD57F927F73300430554042408A1738
:10208000F3086B01900253B84B82ADBE717F450AD5
:102090000954847F982ED9C0A36F7B54D042A37F6C
:1020A000F27F607F2025716F755A7758795C75567D
:1020B000982E67CCB16F626F5042B17FB33010255C
:1020C000982E0FCA846F2029716F926FA56F768248
:1020D0006A0E73300030D02FD26FD17FB47F982E2C
:1020E0002BB715BD0BB8020AC26FC07F982E2BB755
:1020F00015BD0BB8420AC06F081741188916E118C0
:10210000D018A17F27251625982E79C08B54907F53
:10211000B330824080900D2F7D52926F982E0FCA5F
:10212000B26F900E062F8B501430426F516F1442D5
:1021300012420142002E316F982E74C0416F807F91
:10214000982E74C0826F10044352010F052ECB00ED
:1021500000300430212F516F43588C0E04301C2F57
:102160008588416F04418C0F0430162F8488002E1F
:10217000044104058C0E04300F2F8288316F044116
:1021800004058C0E0430082F8388002E04418C0F28
:102190000430022F212EAD0114300091142F032E94
:1021A000A10141900E2F032EAD0114304C28232E97
:1021B000AD0146A0062F81848D5248828240212E97
:1021C000A10142425C2C0230052EAA0180B20230ED
:1021D000552F032EA901926FB330982E0FCAB26FFC
:1021E000900F003002304A2FA26F87529100855223
:1021F000510E022F002E432C0230C26F7F52910EDF
:1022000002303C2F516F8154982EFEC91025B330F7
:102210002125982E0FCA326FC07FB3301225982E19
:102220000FCA426FB07FB3301225982E0FCAB26F1B
:1022300090288352982EFEC9C26F900F0030023052
:102240001D2F052EA10180B212300F2F426F032ED9
:10225000AB01910E0230122F526F032EAC01910F81
:1022600002300C2F212EAA010A2C1230032ECB0093
:102270008D580889414011430043252EA101D46F98
:102280008F5200433A89002E10431043610EFB2FFA
:10229000032EA001111A022F0225212EA001EB6F9F
:1022A000005FB82E915210300230955652424B0EBC
:1022B000FC2F8D548882935680425342404242867E
:1022C0008354C02EC242002EA352005152404740B8
:1022D0001A25012E97008FBE7286FB7F0B307CBFC4
:1022E000A5501008DFBA7088F8BFCB42D37F6CBB13
:1022F000FCBBC50A907F1B7F0B43C0B2E57FB77F55
:10230000A67FC47F902E1CB7072ED200C0B20B2F21
:102310009752012ECD00827F982EBBCC0B30372EEA
:10232000D200826F906F1A2500B28B7F142FA6BD4A
:1023300025BDB6B92FB980B2D4B00C2F99549B5695
:102340000B300B2EB100A1589B42DB426C092B2EA7
:10235000B1008B42CB42867F7384A756C3083952A3
:102360000550727F637F982EC2C0E16F626FD10A01
:10237000012ECD00D56FC46F726F97529D5C982E61
:1023800006CD236F906F9952C0B204BD5440AFB9CF
:102390004540E17F0230062FC0B20230032F9B5C24
:1023A00012309443854303BF6FBB80B3202F066F69
:1023B0002601166F6E034542C090292ECE009B5217
:1023C000142F9B5C002E93418641E304AE0780AB43
:1023D000042F80910A2F866F730F072F836FC0B26F
:1023E000042F544245421230042C1130022C11307B
:1023F000113002BC0FB8D27F00B20A2F012EFC00B0
:10240000052EC701101A022F212EC701032D022C01
:1024100001300130B06F982E95CFD16FA06F982EFC
:1024200095CFE26F9F52012ECE00824050420C2C7D
:1024300042421130232ED2000130B06F982E95CF3A
:10244000A06F0130982E95CF002EFB6F005FB82E45
:10245000838601300030944024180600530E4F024A
:10246000F92FB82EA952002E604041400DBC98BCF7
:10247000C02E010A0FB8AB52533C524040404B00B3
:10248000821626B901B84140100897B80108C02E3D
:1024900011300108438625400440D8BE2C0B221180
:1024A000544203804B0EF62FB82E9F501050AD5261
:1024B000052ED300FB7F002E13409342410EFB2FCD
:1024C000982EA5B7982E87CF012ED90000B2FB6FAA
:1024D0000B2F012E69F7B13F01080130F05F232E69
:1024E000D900212E69F7802E7AB7F05FB82E012E21
:1024F000C0F8032EFCF51554AF5682080B2E69F771
:10250000CB0AB1588090DDBE4C085FB9592280904B
:10251000072F0334C308F23A0A080235C0904A0A6A
:102520004822C02E232EFCF51050FB7F982E56C754
:10253000982E49C31030FB6FF05F212ECC00212E66
:10254000CA00B82E032ED30016B802344A0C212E2E
:102550002DF5C02E232ED30003BC212ED500032E33
:10256000D50040B21030212E77000130052F052E06
:10257000D8008090012F232E6FF5C02E212ED90078
:1025800011308108012E6AF7713F23BD0108020A4C
:10259000C02E212E6AF730250030212E5AF510501A
:1025A000212E7B00212E7C00FB7F982EC3B740306C
:1025B000212ED400FB6FF05F0325802EAFB7802E55
:1025C00000C1802E00C1802E00C1802E00C1802E4F
:1025D00000C1802E00C1802E00C1802E00C1802E3F
:1025E00000C1802E00C1802E00C1802E00C1802E2F
:1025F00000C1802E00C1802E00C1012E5DF708BCF5
:1026000080AC0EBB022F003041048206C0A4003013
:10261000112F40A9032F40910D2F00A70B2F80B33E
:10262000B358022F90A12613202380901030012F41
:10263000CC0E002F0030B82EB550180808BC88B654
:102640000D17C6BD56BCB758DABA04011D0A1050A2
:10265000053032254503FB7FF6302125982E37CAF9
:1026600016B59ABC06B880A8410A0E2F8090022F9A
:102670002D50480F092FBFA0042FBF90062FB7542D
:10268000CA0F032F002E022CB7522D52F233982E70
:10269000D9C0FB6FF137C02E0108F05FBF56B954A7
:1026A000D040C4400B2EFDF3BF529042944295425D
:1026B0000530C1500F88064004419642C54248BECD
:1026C00073300D2ED8004FBA8442034281B3022FDB
:1026D0002B2E6FF5062D052E77F7BD569308252E68
:1026E00077F7BB54252EC2F5072EFDF34230B433E5
:1026F000DA0A4C00272EFDF34340D43FDC08434266
:10270000002E002E43402430DC0A43420480032E76
:10271000FDF34A0A232EFDF36134C02E0142002E40
:1027200060501A257A86E07FF37F0325C3524184E7
:10273000DB7F3330982E16C21A257D82F06FE26F50
:10274000322516409440260185408E17C4426E0300
:102750009542410EF42FDB6FA05FB82EB051FB7F86
:10276000982EE80D5A25982E0F0ECB583287C47F2D
:1027700065896B8DC55A657FE17F837FA67F747FF6
:10278000D07FB67F947F1730C752C954517F002E37
:10279000856F427F002E51414581424113403B8A63
:1027A00000404B04D006C0AC857F022F023051049C
:1027B000D306418405305D02C916DF08D3008D02BF
:1027C000AFBCB1B9590A656F1143A1B4524153412D
:1027D0000143347F657F2631E56FD46F982E37CA69
:1027E000326F756F83404241237F127FF630402560
:1027F0005125982E37CA146F2005706F256F690711
:10280000A26F316F0B3004429B428B425542327FA4
:1028100040A9C36F717F0230D040C37F032F409126
:10282000152F00A7132F00A4112F84BD982E79CA4D
:10283000556FB75454418200F33F4541CB02F63007
:10284000982E37CA356FA46F4143032C0043A46F01
:10285000356F1730426F516F934042820041C30081
:102860000343517F002E944041414C02C46FD15626
:10287000630E746F5143A57F8A2F092ED80001B3D0
:10288000212FCB58906F1341B66FE47F002E9141FA
:10289000144092411540172E6FF5B67FD07FCB7F45
:1028A000982E000C0715C26F140B292E6FF5C3A3C9
:1028B000C18FE46FD06FE62F1430052E6FF5140B27
:1028C000292E6FF5182DCD560432B56F1C015141DC
:1028D0005241C340B57FE47F982E1F0CE46F2187DF
:1028E00000430432CF545A0EEF2F1554092E77F7B8
:1028F000220B292E77F7FB6F505EB82E1050012E59
:10290000D40000B2FB7F512F01B2482F02B2422FF8
:102910000390562FD7527980424081840040424232
:10292000982E930CD954D750A14098BD82403E8236
:10293000DA0A44408B16E3005342002E43409A02C9
:102940005242002E414015544A0E3A2F3A8200302E
:102950004140212E850F40B20A2F982EB10C982E9F
:10296000450E982E5B0EFB6FF05F0030802ECEB7C9
:10297000DD52D35442424F847330DB5283421B30CA
:102980006B422330272ED700372ED400212ED600BD
:102990007A84172C42423030212ED400122D21305F
:1029A0000030232ED400212E7BF70B2D1730982ECC
:1029B000510CD5500C8272302F2ED400252E7BF76F
:1029C0004042002EFB6FF05FB82E70500A2539860A
:1029D000FB7FE1326230982EC2C4B556A56FAB08BA
:1029E000916F4B08DF56C46F23094DBA93BC8C0B13
:1029F000D16F0B09CB52E15E5642AF094DBA23BDF0
:102A0000940AE56F68BBEB08BDB963BEFB6F524229
:102A1000E30AC02E4342905FD150032E25F31340AA
:102A200000409BBC9BB408BDB8B998BCDA0A08B694
:102A30008916C02E190062021050FB7F982E810D5E
:102A4000012ED40031300804FB6F0130F05F232EDB
:102A5000D600212ED700B82E012ED700032ED60087
:102A6000480E012F802E1F0EB82EE3502134014254
:102A70008230C132252E62F50100223001404A0A1F
:102A80000142B82EE354F03B8340D808E55283421C
:102A9000003083305042C432272E64F594005042F7
:102AA0004042D33F84407D82E30840428342B82EB7
:102AB000DD52003040427C86B952092E700FBF545F
:102AC000C442D3865440554094428542212ED700BB
:102AD0004240252EFDF3C0427E82052E7D0080B24D
:102AE000142F052E890027BD2FB98090022F212E8B
:102AF0006FF50C2D072E710F14301C09052E77F77A
:102B0000BD5647BE9308940A252E77F7E7545042E6
:102B10004A0EFC2FB82E505002304386E550FB7F02
:102B2000E37FD27FC07FB17F002E41400040480448
:102B3000982E74C01EAAD36F1430B16FE322C06FF9
:102B40005240E46F4C0E1242D37FEB2F032E860FC0
:102B500040901130032F232E860F022C0030D06FAF
:102B6000FB6FB05FB82E4050F17F0A253C86EB7FAB
:102B700041332230982EC2C4D36FF430DC09475859
:102B8000C26F9409EB586ABBDC08B4B9B1BDE95A0D
:102B9000950821BDF6BF770B51BEF16FEB6F524226
:102BA0005442C02E4342C05F5050F5503130114264
:102BB000FB7F7B300B421130028023330142030044
:102BC000072E8003052ED3002352E27FD37FC07FE0
:102BD000982EB60ED16F080A1A257B86D07F013356
:102BE0001230982EC2C4D16F080A00B20D2FE36FC5
:102BF000012E80035130C786232E21F208BCC0422B
:102C0000982EA5B7002E002ED02EB06F0BB8032E35
:102C10001B00081AB07F7030042F212E21F2002EE5
:102C2000002ED02E982E6DC0982E5DC0ED50982E9F
:102C300044CBEF50982E46C3F150982E53C73550D1
:102C4000982E64CF1030982EDC032026C06F0231FE
:102C50001242AB330B42378001300142F337F75257
:102C6000FB504440A20A42428B31092E5EF7F954D0
:102C7000E30883421B4223334B00BC840B403330B8
:102C800083420B42E07FD17F982E58B7D16F8030BE
:102C900040420330E06FF3540430002E002E0189CF
:102CA000620EFA2F43421130FB6FC02E0142B05F1B
:102CB000C14A00006D570000778E0000E0FFFFFF63
:102CC000D3FFFFFFE5FFFFFFEEE1FFFF7C130000F6
:102CD00046E6FFFF000000000000000000000000CA
:102CE00000000000000000000000000000000000E4
:102CF00000000000000000000000000000000000D4
:102D00000000000000000000000000000000802E15
:102D100000C1802E00C1802E00C1802E00C1802EF7
:102D200000C1802E00C1802E00C1802E00C1802EE7
:102D300000C1802E00C1802E00C1802E00C1802ED7
:102D400000C1802E00C1802E00C1802E00C1802EC7
:102D500000C1802E00C1802E00C1802E00C1802EB7
:102D600000C1802E00C1802E00C1802E00C1802EA7
:102D700000C1802E00C1802E00C1802E00C1802E97
:102D800000C1802E00C1802E00C1802E00C1802E87
:102D900000C1802E00C1802E00C1802E00C1802E77
:102DA00000C1802E00C1802E00C1802E00C1802E67
:102DB00000C1802E00C1802E00C1802E00C1802E57
:102DC00000C1802E00C1802E00C1802E00C1802E47
:102DD00000C1802E00C1802E00C1802E00C1802E37
:102DE00000C1802E00C1802E00C1802E00C1802E27
:102DF00000C1802E00C1802E00C12F0100240102DD
:102E00002A01032B01032601042201052C010509D7
:102E1000010604010C0502000302041D030006065E
:102E20000207060208060213060614070007000040
:102E300008000413000609000829000C27000E28CA
:102E4000000E0000F5500100E1010100B501010094
:102E5000E5500100E1010100B50101000000204141
:102E6000000000400000C040000000410000704130
:102E70000000A0410000C8410000F0414572726F9F
:102E800072205B005D203A204E756C6C20706F697B
:102E90006E746572005D203A20436F6D6D756E69CA
:102EA000636174696F6E206661696C757265005D3F
:102EB000203A20446576696365206E6F7420666FE2
:102EC000756E64005D203A204F7574206F66207225
:102ED000616E6765005D203A20496E76616C6964B9
:102EE00020616363656C20636F6E666967757261EC
:102EF00074696F6E005D203A20496E76616C69647A
:102F0000206779726F20636F6E666967757261748E
:102F1000696F6E005D203A20496E76616C696420AD
:102F2000616363656C2F6779726F20636F6E66698A
:102F30006775726174696F6E005D203A20496E7624
:102F4000616C69642073656E736F72005D203A2056
:102F5000436F6E66696775726174696F6E206C6F1E
:102F60006164696E67206572726F72005D203A203D
:102F7000496E76616C6964207061676520005D2030
:102F80003A20496E76616C69642066656174757279
:102F90006520626974005D203A20496E76616C6933
:102FA0006420696E746572727570742070696E0049
:102FB0005D203A2053657474696E672061647661A0
:102FC0006E63656420706F776572206D6F64652035
:102FD0006661696C6564005D203A20496E76616CBB
:102FE000696420617578696C6961727920636F6EBC
:102FF00066696775726174696F6E005D203A204181
:103000007578696C696172792062757379005D20E9
:103010003A2053656C662074657374206661696C30
:103020006564005D203A2052656D617070696E675D
:10303000206572726F72005D203A204779726F20AE
:1030400075736572206761696E207570646174655F
:10305000206661696C6564005D203A2053656C668A
:103060002074657374206E6F7420646F6E65005DEC
:10307000203A20496E76616C696420696E707574BF
:10308000005D203A20496E76616C6964207374613A
:10309000747573005D203A20435254206572726F3C
:1030A00072005D203A2053656C662074657374204D
:1030B000616C72656164792072756E6E696E67000D
:1030C0005D203A2043525420726561647920666F16
:1030D0007220444C206661696C2061626F727400DA
:1030E0005D203A20444C206572726F72005D203A78
:1030F00020505245434F4E206572726F72005D2022
:103100003A2041626F7274206572726F72005D20A6
:103110003A204779726F2073656C6620746573740A
:10312000206572726F72005D203A204779726F20BD
:1031300073656C6620746573742074696D656F7552
:1031400074005D203A205772697465206379636C5E
:1031500065206F6E676F696E67005D203A20577259
:10316000697465206379636C652074696D656F753A
:1031700074005D203A2053656C662074657374207A
:103180006E6F742072756E6E696E67005D203A20F6
:103190004461746120726561647920696E7465723E
:1031A00072757074206661696C6564005D203A20F8
:1031B000496E76616C696420464F4320706F736975
:1031C00074696F6E005D203A20556E6B6E6F776E7E
:1031D000206572726F7220636F6465006576656E3C
:1031E000747300433A5C55736572735C68656D7205
:1031F000685C417070446174615C4C6F63616C5CCD
:1032000041726475696E6F31355C7061636B6167C3
:1032100065735C61726475696E6F5C686172647716
:103220006172655C6D6265645F6E616E6F5C342EA9
:10323000322E345C636F7265735C61726475696EA3
:103240006F2F6D6265642F706C6174666F726D2F85
:10325000696E636C7564652F706C6174666F726DF6
:103260002F43616C6C6261636B2E6800626F6F6CE0
:10327000282A74686973290000000000000000001B
:10328000E1430100074301006143010031430100B4
:10329000A1430100E545010099440100AD4401004E
:1032A00045450100D544010019560100E101010026
:1032B000B5010100493243536C617665000000009E
:1032C0000000000000000000FF51010065710100D6
:1032D000CF5101001D520100B3520100C75201003D
:1032E0002B52010043520100795501000B5301009C
:1032F00095520100DB5101004B530100E7510100E1
:1033000083530100EF5101001F52010025520100BB
:10331000D35101006552010000C00140001002407D
:103320000020024000D00240D95C0100E101010010
:10333000B50101000000000000000000015901007B
:1033400081590100CF510100F9570100715A010064
:10335000555B0100CD5A0100415C0100AD570100F1
:1033600011580100B15801004E616E6F20333320B7
:10337000424C45000000000000000000995D010083
:10338000B55D0100C3C001001FB701002DB40100ED
:103390001BB5010065C101004DB001004FB0010037
:1033A00099C30100E9C30100E9B00100915E010089
:1033B000D55F0100B9B00100915D0100855F01009A
:1033C000B15F0100D1B001004B5F0100595D010008
:1033D0005D5D01005F5D0100615D0100775D0100E1
:1033E000CB5D01000B5E01003F5E0100675E0100E6
:1033F00081610100856101008961010010034100C4
:1034000072006400750069006E006F00000000002B
:103410000000000091630100A56301003B6801000A
:10342000DDAD01000000000000000000B9630100F4
:10343000CD63010075690100DDAD010000000000F1
:1034400000000000696301007D63010093610100D9
:10345000DDAD0100196B0100E1010100B5010100C2
:103460008025000000000800FFFFFFFF5F72785F0B
:1034700073697A65203D3D2030005F74785F6C6928
:1034800073742E656D7074792829005F72785F6C93
:103490006973742E656D707479282900433A5C5500
:1034A000736572735C68656D72685C4170704461CD
:1034B00074615C4C6F63616C5C41726475696E6FC2
:1034C00031355C7061636B616765735C61726475F3
:1034D000696E6F5C68617264776172655C6D62656C
:1034E000645F6E616E6F5C342E322E345C636F727B
:1034F00065735C61726475696E6F5C5553425C55AF
:1035000053424344432E637070007265736F6C7650
:1035100065722E76616C6964282900000000000045
:1035200000000000196301004D630100AD6101005E
:10353000816601009D66010061640100596A010015
:1035400063630100E16301009B610100A16101006F
:103550006D660100A56101008D6101008F610100B0
:103560009161010016034300440043002000440021
:103570004500560049004300450000002D6F010042
:10358000E1010100B5010100555342657674000068
:103590000000000000000000296D0100856D0100A1
:1035A000AD610100816601009D660100616401005A
:1035B000596A010063630100E16301009B6101003E
:1035C000A16101006D660100A56101000B6C0100A5
:1035D000AB6D010091610100B96B0100E16B01006D
:1035E000556E01004D6B0100596B01004D5A0100F1
:1035F000995A0100095B01005D6B0100DD58010073
:1036000045590100616B0100D8FEFFFF000000007A
:10361000756D0100A36D01008FD101005FD1010024
:10362000C1D101005BD101005BD101005BD1010080
:10363000C5D10100C9D10100C5D10100216B010034
:10364000276B0100336B0100376B01003D6B0100FC
:10365000436B0100476B0100D96B0100036C010053
:10366000496B01004B6B0100D4FEFFFF000000001E
:103670007D6D01009B6D0100C0FEFFFF000000009A
:10368000F95801007B590100CF5101005F6B010027
:10369000695A01004D5B0100C75A01001D6F01000E
:1036A000536B01005B6B0100716B010000000000B7
:1036B000000000008F6F01006E616E00696E660091
:1036C0006F766600433A5C55736572735C68656D2E
:1036D00072685C417070446174615C4C6F63616CD2
:1036E0005C41726475696E6F31355C7061636B61EA
:1036F0006765735C61726475696E6F5C6861726442
:10370000776172655C6D6265645F6E616E6F5C347B
:103710002E322E345C636F7265735C6172647569FE
:103720006E6F2F6D6265642F746172676574732F9D
:103730005441524745545F4E4F524449432F5441E0
:10374000524745545F4E524635782F6770696F5F18
:103750006F626A6563742E68006F626A2D3E7069DD
:103760006E20213D202850696E4E616D65294E43C3
:10377000005254582056352E352E33007274785F1F
:1037800074696D6572007274785F69646C650000BD
:103790000000000000000000000000000000000029
:1037A0000000000000000000000000000000000019
:1037B0000000000000000000000000000000000009
:1037C000000000000000000005000000E803000009
:1037D0000500000010240020100000000000000080
:1037E00000000000000000000000000000000000D9
:1037F00000000000000000000000000000000000C9
:1038000000000000000000000000000000000000B8
:103810000000000000000000000000000010000098
:103820003C38030078380300B999010099990100E8
:103830006038030004000000000000008637030029
:103840000000000018250020440000006025002032
:103850000002000001000000010000000000000064
:103860000000000000000000502400203400000090
:1038700084240020500000007C370300000000007A
:10388000D424002044000000602700200003000032
:103890002800000001000000000000006D616C6C59
:1038A0006F635F6D7574657800656E765F6D7574B6
:1038B00065780073696E676C65746F6E5F6D7574A3
:1038C0006578006D61696E00507265206D61696E8A
:1038D00020746872656164206E6F74206372656124
:1038E000746564004661696C656420746F2073744C
:1038F0006172742052544F5300000000B33803002B
:103900000B0000001CB500201C000000434D534973
:10391000532D52544F53206572726F723A20537474
:1039200061636B206F766572666C6F7700434D53F1
:1039300049532D52544F53206572726F723A204989
:103940005352205175657565206F766572666C6F90
:103950007700434D5349532D52544F532065727293
:103960006F723A20557365722054696D65722043F9
:10397000616C6C6261636B205175657565206F7653
:103980006572666C6F7700434D5349532D52544F07
:1039900053206572726F723A2053544420432F4370
:1039A0002B2B206C696272617279206C6962737072
:1039B000616365206E6F7420617661696C61626C11
:1039C0006500434D5349532D52544F532065727235
:1039D0006F723A2053544420432F432B2B206C69A1
:1039E0006272617279206D7574657820696E697490
:1039F00069616C697A6174696F6E206661696C6572
:103A00006400434D5349532D52544F5320657272F5
:103A10006F723A20556E6B6E6F776E004E6F74202A
:103A2000616C6C6F77656420696E20495352206326
:103A30006F6E746578740053797374656D20697363
:103A4000206F7574206F66206D656D6F7279005000
:103A50006172616D65746572206572726F72005279
:103A600065736F75726365206E6F7420617661692E
:103A70006C61626C65004F7065726174696F6E2075
:103A80006E6F7420636F6D706C6574656420776908
:103A90007468696E207468652074696D656F7574EB
:103AA00020706572696F6400556E73706563696636
:103AB0006965642052544F53206572726F72000022
:103AC0001C3A0300373A03004F3A03005F3A030001
:103AD000763A0300A83A03002E2F6D6265642D6FBD
:103AE000732F636D7369732F6465766963652F72D5
:103AF000746F732F736F757263652F6D6265645F8A
:103B00007274785F69646C652E63707000746963A9
:103B10006B735F736C657074203C2072746F733AC2
:103B20003A4B65726E656C3A3A776169745F666F9D
:103B3000725F7533325F6D61780066726571203D2A
:103B40003D20313030300068616E646C6572203D1C
:103B50003D202849525148616E646C65725F74293A
:103B60004E5649435F476574566563746F722869A2
:103B7000727129002E2F6D6265642D6F732F706C2A
:103B80006174666F726D2F696E636C7564652F70FA
:103B90006C6174666F726D2F53696E676C65746FBC
:103BA0006E5074722E680070203D3D207265696E03
:103BB000746572707265745F636173743C54202A1B
:103BC0003E28265F6461746129002E2F6D62656452
:103BD0002D6F732F746172676574732F5441524750
:103BE00045545F4E4F524449432F54415247455428
:103BF0005F4E524635782F6770696F5F6F626A65F6
:103C000063742E6800000000000000000000000047
:103C100051A1010061A10100F9A0010019A1010059
:103C20000000000000000000A5A20100CDA20100DC
:103C30002E2F6D6265642D6F732F647269766572C5
:103C4000732F736F757263652F53657269616C4270
:103C50006173652E637070005F7374617469635F74
:103C600070696E6D6170203D3D204E554C4C0000DA
:103C7000000000000000000027A4010027A40100AC
:103C800035A90100B5A901000000000000000000F6
:103C9000896F0100000000000000000027A401005F
:103CA00027A40100BDAB0100D9AB0100F5AB0100B9
:103CB00043AC01003FAB01004BAB010057AB01002F
:103CC0005FAB010099AB0100ABAB010067AB01003A
:103CD000F8FEFFFF00000000D1AB0100EFAB0100D8
:103CE00069AC01003BAC010045AB010063AB0100D6
:103CF0003BAB01005BAB0100899E0100939E01007C
:103D000051AB0100216B0100276B0100336B0100F7
:103D1000A3AB0100B5AB010091AB0100476B010003
:103D20002E2F6D6265642D6F732F647269766572D4
:103D3000732F7573622F736F757263652F4173797B
:103D40006E634F702E637070005F77616974203D01
:103D50003D204E554C4C005F6C697374203D3D20F6
:103D60004E554C4C00000000000000000000000018
:103D70000000000000000000896F0100DDAD0100BF
:103D80002E2F6D6265642D6F732F64726976657274
:103D9000732F7573622F736F757263652F5553425E
:103DA0004465766963652E637070005F6C6F636B4A
:103DB0006564203E20300044657669636520737435
:103DC0006174652069732022506F77657265642283
:103DD000206F722022446574616368656422005418
:103DE000686520656E64706F696E74206973206EFB
:103DF0006F7420696E64657861626C652E005F7413
:103E000072616E736665722E757365725F63616C45
:103E10006C6261636B203D3D205265717565737402
:103E200058666572446F6E650054686520737461EE
:103E3000636B2069732077616974696E67206F6EA8
:103E4000206120757365722063616C6C6261636BC5
:103E500020666F72207468652062756666657220E0
:103E6000746F2066696C6C206F7220737461747556
:103E7000732E005F7472616E736665722E75736562
:103E8000725F63616C6C6261636B203D3D205365C2
:103E900074436F6E66696775726174696F6E005FF7
:103EA0007472616E736665722E757365725F63619D
:103EB0006C6C6261636B203D3D20536574496E7488
:103EC000657266616365005F7472616E73666572C8
:103ED0002E757365725F63616C6C6261636B203D0C
:103EE0003D20526571756573740021636F6E66695C
:103EF00067757265642829005468652073697A655E
:103F0000206F6620746865206461746120746F207E
:103F100072656164206973206C65737320746861D5
:103F20006E20746865206D6178207061636B6574C4
:103F30002073697A6520666F7220746869732065E2
:103F40006E64706F696E742E0054686520656E64CF
:103F5000706F696E74206973206E6F7420696E646F
:103F6000657861626C650053697A65206265696E87
:103F700067207772697474656E20697320746F6F3F
:103F8000206C617267652E002128696E666F2D3E78
:103F9000666C616773202620454E44504F494E544D
:103FA0005F454E41424C454429006D61785F706128
:103FB000636B65745F73697A65203C3D20313032F4
:103FC0003400215F696E697469616C697A656400A7
:103FD00000000000000000000000000000000000E1
:103FE000C3C001001FB701002DB401001BB50100C3
:103FF00065C101004DB001004FB0010099C301003F
:10400000E9C30100E9B0010055B00100896F01006A
:10401000B9B00100C1B00100E1B00100C9B00100B8
:10402000D1B00100D9B00100595D01005D5D010012
:104030005F5D01004BB00100896F0100896F0100D5
:10404000896F0100896F0100896F010029B10100AA
:1040500055B1010009B10100040309041603300041
:1040600031003200330034003500360037003800AC
:10407000390016035500530042002000440045005B
:104080005600490043004500080355005300420014
:1040900012036D006200650064002E006F00720064
:1040A00067000603300031006571756575650000B5
:1040B000B8400300502B0020614402006944020014
:1040C000A9440200B9440200754402008144020080
:1040D0006544020059440200010000002E2F6D6269
:1040E00065642D6F732F68616C2F736F75726365D4
:1040F0002F6D6265645F7469636B65725F6170697F
:104100002E63006D617463685F7469636B20213D89
:104110002071756575652D3E7469636B5F6C6173A5
:10412000745F72656164005469636B6572206672C6
:10413000657175656E6379206973207A65726F00A9
:104140005469636B6572206E756D626572206F666F
:1041500020626974206973206772656174657220DA
:104160007468616E203332206F72206C6573732027
:104170007468616E203420626974730084410300A6
:10418000882B0020D9CE0100F10E02004D0F020055
:104190005D0F0200010F02003D0F0200C9CE0100B9
:1041A000450E02000000000064656661756C7400D5
:1041B00000000000000000008DCF0100F1CF0100E1
:1041C00000000000000000000000000000000000EF
:1041D000896F0100896F0100896F0100896F0100FB
:1041E0003BAB010079D00100899E0100939E010044
:1041F0007DD00100216B0100276B0100336B0100B2
:10420000376B01003D6B0100436B0100476B010000
:104210002F002E2F6D6265642D6F732F706C61748B
:10422000666F726D2F736F757263652F46696C656B
:10423000506174682E637070006C656E20213D20A3
:104240003000772B0053747265616D206F626A20B5
:104250006661696C75726500000000000000000076
:104260000000000000000000896F0100896F01005C
:10427000896F0100896F01003BAB010079D001001B
:10428000899E0100939E01007DD00100216B0100F9
:10429000276B0100336B0100376B01003D6B0100A0
:1042A000436B0100476B0100FCFFFFFF00000000B3
:1042B00000000000000000000000000000000000FE
:1042C00000000000000000008FD101005FD101005C
:1042D000C1D101005BD101005BD101005BD10100C4
:1042E000C5D10100C9D10100C5D10100216B010078
:1042F000276B0100336B0100376B01003D6B010040
:10430000436B0100476B0100896F0100896F010059
:10431000496B01004B6B0100FCFFFFFF0000000038
:1043200000000000000000002E2F6D6265642D6FFC
:10433000732F706C6174666F726D2F736F7572631B
:10434000652F53797354696D65722E637070002107
:104350005F7469636B696E6700215F7469636B6981
:104360006E6720262620215F77616B655F74696D1B
:10437000655F73657400000000000000000000002D
:10438000B1D401000A52252D34643A202530386C0E
:1043900058000A53502020203A202530386C580A03
:1043A0004C522020203A202530386C580A504320A7
:1043B00020203A202530386C580A78505352203A41
:1043C000202530386C580A50535020203A20253090
:1043D000386C580A4D535020203A202530386C58FC
:1043E000000A43505549443A202530386C58000A99
:1043F00048465352203A202530386C580A4D4D46D5
:1044000053523A202530386C580A42465352203ACB
:10441000202530386C580A55465352203A20253012
:10442000386C580A44465352203A202530386C588C
:104430000A41465352203A202530386C58000A4D24
:104440004D4641523A202530386C58000A424641C8
:1044500052203A202530386C58000A4D6F64652090
:104460003A20546872656164000A50726976203A95
:104470002055736572000A50726976203A20507296
:104480006976696C65676564000A4D6F6465203AFA
:104490002048616E646C6572000A537461636B3A04
:1044A00020505350000A537461636B3A204D5350AF
:1044B000000A2B2B204D6265644F53204661756CBA
:1044C000742048616E646C6572202B2B0A0A466169
:1044D000756C74547970653A20004D656D4D616E50
:1044E0006167654661756C74004275734661756CF1
:1044F000740055736167654661756C74004861723C
:10450000644661756C74000A0A436F6E7465787452
:104510003A000A0A2D2D204D6265644F53204661F2
:10452000756C742048616E646C6572202D2D0A0ACA
:10453000004661756C7420657863657074696F6E90
:10454000002E2E2E0A002E2F6D6265642D6F732FA4
:10455000706C6174666F726D2F736F757263652F07
:104560006D6265645F637269746963616C2E630078
:10457000637269746963616C5F73656374696F6E9C
:104580005F7265656E7472616E63795F636F756E7D
:10459000746572203C2055494E5433325F4D41586A
:1045A000003C756E6E616D65643E00203C68616E16
:1045B000646C65723E000A0A2B2B204D6265644FC5
:1045C00053204572726F7220496E666F202B2B0A42
:1045D0004572726F72205374617475733A2030782B
:1045E000255820436F64653A202564204D6F64751B
:1045F0006C653A2025640A4572726F72204D6573AE
:10460000736167653A20004B65726E656C20457278
:10461000726F723A203078256C582C2000546872E2
:104620006561643A203078256C582C20004D7574F3
:1046300065783A203078256C582C200053656D61E0
:1046400070686F72653A203078256C582C20004DC8
:10465000656D6F7279506F6F6C3A203078256C58A9
:104660002C20004576656E74466C6167733A203085
:1046700078256C582C200054696D65723A2030788A
:10468000256C582C20004D65737361676551756505
:1046900075653A203078256C582C2000417373657D
:1046A0007274696F6E206661696C65643A20000AF5
:1046B0004C6F636174696F6E3A203078256C5800D6
:1046C0000A46696C653A20002B2564000A4572721F
:1046D0006F722056616C75653A203078256C5800F1
:1046E0000A43757272656E74205468726561643A2B
:1046F00020257325732049643A203078256C582092
:10470000456E7472793A203078256C582053746164
:10471000636B53697A653A203078256C582053745E
:1047200061636B4D656D3A203078256C582053508D
:104730003A203078256C5820000A466F72206D6F41
:10474000726520696E666F2C2076697369743A20F1
:1047500068747470733A2F2F6D6265642E636F6D89
:104760002F732F6572726F723F6572726F723D3078
:104770007825303858266F737665723D256C64262F
:10478000636F72653D30782530386C5826636F6DE5
:10479000703D2564267665723D256C7526746774B8
:1047A0003D41524455494E4F5F4E414E4F33334287
:1047B0004C45000A2D2D204D6265644F53204572F3
:1047C000726F7220496E666F202D2D0A0044656558
:1047D00070536C6565704C6F636B206F76657266A5
:1047E0006C6F7720283E20307846464646290044A4
:1047F000656570536C6565704C6F636B20756E6496
:104800006572666C6F7720283C20302900457863FC
:10481000657074696F6E002E2F6D6265642D6F7305
:104820002F706C6174666F726D2F736F7572636534
:104830002F6D6265645F72657461726765742E6363
:104840007070002867756172642026204358415FAC
:1048500047554152445F4D41534B29203D3D203047
:10486000002867756172642026204358415F4755D0
:104870004152445F4D41534B29203D3D2043584117
:104880005F47554152445F494E49545F494E5F501E
:10489000524F4752455353004572726F72202D207C
:1048A00077726974696E6720746F20612066696C25
:1048B0006520696E20616E20495352206F7220631B
:1048C0007269746963616C2073656374696F6E0DDE
:1048D0000A000D004572726F72202D2072656164AE
:1048E000696E672066726F6D20612066696C652055
:1048F000696E20616E20495352206F722063726985
:10490000746963616C2073656374696F6E0D0A006E
:104910004F70657261746F72206E6577206F757469
:10492000206F66206D656D6F72790D0A00000000C2
:10493000000000000000000031DF0100ADDF0100D9
:10494000B9DF010059DF01001DDF01002DDF01008B
:104950003BAB010029DF0100899E0100939E01000D
:1049600023DF0100216B0100276B0100336B010085
:10497000376B01003D6B01007DDF0100476B0100DB
:104980000000000023000000000000002A000000DA
:1049900000000000010000002F7374646572720053
:1049A0002F737464696E002F7374646F7574002EB6
:1049B0002F6D6265642D6F732F706C6174666F72FA
:1049C0006D2F736F757263652F6D6265645F7374AD
:1049D0006174732E6300737461747320213D204EE3
:1049E000554C4C002E2F6D6265642D6F732F7274C1
:1049F0006F732F736F757263652F4576656E74469E
:104A00006C6167732E637070005F69640061707021
:104A10006C69636174696F6E5F756E6E616D6564FC
:104A20005F6576656E745F666C6167730061707058
:104A30006C69636174696F6E5F756E6E616D6564DC
:104A40005F6D75746578002E2F6D6265642D6F73D0
:104A50002F72746F732F736F757263652F4D75743A
:104A600065782E637070005F6964207C7C206D62C5
:104A700065645F6765745F6572726F725F696E5FB0
:104A800070726F67726573732829004D757465784D
:104A9000206C6F636B206661696C6564004D757492
:104AA000657820756E6C6F636B206661696C6564F8
:104AB000002E2F6D6265642D6F732F72746F732FCC
:104AC000736F757263652F53656D6170686F726582
:104AD0002E637070005F696420213D206E756C6CE0
:104AE0007074720053656D6170686F7265206163E8
:104AF0007175697265206661696C6564002E2F6D41
:104B00006265642D6F732F72746F732F736F75727C
:104B100063652F546869735468726561642E6370AD
:104B2000700028666C616773203D3D206F73466C92
:104B30006167734572726F7254696D656F75742029
:104B400026262072656C5F74696D6520213D207793
:104B50006169745F666F725F7533325F666F72652D
:104B600076657229207C7C2028666C616773203D05
:104B70003D206F73466C6167734572726F72526548
:104B8000736F757263652026262072656C5F746989
:104B90006D65203D3D2072656C5F74696D652E7A90
:104BA00065726F28292900737461747573203D3D07
:104BB000206F734F4B006170706C69636174696F33
:104BC0006E5F756E6E616D65645F74687265616459
:104BD00000000000000000000000000079EA010071
:104BE000B5EA0100FFFF0000FFFFFFFFFF0000002C
:104BF000FFFFFFFFFFFF0000FFFFFFFF2E2F6D6293
:104C000065642D6F732F746172676574732F5441DF
:104C1000524745545F4E4F524449432F54415247E7
:104C200045545F4E524635782F5441524745545FA4
:104C30004E524635322F5441524745545F4D4355ED
:104C40005F4E524635323834302F555342506879D2
:104C50005F4E6F726469632E6370700072657420BA
:104C60003D3D204E52465F5355434345535300004C
:104C70000000000000000000D7EB010009EC01007B
:104C800099ED010029ED0100D9EB010065ED01006E
:104C900017EC0100EFEB010037EC0100F1EB010034
:104CA000F7EB0100FDEB0100EFEB010001EC01006F
:104CB00009F1010033F1010039EE0100A5EC01001A
:104CC000C5EE0100B1EC0100B5EC0100D5EC01002E
:104CD000F3EC0100F9EC01003BEC0100ABEC01004E
:104CE0006BEC010021ED0100F1EF01000006000076
:104CF000310000003C0000003C0000003C000000CF
:104D00003C0000003C0000003C0000003C000000B3
:104D100032000000300000003000000030000000D1
:104D200030000000300000003000000030000000C3
:104D3000B5F101002E2F6D6265642D6F732F7461C4
:104D400072676574732F5441524745545F4E4F52FA
:104D50004449432F5441524745545F4E524635789B
:104D60002F5441524745545F4E524635322F67709B
:104D7000696F5F6170692E63006572725F636F6453
:104D80006520213D204E5246585F4552524F525F9A
:104D90004E4F5F4D454D002875696E7433325F7418
:104DA0002970696E203C204750494F5F50494E5F43
:104DB000434F554E54002E2F6D6265642D6F732F37
:104DC000746172676574732F5441524745545F4E46
:104DD0004F524449432F5441524745545F4E524627
:104DE00035782F5441524745545F4E524635322F45
:104DF0006932635F6170692E6300696E7374616EFE
:104E00006365203C204E5246585F5457495F454EDB
:104E100041424C45445F434F554E540000300040E2
:104E20000000000000400040010000000030004091
:104E30000040004000300040000000000040004002
:104E4000010000002E2F6D6265642D6F732F746159
:104E500072676574732F5441524745545F4E4F52E9
:104E60004449432F5441524745545F4E524635788A
:104E70002F5441524745545F4E524635322F70777A
:104E80006D6F75745F6170692E63006F626A007286
:104E90006573756C74203D3D204E5246585F5355E6
:104EA000434345535300696E7374616E6365203CE0
:104EB0002028696E74292873697A656F66286E6F79
:104EC000726469635F6E7266355F70776D5F696E7D
:104ED0007374616E636529202F2073697A656F662C
:104EE000286E7266785F70776D5F742929002E2FA7
:104EF0006D6265642D6F732F746172676574732FB3
:104F00005441524745545F4E4F524449432F5441F8
:104F1000524745545F4E524635782F5441524745CB
:104F2000545F4E524635322F73657269616C5F6112
:104F300070692E6300646174615F62697473203DFF
:104F40003D20380028706172697479203D3D205001
:104F500061726974794E6F6E6529207C7C2028709F
:104F60006172697479203D3D2050617269747945A0
:104F700076656E290073746F705F62697473203D8B
:104F80003D2031000101010000200040008002406E
:104F900040420F00200000000000FFFFDEC0ADDE39
:104FA000FE011EF1DEC0ADDEFF011EF102030405AD
:104FB000060708090B0008010C0110011401180173
:104FC0001C01200124012C010C0D0E0F10111213D5
:104FD00014003001340138013C0140014401480112
:104FE0004C015001C51A0200A11B0200711B0200F6
:104FF000E51C0200DF1C0200D91C0200D31C0200C9
:10500000CD1C0200C71C0200C11C02006D1C020066
:10501000111F02009D250200091F0200031F02004C
:10502000FD1E0200F71E0200F11E0200EB1E020030
:10503000E51E0200651F0200D11B0200AD1F020029
:10504000592702004D200200A13A0200B13A0200A5
:10505000354002004D4002000080000018000000B2
:105060000000000062617369635F737472696E6748
:105070003A3A5F4D5F637265617465007374643AB8
:105080003A6261645F657863657074696F6E000091
:1050900020520300B450030020520300D4500300F8
:1050A000AC510300F8500300AC5003002052030041
:1050B0000C5103004E31305F5F637878616269762E
:1050C0003131355F5F666F726365645F756E7769F6
:1050D0006E6445004E31305F5F6378786162697657
:1050E0003131395F5F666F726569676E5F657863DE
:1050F000657074696F6E4500537431336261645F2B
:10510000657863657074696F6E000000537439656B
:105110007863657074696F6E000000000000000025
:10512000A050030099460200A54602009D460200D9
:105130007374643A3A6261645F616C6C6F6300001F
:10514000AC5103004C510300AC500300537439625E
:1051500061645F616C6C6F63000000000000000020
:1051600040510300994E0200AD4E0200914E0200E4
:10517000AC5103007C510300E85103004E31305F15
:105180005F637878616269763132305F5F73695F3F
:10519000636C6173735F747970655F696E666F4588
:1051A0000000000000000000705103006554020080
:1051B0007954020081550200815502008156020097
:1051C000B155020051550200D1540200955402001D
:1051D00020520300D8510300537439747970655F0D
:1051E000696E666F00000000AC510300F4510300CB
:1051F000D05103004E31305F5F6378786162697629
:105200003131375F5F636C6173735F747970655FB1
:10521000696E666F4500000000000000E851030061
:10522000F555020009560200815502008155020021
:1052300081560200B155020069560200255602004F
:10524000E9550200AC5103005C520300AC5003006E
:10525000AC5103006C5203004452030053743131CB
:105260006C6F6769635F6572726F7200537431327D
:105270006C656E6774685F6572726F720000000023
:105280000000000044520300B1560200F156020033
:10529000AD56020000000000505203000557020006
:1052A00019570200AD56020062617369635F73743F
:1052B00072696E673A3A5F535F636F6E73747275AB
:1052C0006374206E756C6C206E6F742076616C69EF
:1052D0006400000062617369635F737472696E6772
:1052E0003A3A5F535F63726561746500666D6F641F
:1052F00000000000706F770073717274000000008E
:10530000737172746600000000000000000000006D
:105310000000000000000080000FC93F000F49405E
:1053200000CB9640000FC9400053FB4000CB164114
:1053300000ED2F41000F49410031624100537B4194
:10534000003A8A4100CB9641005CA34100EDAF4199
:10535000007EBC41000FC94100A0D5410031E241AF
:1053600000C2EE410053FB4100F20342003A0A4200
:105370000083104200CB164200141D42005C234201
:1053800000A5294200ED2F4200363642007E3C4205
:1053900000C74242000F4942A2000000F90000008D
:1053A000830000006E0000004E000000440000007A
:1053B0001500000029000000FC000000270000008C
:1053C00057000000D1000000F5000000340000008C
:1053D000DD000000C0000000DB00000062000000F3
:1053E00095000000990000003C0000004300000010
:1053F0009000000041000000FE000000510000008D
:1054000063000000AB000000DE000000BB000000F5
:10541000C500000061000000B7000000240000008B
:105420006E0000003A000000420000004D00000045
:10543000D2000000E000000006000000490000006B
:105440002E000000EA00000009000000D10000006A
:10545000920000001C000000FE0000001D00000083
:10546000EB0000001C000000B1000000290000005B
:10547000A70000003E000000E800000082000000DD
:1054800035000000F50000002E000000BB00000009
:105490004400000084000000E90000009C000000BF
:1054A0007000000026000000B40000005F00000053
:1054B0007E00000041000000390000009100000063
:1054C000D6000000390000008300000053000000F7
:1054D00039000000F40000009C000000840000007F
:1054E0005F0000008B000000BD000000F90000001C
:1054F000280000003B0000001F000000F800000032
:1055000097000000FF000000DE0000000500000022
:10551000980000000F000000EF0000002F000000C6
:10552000110000008B0000005A0000000A0000007B
:105530006D0000001F0000006D000000360000003C
:105540007E000000CF00000027000000CB0000001C
:1055500009000000B70000004F00000046000000F6
:105560003F000000660000009E0000005F00000099
:10557000EA0000002D000000750000002700000078
:10558000BA000000C7000000EB000000E5000000CA
:10559000F10000007B0000003D000000070000005B
:1055A00039000000F70000008A00000052000000EF
:1055B00092000000EA0000006B000000FB00000009
:1055C0005F000000B10000001F0000008D0000001F
:1055D0005D0000000800000056000000030000000D
:1055E0003000000046000000FC0000007B000000CE
:1055F0006B000000AB000000F0000000CF000000D6
:10560000BC000000200000009A000000F400000030
:10561000360000001D000000A9000000E3000000AB
:1056200091000000610000005E000000E600000044
:105630001B00000008000000650000009900000049
:10564000850000005F00000014000000A0000000C2
:1056500068000000400000008D000000FF00000016
:10566000D8000000800000004D0000007300000022
:1056700027000000310000000600000006000000C6
:105680001500000056000000CA0000007300000072
:10569000A8000000C900000060000000E200000057
:1056A0007B000000C00000008C0000006B000000C8
:1056B0000000C93F0000F0390000DA370000A233D3
:1056C0000000842E0000502B0000C2270000D022D2
:1056D0000000C41F0000C61B0000441704000000A7
:1056E00007000000090000004FBB610567ACDD3F0B
:1056F000182D4454FB21E93F9BF681D20B73EF3FF9
:10570000182D4454FB21F93FE2652F227F2B7A3C70
:10571000075C143326A6813CBDCBF07A8807703C29
:10572000075C143326A6913C0000000000003043C3
:1057300000000000000030C33863ED3EDA0F493F3F
:105740005E987B3FDA0FC93F6937AC31682122335D
:10575000B40F14336821A2332C2066756E6374690C
:105760006F6E3A2000000000617373657274696F98
:105770006E2022257322206661696C65643A20667A
:10578000696C6520222573222C206C696E652025AA
:1057900064257325730A000000202020202020208B
:1057A00020202828282828202020202020202020D1
:1057B00020202020202020202088101010101010E1
:1057C000101010101010101010040404040404042D
:1057D00004040410101010101010414141414141C7
:1057E00001010101010101010101010101010101A9
:1057F00001010101101010101010424242424242B9
:105800000202020202020202020202020202020278
:105810000202020210101010200000000000000020
:105820000000000000000000000000000000000078
:105830000000000000000000000000000000000068
:105840000000000000000000000000000000000058
:105850000000000000000000000000000000000048
:105860000000000000000000000000000000000038
:105870000000000000000000000000000000000028
:105880000000000000000000000000000000000018
:10589000000000000000000000000000480600209A
:1058A00043000000504F5349580000002E000000F4
:1058B000494E4600696E66004E414E006E616E00B4
:1058C0003031323334353637383941424344454636
:1058D00000000000303132333435363738396162F8
:1058E0006364656600000000286E756C6C2900001A
:1058F00030000000202020202020202020202020F8
:1059000020202020303030303030303030303030D7
:105910003030303020202020202020202020202047
:1059200020202020303030303030303030303030B7
:1059300030303030496E66696E697479000000005D
:105940004E614E00000000000080E03779C3414303
:10595000176E05B5B5B89346F5F93FE9034F384DD5
:10596000321D30F94877825A3CBF737FDD4F157581
:10597000000000000000F03F000000000000244094
:1059800000000000000059400000000000408F406F
:10599000000000000088C34000000000006AF840DA
:1059A0000000000080842E4100000000D0126341FE
:1059B0000000000084D797410000000065CDCD4174
:1059C000000000205FA00242000000E87648374255
:1059D000000000A2941A6D42000040E59C30A242F3
:1059E0000000901EC4BCD64200003426F56B0C4368
:1059F0000080E03779C3414300A0D885573476430F
:105A000000C84E676DC1AB43003D9160E458E1436F
:105A1000408CB5781DAF154450EFE2D6E41A4B44E4
:105A200092D54D06CFF08044F64AE1C7022DB54429
:105A3000B49DD9794378EA440500000019000000BC
:105A40007D0000000000000008B10181B0B00084BA
:105A50000000000008B10181B0B000840000000027
:105A6000E1EDFE7FA908B100FFFF01080E041C0054
:105A7000180E0000CDEDFE7FA908B100FFFF010860
:105A80000E041C00180E000008B10181B0B00084A3
:105A900000000000ADEDFE7FB0AF1800FF1019014F
:105AA0001124A6070000EE0704D80901BA08A801CE
:105AB000000001000000000089EDFE7FB0AF04008F
:105AC000FF101D0112200436012A042E017646BC67
:105AD0000100C401040000010000000000000000FB
:105AE00061EDFE7FA908B100FFFF010055EDFE7FCB
:105AF0008408B101B0B0B000FF1019010C02060813
:105B0000010C0410051C0A000001007F00007D004C
:105B1000000000000000000008B10181B0B0008466
:105B20000000000008B10181B0B000840000000056
:105B300011EDFE7FB0A80100FFFF01080E04180060
:105B40001E04000008B10181B0B000840000000014
:105B500008B10181B0B0008400000000E4A5FD7F21
:105B6000010000006CE9FE7FE0FEFF7FACE9FE7FF4
:105B700001000000D0E9FE7FB0AC018034EAFE7F76
:105B80000100000090EAFE7FCCFEFF7FA8EAFE7FC6
:105B9000D0FEFF7FD0EAFE7FDCFEFF7FF8EAFE7FCB
:105BA0000100000010EBFE7FAB08B180C8EBFE7F68
:105BB000D8FEFF7FF8EBFE7FAB08B18084ECFE7F60
:105BC000D4FEFF7F60F1FE7F0100000058F3FE7FEE
:105BD000E8FEFF7F2CF4FE7F08FFFF7FA4F4FE7F2A
:105BE0000100000034F5FE7F04FFFF7F54F5FE7FC7
:105BF0000100000060F5FE7F20FFFF7F60F5FE7F63
:105C000024FFFF7F6CF5FE7F0100000090F5FE7F12
:105C1000B0AB028038F6FE7F0100000004F7FE7F83
:105C2000B0B0A88040F7FE7F0100000090F7FE7F33
:105C3000AB08B180C0F7FE7FB0B0A88028F8FE7F27
:105C4000010000000CF9FE7FB0B0AC8030F9FE7F9F
:105C5000010000005CF9FE7FB0AA03808CF9FE7F92
:105C600001000000D0FAFE7FB0B0A88020FBFE7FCC
:105C7000010000001CFBFE7FB0B0AA80A4FBFE7FE9
:105C8000B0FEFF7FC4FBFE7FB0B0A880D0FBFE7FDC
:105C900001000000B809FF7FB0A90280540AFF7F0D
:105CA000B0B0A880A40AFF7F01000000B00AFF7F07
:105CB000B0B0AA80E80AFF7FAE71B280A80BFF7F68
:105CC00001000000A40BFF7FAB3F3880FC0BFF7F7F
:105CD00001000000080CFF7FB0B0AA80440CFF7FD9
:105CE00001000000E80CFF7FAB0EB280500DFF7F7B
:105CF000B0AF08801C10FF7F010000002010FF7F64
:105D0000AC3F03809812FF7F010000007414FF7FF6
:105D1000008404808814FF7F010000008414FF7F4A
:105D2000B0AD04804017FF7FB0A803806017FF7FED
:105D300014FEFF7F6417FF7F18FEFF7F7017FF7F41
:105D40000100000000000000030107020602080431
:105D50001310140804400520230000000000000078
:105D600000000000000000002A0000000000000009
:105D700000000000000000002B00000000000000F8
:105D800000000000000000002C00000000000000E7
:105D900000000000000000002F00000000000000D4
:105DA00000000000000000002D00000000000000C6
:105DB00000000000000000002E00000000000000B5
:105DC00000000000000000001700000000000000BC
:105DD00000000000000000001500000000000000AE
:105DE00000000000000000001B0000000000000098
:105DF0000000000000000000220000000000000081
:105E00000000000000000000210000000000000071
:105E1000000000000000000028000000000000005A
:105E200000000000000000000D0000000000000065
:105E3000000000000000000004000000000000005E
:105E4000000000000000000005000000000000004D
:105E500000000000000000001E0000000000000024
:105E600000000000000000001D0000000000000015
:105E700000000000000000001F0000000000000003
:105E80000000000000000000020000000000000010
:105E900000000000000000001C00000000000000E6
:105EA00000000000000000000300000000000000EF
:105EB00000000000000000001800000000000000CA
:105EC00000000000000000001000000000000000C2
:105ED00000000000000000000600000000000000BC
:105EE0000000000000000000290000000000000089
:105EF000000000000000000013000000000000008F
:105F00000000000000000000110000000000000080
:105F100000000000000000001A0000000000000067
:105F20000000000000000000190000000000000058
:105F300000000000000000000E0000000000000053
:105F400000000000000000000F0000000000000042
:105F50000000000000000000200000000000000021
:105F6000000000000000000016000000000000001B
:105F7000000000000000000008000000713703006E
:105F8000D3B3FB020000000000000000000000008E
:105F90000000000000000000000000000000000001
:105FA00000000000000000000000000000000000F1
:105FB00000000000000000000000000000000000E1
:105FC00000000000000000000000000000000000D1
:105FD00000000000000000000000000000000000C1
:105FE00000000000000000000000000000000000B1
:105FF00000000000000000000000000000000000A1
:106000000000000000000000000000000000000090
:106010000000000000000000000000000000000080
:106020009D9C010001000000D7CD0100D7CD0100EB
:10603000FFFFFFFFFFFFFFFFFFFFFFFF000000006C
:106040000000000000000000000000000000000050
:106050000000000000000000000000000000000040
:106060000000000000000000000000000000000030
:106070000000000000000000000000000000000020
:106080000000000000000000000000000000000010
:106090000000000000000000000000000000000000
:1060A00000000000000000000000000000000000F0
:1060B00000000000000000000000000000000000E0
:1060C00000000000000000000000000000000000D0
:1060D00000000000000000000000000000000000C0
:1060E00000000000000000000000000000000000B0
:1060F00000000000000000000000000000000000A0
:10610000000000000000000000000000000000008F
:10611000000000000000000000000000000000007F
:10612000000000000000000000000000000000006F
:1061300000BA00200090D00301010000010000001F
:10614000FFFFFFFFFFFFFFFFFFFFFFFFFFFFFFFF5F
:10615000FF00000000C001400000000000100240ED
:1061600001000000002002400200000000D00240B8
:1061700003000000010000000DE001004151020099
:1061800001000000480600200000000000000000A0
:10619000340900209C090020040A002000000000AF
:1061A00000000000000000000000000000000000EF
:1061B00000000000000000000000000000000000DF
:1061C00000000000000000000000000000000000CF
:1061D00000000000000000000000000000000000BF
:1061E00000000000000000000000000000000000AF
:1061F000000000000000000000000000000000009F
:10620000000000000000000000000000000000008E
:10621000000000000000000000000000000000007E
:10622000000000000000000000000000000000006E
:106230000000000001000000000000000E33CDABA4
:1062400034126DE6ECDE05000B00000000000000DB
:10625000000000000000000000000000000000003E
:10626000000000000000000000000000000000002E
:10627000000000000000000000000000000000001E
:10628000000000000000000000000000000000000E
:1062900000000000000000000000000000000000FE
:1062A00000000000000000000000000000000000EE
:1062B00000000000000000000000000000000000DE
:1062C00000000000000000000000000000000000CE
:1062D00000000000000000000000000000000000BE
:1062E00000000000000000000000000000000000AE
:1062F000000000000000000000000000000000009E
:10630000000000000000000000000000000000008D
:10631000000000000000000000000000000000007D
:10632000000000000000000000000000000000006D
:10633000000000000000000000000000000000005D
:10634000000000000000000000000000000000004D
:10635000000000000000000000000000000000003D
:10636000000000000000000000000000000000002D
:10637000000000000000000000000000000000001D
:10638000000000000000000000000000000000000D
:1063900000000000000000000000000000000000FD
:1063A00000000000000000000000000000000000ED
:1063B00000000000000000000000000000000000DD
:1063C00000000000000000000000000000000000CD
:1063D00000000000000000000000000000000000BD
:1063E00000000000000000000000000000000000AD
:1063F000000000000000000000000000000000009D
:10640000000000000000000000000000000000008C
:10641000000000000000000000000000000000007C
:10642000000000000000000000000000000000006C
:10643000000000000000000000000000000000005C
:10644000000000000000000000000000000000004C
:10645000000000000000000000000000000000003C
:10646000000000000000000000000000000000002C
:10647000000000000000000000000000000000001C
:10648000000000000000000000000000000000000C
:1064900000000000000000000000000000000000FC
:1064A00000000000000000000000000000000000EC
:1064B00000000000000000000000000000000000DC
:1064C00000000000000000000000000000000000CC
:1064D00000000000000000000000000000000000BC
:1064E00000000000000000000000000000000000AC
:1064F000000000000000000000000000000000009C
:10650000000000000000000000000000000000008B
:10651000000000000000000000000000000000007B
:10652000000000000000000000000000000000006B
:10653000000000000000000000000000000000005B
:10654000000000000000000000000000000000004B
:10655000000000000000000000000000000000003B
:10656000000000000000000000000000000000002B
:10657000000000000000000000000000000000001B
:10658000000000000000000000000000000000000B
:1065900000000000000000000000000000000000FB
:1065A00000000000000000000000000000000000EB
:1065B0000000000043000000000000000000000098
:1065C00000000000000000000000000000000000CB
:1065D0000000000043000000000000000000000078
:1065E00000000000000000000000000000000000AB
:1065F0000000000043000000000000000000000058
:10660000000000000000000000000000000000008A
:106610000000000043000000000000000000000037
:10662000000000000000000000000000000000006A
:106630000000000043000000000000000000000017
:10664000000000000000000000000000000000004A
:1066500000000000430000000000000000000000F7
:10666000000000000000000000000000000000002A
:1066700000000000430000000000000000000000D7
:10668000000000000000000000000000000000000A
:106690000000000051E502009DB60200000000006D
:1066A00098570300AC580300645703006457030075
:1066B00064570300645703006457030064570300E2
:1066C000645703006457030064570300FFFFFFFF94
:1066D000FFFFFFFFFFFFFFFFFFFF0000010041532F
:1066E00043494900000000000000000000000000D5
:1066F0000000000000000000000000000000415306
:1067000043494900000000000000000000000000B4
:106710000000000000000000000000000000000079
:106720000000000000000000DC0B0020DC0B00205B
:10673000E40B0020E40B0020EC0B0020EC0B00200D
:10674000F40B0020F40B0020FC0B0020FC0B0020BD
:10675000040C0020040C00200C0C00200C0C002069
:10676000140C0020140C00201C0C00201C0C002019
:10677000240C0020240C00202C0C00202C0C0020C9
:10678000340C0020340C00203C0C00203C0C002079
:10679000440C0020440C00204C0C00204C0C002029
:1067A000540C0020540C00205C0C00205C0C0020D9
:1067B000640C0020640C00206C0C00206C0C002089
:1067C000740C0020740C00207C0C00207C0C002039
:1067D000840C0020840C00208C0C00208C0C0020E9
:1067E000940C0020940C00209C0C00209C0C002099
:1067F000A40C0020A40C0020AC0C0020AC0C002049
:10680000B40C0020B40C0020BC0C0020BC0C0020F8
:10681000C40C0020C40C0020CC0C0020CC0C0020A8
:10682000D40C0020D40C0020DC0C0020DC0C002058
:10683000E40C0020E40C0020EC0C0020EC0C002008
:10684000F40C0020F40C0020FC0C0020FC0C0020B8
:10685000040D0020040D00200C0D00200C0D002064
:10686000140D0020140D00201C0D00201C0D002014
:10687000240D0020240D00202C0D00202C0D0020C4
:10688000340D0020340D00203C0D00203C0D002074
:10689000440D0020440D00204C0D00204C0D002024
:1068A000540D0020540D00205C0D00205C0D0020D4
:1068B000640D0020640D00206C0D00206C0D002084
:1068C000740D0020740D00207C0D00207C0D002034
:1068D000840D0020840D00208C0D00208C0D0020E4
:1068E000940D0020940D00209C0D00209C0D002094
:1068F000A40D0020A40D0020AC0D0020AC0D002044
:10690000B40D0020B40D0020BC0D0020BC0D0020F3
:10691000C40D0020C40D0020CC0D0020CC0D0020A3
:10692000D40D0020D40D0020DC0D0020DC0D002053
:10693000E40D0020E40D0020EC0D0020EC0D002003
:10694000F40D0020F40D0020FC0D0020FC0D0020B3
:10695000040E0020040E00200C0E00200C0E00205F
:10696000140E0020140E00201C0E00201C0E00200F
:10697000240E0020240E00202C0E00202C0E0020BF
:10698000340E0020340E00203C0E00203C0E00206F
:10699000440E0020440E00204C0E00204C0E00201F
:1069A000540E0020540E00205C0E00205C0E0020CF
:1069B000640E0020640E00206C0E00206C0E00207F
:1069C000740E0020740E00207C0E00207C0E00202F
:1069D000840E0020840E00208C0E00208C0E0020DF
:1069E000940E0020940E00209C0E00209C0E00208F
:1069F000A40E0020A40E0020AC0E0020AC0E00203F
:106A0000B40E0020B40E0020BC0E0020BC0E0020EE
:106A1000C40E0020C40E0020CC0E0020CC0E00209E
:106A2000D40E0020D40E0020DC0E0020DC0E00204E
:106A3000E40E0020E40E0020EC0E0020EC0E0020FE
:106A4000F40E0020F40E0020FC0E0020FC0E0020AE
:106A5000040F0020040F00200C0F00200C0F00205A
:106A6000140F0020140F00201C0F00201C0F00200A
:106A7000240F0020240F00202C0F00202C0F0020BA
:106A8000340F0020340F00203C0F00203C0F00206A
:106A9000440F0020440F00204C0F00204C0F00201A
:106AA000540F0020540F00205C0F00205C0F0020CA
:106AB000640F0020640F00206C0F00206C0F00207A
:106AC000740F0020740F00207C0F00207C0F00202A
:106AD000840F0020840F00208C0F00208C0F0020DA
:106AE000940F0020940F00209C0F00209C0F00208A
:106AF000A40F0020A40F0020AC0F0020AC0F00203A
:106B0000B40F0020B40F0020BC0F0020BC0F0020E9
:106B1000C40F0020C40F0020CC0F0020CC0F002099
:106B2000D40F0020D40F0020FFFFFFFF0000020061
:106B30000000000025010100ED030100FD500100EF
:106B400021560100E15C0100356F01003D7101003B
:106B5000DD760100A59D0100DD9D0100694E02006A
:106B60000000000001010100000000000000000022
:106B70000000000000000000000000000000000015
:106B800000000000000000001919020000000000D1
:046B90000000000001
:00000001FF
