:020000021000EC
:100000000000042035F601006DF601003DD9010025
:1000100071F6010049D901004FD90100000000002C
:10002000000000000000000000000000857D0100CD
:1000300079F60100000000001F7E01002F7E010004
:100040005D3402008DA201007FF601007FF6010001
:100050007FF601007FF601007FF601007FF60100C8
:100060007FF60100A50201007FF601007FF6010086
:100070007FF60100F13502007FF60100A5A2010024
:100080007FF601007FF601007FF601007FF6010098
:100090007FF601007FF601007FF601007FF6010088
:1000A0007FF601007FF60100C5020100E5020100B4
:1000B0007FF601007FF60100000000000000000054
:1000C0007FF601007FF601007FF601007FF6010058
:1000D0007FF601007FF601007FF601007FF6010048
:1000E0007FF601007FF601007FF6010000000000AE
:1000F000000000007FF60100000000007FF6010014
:1001000010B5054C237833B9044B13B10448AFF351
:1001100000800123237010BD20100020000000008B
:10012000EC58030008B5034B1BB103490348AFF378
:10013000008008BD0000000024100020EC580300DF
:10014000154B002B08BF134B9D46A3F5803A0021A9
:100150008B460F461348144A121A1BF0B9FB0F4B7B
:10016000002B00D098470E4B002B00D09847002062
:10017000002104000D000D48002802D00C480EF0AC
:1001800085F91AF0A9FE2000290009F0C5FE0EF03D
:100190007AF900BF00000800000004200000000001
:1001A000759E01002010002090B900208DE4010010
:1001B00000000000704700000278024B002143F865
:1001C000221070475C100020014B01221A7070470A
:1001D0008D100020014B01221A707047A0100020E2
:1001E000014B01221A7070478C1000200B680360CD
:1001F0004B6843608B68836070470C30704708B56C
:10020000FFF7FBFF0023036008BDC3680BB19B68C9
:100210001847704790F90930002B82B00DDB5A095E
:10022000012103F01F0301FA03F320320C4941F8C6
:100230002230BFF34F8FBFF36F8F4268017A0123E3
:1002400053604FF480338B40C2F8083350339B0027
:100250009BB20021D150D3580193019B02B070474B
:1002600000E100E010B5047A42684FF480310123C8
:10027000A1401360D360C2F8041390F90920002A4A
:1002800006DB510902F01F029340054A42F8213073
:10029000037A4268C16903F5A87342F8231010BDC0
:1002A00000E100E038B5064D6C683CB12046FFF730
:1002B000B1FFE36898476868FFF7D4FF38BD00BF17
:1002C0005C10002038B5064DEC683CB12046FFF7C5
:1002D000A1FFE3689847E868FFF7C4FF38BD00BF97
:1002E0005C10002038B5064D2C693CB12046FFF764
:1002F00091FFE36898472869FFF7B4FF38BD00BF56
:100300005C10002008B5304804F015FF00285AD0D2
:100310002D4804F032FF032855D8DFE800F0021D15
:1003200021502A4A13680133002B1360B8BF5B4287
:10033000032293FBF2F202EB42029B1A4FF0000100
:1003400001D1182004E0012B01D1172000E0162074
:10035000BDE8084007F0C8BC1C4A1368013BE3E74E
:100360001A4A1368013B002B1360B8BF5B429A071F
:1003700009D10021162007F0B7FC0121172007F052
:10038000B3FC0121DDE7032293FBF2F202EB420210
:100390009B1A012B06D10021172007F0A5FC012193
:1003A0001620ECE7022B0CBF00210121182007F0DA
:1003B0009BFC0121162007F097FC0121C5E7034AA9
:1003C00013680133CFE708BD201300207010002010
:1003D00038B507F0DBFB154B154C1B78012B054698
:1003E00018D008D3022B134A18D02368C31A93429B
:1003F0000FD9002117E023680F4AC31A934208D986
:100400000E4B197881F001010D20197007F06CFC7A
:10041000256038BD23680A4AC31AEFE72368C31A68
:100420009342F6D90121054BEEE700BFC41100202D
:10043000741000207F9698009F860100781000209D
:100440003F420F0010B50446FFF7DFFE204610BD07
:10045000044BC36003460A6843F8042B0022426041
:100460005A60704784FE020013B50446019121B919
:10047000FFF7C5FE204602B010BD01A9FFF7E8FF57
:10048000F8E70368184708B5FFF7FBFF08BD0368E6
:1004900070B5044663B1436A45691E1DAE4204D976
:1004A00055F8040B0EF00EFAF8E720680EF00AFA81
:1004B000204670BD10B504467830FFF7E8FF2046AF
:1004C00010BD000038B51D4D1D4A1E4C1E484FF092
:1004D000FF33202105F040F8284600F00BFF2246AC
:1004E0001A4928460DF0CDFF194803230370194B14
:1004F00043600022042102720174C2601A21D3F801
:1005000008254172144942F00302C860C3F8082567
:10051000D3F80425114922F00302C3F80425D3F8C7
:10052000102522F00F0242F00402C3F810250C4BF4
:1005300043612246BDE838400DF0A3BFC010002043
:10054000B71DC10400020020A4100020B504010062
:100550003C10002000A001405C100020B901010007
:100560000024744910B52DED028B012186B00D20B9
:1005700007F076FB0121162007F072FB01211720FE
:1005800007F06EFB0121182007F06AFB01211620FD
:1005900007F0AAFB0121172007F0A6FB0121182074
:1005A00007F0A2FB4FF4E1317348734C05F0CAFD2C
:1005B000204605F0FFFB10B9FFF70AFFF8E702211C
:1005C0006E4804F0DBFA30B96D496B4807F096F8D5
:1005D000FFF7FEFEFCE702AC6A492046FFF744FF46
:1005E0002146664804F0BEFE2046FFF72BFF664911
:1005F000614807F083F8654804F04EFB30B9644960
:100600005D4807F07BF8FFF7E3FEFCE761495A48D5
:1006100007F074F8604804F07FFC30B95F49564831
:1006200007F06CF8FFF7D4FEFCE75D49524807F08D
:1006300065F8594804F07FFD574804F0A1FB0322F8
:100640005849C0B205F028FB64220121564800F049
:1006500093FB554800F094FA6421534800F0E2FA05
:100660000221514800F0C8FA4F4800F04CFA01212D
:100670004D4800F0AFF94D4B93E8070084E80700C0
:10068000214649484A4C01F053F94A493A4807F093
:1006900035F8D4ED057A484BE360B2EE048AC7EE34
:1006A000886A2346B0EE007AF4EEC76AF1EE10FADB
:1006B00021D54249304807F009F841492E4806F053
:1006C000FCFF40492C4807F001F8D4ED057AC7EE4D
:1006D000887A17EE900A15F0ABF9022300930246D0
:1006E0000B46254807F0FAF83749234807F006F883
:1006F000FFF76EFEFCE7FCEEE77A616884ED067AB0
:10070000FBEEEF7A4FF48030FCEEE77A0122C4ED85
:10071000077A247A0A60A040CA60C1F8040393F9FA
:100720000910002906DB480901F01F018A4027490A
:1007300041F820205A68D9691B7A254C03F5A87323
:1007400042F8231007F022FA206007F01FFA23680E
:10075000C01A204B186007F019FA23681E49C01A06
:100760001E4B18601E4B044801221A7006F0C6FF8B
:1007700006B0BDEC028B10BDC81900204813002044
:10078000A8FE0200C9010100C2FE020018130020E9
:10079000D1FE0200ECFE020020130020FCFE02004D
:1007A00021FF0200E1010100C010002090FE0200C4
:1007B0003C1000203BFF0200D5010100A0FE02001A
:1007C0004AFF02009EFE020091FF020000E100E0ED
:1007D000C811002090100020C1FF0200C0110020AD
:1007E000C41100200000000070B5044607F0CEF9E7
:1007F000414B424D1B68C01A15F0F8F83AA3D3E9F3
:10080000002315F06DF915F01BFC3D4B28601A68AC
:10081000904265D018603B4A3B4E3C493C4803F04F
:10082000B3FD3C493A4803F0B8FE31463A4804F07B
:100830005FFA286815F0DAF82DA3D3E9002315F044
:100840004FF915F01DFC2F4B304A0146334800F09C
:1008500001FE3349314800F0C3F8324A2B492F4892
:1008600000F03DFB304A27492C4800F030F92F4B6F
:100870001B8823802B68C4F80230244B03CBC4F8B8
:100880000600C4F80A1018681E4BC4F80E0003CB0B
:10089000C4F8120018681F4BC4F81610C4F81A00E8
:1008A00003CBC4F81E0018681D4BC4F82210C4F80E
:1008B000260003CBC4F82A0018683368C4F82E1049
:1008C000C4F832002146C4F836303E22184804F0FD
:1008D0004DFE21463E221748BDE8704005F0D2BAD1
:1008E00070BD00BFAFF30080BB270F0BB5A6EF3F75
:1008F0008DEDB5A0F7C6B03EC811002090100020C5
:10090000C01100207C10002088100020A8110020B9
:10091000481300209410002018130020C01000205D
:10092000B41100209C110020901100209CFE0200B8
:10093000A4100020C819002000B50C4B1A7891B003
:1009400042B10B4A1278012A04D1002268461A707B
:10095000FFF74AFF074B1A781AB100221A70FFF707
:10096000D1FCFFF735FD11B05DF804FB8D100020C0
:10097000C41100208C1000204B680360436083602A
:10098000704700002DE9F04100F58478064600F13B
:1009900084054746BD4205D02C3F07F1140013F0F3
:1009A00041FDF7E7A8EB0505094CAD086C4324F0C1
:1009B00040446FF02B0303FB0484A64205D02C3C7B
:1009C00004F1140013F02EFDF7E73046BDE8F08186
:1009D000A38B2E3A80F865107047000000000000DD
:1009E0001FB50C4601A901F00FF8019815F020F889
:1009F0000FA3D3E9002315F073F815F041FB206035
:100A0000029815F015F80AA3D3E9002315F068F849
:100A100015F036FB6060039815F00AF804A3D3E9DB
:100A2000002315F05DF815F02BFBA06004B010BD9D
:100A3000F8C1631ADCA54C4090F8C03010B50446EC
:100A40000BB9012010BDD1ED017AD1ED006A91ED15
:100A5000027A67EEA77AE6EEA67AE7EE077A17EE55
:100A6000900A17F007F8D4ED187A07EE100A77EE1F
:100A7000677A94ED317A67EE877AB0EE007AF4EE19
:100A8000C77AF1EE10FADCDDB8EE007AF4EEC77A40
:100A9000F1EE10FA54BF01200020D3E790F8643043
:100AA000D1ED007A33B1C2ED007A4B6853608B68A8
:100AB00093607047F1EE677AC2ED007A4B6853603D
:100AC000D1ED027AF1EE677AC2ED027A7047FFF754
:100AD000E5BF00224260012280F820200022016050
:100AE00082604261C26082610261C261704700231C
:100AF00083604361C36083610361C361002343601A
:100B000080F8203070472430FFF7F1BF0023836066
:100B10004361C36083610361C361002343600123B8
:100B200080F8203070472DE9F04F85B004AB0025E8
:100B3000044643F8045D02AA01A90195029501F05B
:100B40006DFBD4E92298D4F89C30D4E920BA08F19E
:100B500004061F1DB74204D956F8040B0DF0B2FE6F
:100B6000F8E7C4E924BAC4E92698C4F8A450C4F844
:100B7000A85004F12400FFF7C9FF05B0BDE8F08FCD
:100B80002DE9F0432DED028B0446C7B0FFF7CBFFF4
:100B900094F8741004A801F0D7FD0FF25409D9E9B4
:100BA000008901AE04F1480537465434B0EE088A96
:100BB00004A9384601F067FDF6EC017A67EE887A01
:100BC00017EE900A14F034FF42464B4614F088FFAB
:100BD00015F056FA45F8040BA542E9D104A8FFF731
:100BE000D1FE47B0BDEC028BBDE8F083AFF30080CF
:100BF000F8C1631ADCA54C4038B50C460546FFF732
:100C000092FF631E632B02D8C5F8A04038BD03498C
:100C10000348BDE8384006F071BD00BF7200030014
:100C2000C819002038B504460D46FFF77CFF204662
:100C300040F8245FBDE83840FFF768BF00000000BF
:100C40002DE9F0432DED068B0446CDB00D46FFF7A0
:100C50006AFF94F874100AA801F076FD0AA901A8A9
:100C600001F018FD0AA904A801F025FD0AA907A8AA
:100C70009DED04AADDED05AA01F027FD0198DDED4B
:100C8000079A9DED088A14F0D3FE064628460F46C3
:100C900014F0BCFE8046894616F08CFE02460B46D8
:100CA0003046394615F046F815F0EAF909EE100A13
:100CB000029814F0BDFE06460F464046494616F01F
:100CC00079FE28EE088A02460B463046394615F072
:100CD00031F8AAEEAA8A15F0D3F908EE900A18EEB8
:100CE000100A16F0C7FE69EEA99A14F0A1FE20A31F
:100CF000D3E9002315F01EF8EAEE0A9A15F0C0F9C0
:100D000008EE100A19EE900A16F0B4FE14F090FEE8
:100D100017A3D3E9002315F00DF815F0B1F979EE1A
:100D2000086A07EE900A89EE267A20467821694300
:100D300078EEA76A84ED157A88EEA67A28EE088AFE
:100D400067EEA77AA9EE098AE8EEA87A84ED167A0A
:100D5000C4ED2F7A84ED2C8A40F8241FFFF7D6FECD
:100D60000AA8FFF70FFE4DB0BDEC068BBDE8F0837F
:100D700014AE47E17A94234070B50446C8B00D46DE
:100D80001646FFF7D0FE294684F8745006A801F0F5
:100D9000DBFC03AD06A9684601F083FC06A92846E2
:100DA00001F093FCD4ED317A6B462A46F3EC016AEC
:100DB000B2EC017AE6EEA67A9D42E7EE077AF5D12B
:100DC000C4ED317A17EE900A16F054FE07EE900A41
:100DD000B7EE007AC7EE277A31462046C4ED317A65
:100DE000FFF72EFF06A8FFF7CDFD48B070BD90F8C5
:100DF0002020034622BBD0ED057AF5EE407AF1EED5
:100E000010FA1DD1D0E90002824235DA91ED007A64
:100E1000D3ED027A77EE877A0132C3ED027A91ED53
:100E2000017AD3ED037A77EE877AC3ED037A91EDF9
:100E3000027AD3ED047A5A6077EE877AC3ED047AAA
:100E400093F82000B8B193ED057AD1ED007A77EEF2
:100E5000C77AC1ED007A93ED067AD1ED017A77EE8B
:100E6000C77AC1ED017A93ED077AD1ED027A77EE78
:100E7000C77AC1ED027A7047E2D107EE902AD3ED2E
:100E8000026AF8EEE77A012286EEA77A83F820203C
:100E9000D3ED036A83ED057A86EEA77AD3ED046A73
:100EA00083ED067A86EEA77A83ED077AC8E710B558
:100EB00090F8202001F10C03143000246AB1D1ED28
:100EC000007A90ED007A77EEC77AC1ED007A0431AE
:100ED000994200F10400F1D110BD0C60F7E738B57C
:100EE000FFF7DCFD90F865302BB111462430BDE8EA
:100EF0003840FFF7DCBF38BDF8B504462DED048B54
:100F000000680D4616F008FB09EE100A14F090FD7B
:100F10000022314B16F0B0FB064620680F4616F053
:100F2000FBFADFED2E7A95ED008A69EE277AB7EEAF
:100F3000007AA7EE897A08EE900A17EE100A14F0EC
:100F400077FD21A3D3E9002304460D4630463946F8
:100F500014F0C6FD02460B462046294614F00AFC52
:100F60001BA3D3E9002314F0BBFD9FED1D7ADFED39
:100F70001D7A28EE877A0446E7EE287A0D4667EE5A
:100F8000887A17EE900A14F053FD02460B4620466D
:100F9000294614F0EFFBDFED147A68EE277A044659
:100FA00067EE887A0D4617EE900A14F041FD02466E
:100FB0000B462046294614F0DDFB15F061F8BDEC28
:100FC000048BF8BDAFF30080000000E0F966F83E46
:100FD00000000000878F234000001040CFFBAC3B97
:100FE000DA1A973121364FB6BBF84A2B00000000C1
:100FF000D3ED007A91ED007A67EEA77A2DE9F843F8
:10100000E7EE077A05461E462DED028B17EE900A95
:1010100017680C4616F02EFD14F00AFD38A3D3E92C
:1010200000238046894614F0CDFF18B10FF2D00995
:10103000D9E90089384614F0FBFC42464B4616F0CD
:10104000B9FA15F01DF8D6ED007A2468F5EEC07AED
:10105000F1EE10FA804627EEA78A20462EDD14F026
:10106000E7FC29A3D3E9002306460F4614F038FD18
:1010700032463B4614F034FD064618EE100A0F4681
:1010800014F0D6FC02460B463046394614F072FB8B
:1010900016F090FC06460F4684F0004014F0C8FCA1
:1010A00032463B4616F086FA14F0EAFFBDEC028B9E
:1010B0006860C5F800802846BDE8F88314F0B8FCE5
:1010C00011A3D3E9002306460F4614F009FD32466A
:1010D0003B4614F005FD064618EE100A0F4614F0C4
:1010E000A7FC02460B463046394614F043FB16F087
:1010F00061FC064601F10047CEE700BFAFF3008078
:101100003A8C30E28E79453E8DEDB5A0F7C6B03E03
:10111000D0B514F08DFC1EA3D3E9002314F02AFBF4
:101120001DA3D3E9002316F047FA19A3D3E900233E
:1011300014F01EFB14F0A4FF044614F079FC14A371
:10114000D3E9002306460F4614F05AFF48B112A314
:10115000D3E900233046394614F00AFB14F090FF1F
:101160000446204614F064FC0DA3D3E90023064690
:101170000F4614F031FF48B107A3D3E900233046EE
:10118000394614F0F7FA14F07BFF04462046D0BD30
:10119000182D4454FB210940182D4454FB211940BB
:1011A000182D4454FB2109C0012908B506D9054B67
:1011B000054A06484FF4CD7118F010FF00EB81008E
:1011C00008BD00BF96000300F3050300B300030051
:1011D0004269436A9B1A9B105A1ED0E906315B1A7A
:1011E000DB1003EB821302698068101A03EBE00046
:1011F0007047000038B583680468032B0FD1C368BB
:1012000042681A4400250123022A4260C0E90253C1
:1012100005DD0F4B0F4A49210F4818F0DFFE8368A8
:10122000022B03DD0D4B0B4A4C21F5E7C268012A66
:1012300003D00B4B074A4D21EEE745685A1C03EBE0
:1012400043032B4404EB830382600A681A6038BDB1
:10125000120103003507030031020300610103009E
:10126000B8010300F8B5002304460360C0E9023367
:10127000C0E90433C0E90633C0E9083308234360FA
:1012800020200DF009FB65682060013D6D0800EB32
:10129000850706464FF400700DF0FEFA00F5007366
:1012A00046F82500E060C4E90703A060A06167611B
:1012B000236167622046F8BD08B5030705D0034BDC
:1012C000034A04486D2118F089FE08BDA8040300F4
:1012D000E70803009705030010B50446FFF7ECFF8D
:1012E0004FF07E53002223606260A260E3602046DC
:1012F00010BD000070B504468AB000F073FB42F6E2
:10130000E06104F12400FFF7E4FB4FF07E536365D6
:10131000A365184BE3650025174B2366012601A939
:1013200004F16800A564E564256584F8646084F8C8
:1013300065600295FFF720FB04F17800FFF792FF4C
:1013400001A9C4F8A060C4F8A450C4F8A85004F1DE
:10135000B000FFF7C1FF84F8C060C4F8C45001A812
:1013600000F040FB01A9204600F0B6FC20460AB080
:1013700070BD00BF000080BFCBA11C41D0E900239D
:101380009869D3ED046A126889000844D0ED007AA8
:10139000D868084490ED007AD6EE877A0A4493ED37
:1013A0000A7A67EE877AC2ED007A704708B503685B
:1013B00001EB4102022903EB820305D90D4B0E4AD2
:1013C0000E487A2118F00AFE426893ED027AD2EDB7
:1013D000027AD2ED016A67EE877A93ED017AE6EE42
:1013E000877AD2ED006A93ED007AE6EE877A17EEFF
:1013F000900A08BD01040300F9070300AC030300D1
:101400000368406810B51C6804EB8104FFF7CEFF49
:10141000206010BD10B54B680C688AB0CDE9063469
:101420000893032309930AAB049043F8280D002185
:10143000019301A805ABCDE902320594FFF7E0FF67
:1014400001A80121FFF7DCFF022101A8FFF7D8FF67
:101450000AB010BD2DE9F04F2DED048BB1B01D4643
:1014600008EE901A114602AA0446FFF717FB294618
:1014700005AAFFF713FB02A92430FFF7B8FC0025EB
:101480000DF19008002800F0BA81D4ED177AF5EE3E
:10149000C07AF1EE10FAC0F2A681259508AD41465A
:1014A0002846FFF769FADDED027A94ED127AF0EE44
:1014B000E76AF4EEC76AF1EE10FAC8BFCDED087A1C
:1014C000DDED037A94ED137AF0EEE76AF4EEC76A85
:1014D000F1EE10FAC8BFCDED097ADDED047AD4ED56
:1014E000146AB0EEE77AF4EEC76A0FAFF1EE10FAC5
:1014F0002146384648BFCDED0A7A00F079FA94EDDE
:10150000178AC24B289301AE04F1680332462BA818
:101510000BA938EEC88A0C932A901E9727950B9733
:10152000FFF778FF00210BA88DED2E8A0195CDE9FC
:101530000B68CDF834D00E95FFF720FF01210BA8E2
:10154000FFF71CFF02210BA8FFF718FF29462046D2
:1015500000F05AFF07AB06AA05A93846FFF748FD79
:10156000D4F89820D4F89030083A934204F17809DE
:1015700000F0A2801BB197E8030083E80300083362
:10158000C4F89030002604F1A407D4E9240398425B
:1015900002BFD4F89C3053F8040C00F500703146BB
:1015A0000838FFF701FE314605463846FFF7FCFDD7
:1015B00095ED007AD0ED007A77EE877AC0ED007A6B
:1015C000002E00F0FB804846FFF702FED4F8A03062
:1015D00098422CD9D4F8805000212846FFF7E4FD2A
:1015E000002182463846FFF7DFFD9AED007AD0ED04
:1015F000007A77EEC77A3146C0ED007A2846FFF7C9
:10160000D3FD314682463846FFF7CEFD9AED007A8B
:10161000D0ED007AD4F8883077EEC77A083B9D4247
:10162000C0ED007A00F0CC800835C4F88050414607
:10163000204600F0E9F905A92046FFF7FDF9A0B31F
:101640004846FFF7C5FD07EE900A94ED2A7AD4EDDF
:10165000296A9DED248A94ED159AF8EE677AC7EE13
:10166000279A86EEA77A78EE477A17EE900AFFF768
:101670004FFD07EE900AA9EE678A94ED169A8DED5C
:10168000188A9DED258A78EE697A17EE900AFFF7A1
:101690003FFD07EE900AA9EE678A26AB19AA18A9A2
:1016A0008DED198A204600F0B9FDC4ED178A31B0DE
:1016B000BDEC048BBDE8F08FD4F89C20A06FE36FE5
:1016C000111AA3EBA101012932D8D4F88C10A2EB96
:1016D000010A4FEAAA0A0AF1010A0AF10105B3EB6D
:1016E000450F47D95D1B6D0800EB8505131DA94209
:1016F000A3EB010237D98B4202D028461AF084F8B6
:101700002B68C4F8843003F50073C4F888300AF1FC
:101710008043013B05EB830255F82330C4F8943035
:1017200003F50073C4F88C50C4F89C20C4F89830BA
:101730004FF40070D4F89C500DF0AEF86860D4F807
:1017400090301BB197E8030083E80300D4F89C3085
:101750001A1D5B68C4F89C2003F50072C4F894302D
:10176000C4F898200CE78B424FEA8A00C8D0801A50
:101770002844C3E7002B14BF1E46012602331E4433
:10178000B6F1804F01D312F0CBFEB0000DF084F81B
:10179000D4F89C20D4F88C10751B04326D088A4252
:1017A000834600EB850503D0521A28461AF02CF820
:1017B000A06F0DF087F8C4E91EB6A1E70126E4E6A4
:1017C000D4F884000DF07EF8D4F88C301A1D5B68D4
:1017D000C4F88C2003F50072C4F88430C4F8882063
:1017E000C4F8803023E707AB06AA05A94046FFF7F7
:1017F000FFFB30AB25AA43F8605D414652E70F95E9
:1018000018952495434618AA0FA94BE735FA8E3C44
:101810002DE9F0432DED048B804697B00846144621
:101820000D4615F0D3FD0090284615F075FE09EE23
:10183000900A0190204615F0C9FD08EE100A0290AA
:10184000204615F069FE28EE698A00220123CDE9C1
:101850000A2308EE900A16A90C9318EE103A0DF11F
:10186000240941F84C3DB1EE689A0DAF48460997FE
:101870008DED0D9AFFF7BEFCDDED007ADDED026A1D
:1018800066EEA76A16A916EE903A41F8483DFFF7B2
:10189000B1FC02A9FFF7AEFC9DED017A27EE097AB3
:1018A00016A917EE103A41F8443DFFF7A3FCDDED11
:1018B000007A67EEA87A16AD17EE903A45F8403DEB
:1018C00016AC29460026FFF795FC44F83C6D2146EE
:1018D000FFF790FC6946FFF78DFC01A9FFF78AFC32
:1018E0000A9B0C9A1344032B02D10B9B032B05D0AC
:1018F0000B4B0C4A0C487C2118F070FB0B4B0996E3
:1019000040462A4621460A960B93CDE90779FFF710
:1019100081FD404617B0BDEC048BBDE8F08300BFED
:10192000D4FF0200D0060300310203003FED9838D7
:10193000F0B50E4685B00446FFF7F5F8306814F0B0
:1019400077F815A3D3E9002314F0CAF814F098FB34
:1019500004AD45F8100D706814F06AF80EA3D3E9D1
:10196000002314F0BDF814F08BFB06F108010746C4
:101970002846FFF7C1FA01AD20663A46009928468D
:10198000FFF746FF95E8070004F1680383E80700C6
:1019900005B0F0BDAFF30080399D52A246DF913F04
:1019A0004368C268D3ED067A92ED020A92ED017A9D
:1019B00020EE270AD3ED037AA7EE270A92ED007AEC
:1019C000D3ED007AA7EE270A704700234FF07E522E
:1019D000026043608360C360026143618361C361ED
:1019E0000262704713B501A9FFF7EFFF02B010BD07
:1019F00070B50D46064604460FCD0FC40FCD0FC47B
:101A00002B682360304670BDD0ED047A90ED037AE8
:101A100067EEA77A70B5E7EE077A044646692DEDC2
:101A2000028B17EE900A0D4616F024F80146304658
:101A300016F01EF821690646E06816F019F808EE5F
:101A4000100A216AA068B1EE488A16F011F885EDF7
:101A5000028ABDEC028B80F000402E60686070BD91
:101A60002DE9F74F0FF2900BDBE900AB24A7D7E984
:101A70000067044600F10C05206813F0D9FF3246D8
:101A80003B4613F077FE1CA3D3E9002315F094FD29
:101A900032463B4613F06CFE14F0F2FA019013F05C
:101AA000C7FF32463B468046894614F0A9FA48B142
:101AB00052465B464046494613F05AFE14F0E0FA9F
:101AC00020600BE010A3D3E900234046494614F000
:101AD00083FA48B9DDED017AC4ED007A0434AC42F2
:101AE000CAD103B0BDE8F08F52465B464046494636
:101AF00013F040FEE2E700BF182D4454FB211940CB
:101B0000182D4454FB210940182D4454FB2109C0D1
:101B100008B50346D0E90002D9680A44032A02D175
:101B20009B68032B05D0034B034A04487C2118F023
:101B300055FA08BDD4FF0200730903003102030007
:101B400070B500260660D1ED027A8AB00022F1EE6F
:101B5000677A0123CDE907230C4609930AA917EEFA
:101B6000903A054641F8243D069006A8FFF742FB4F
:101B7000211DFFF73FFB04F10801FFF73BFB0AA91A
:101B800041F8206DFFF736FBD4ED007AF1EE677A6D
:101B90000AA917EE903A41F81C3DFFF72BFBD4ED54
:101BA000017AF1EE677A17EE903A0AA941F8183DEA
:101BB000FFF720FB2146FFF71DFB0AA941F8146D32
:101BC000FFF718FB06A8FFF7A3FF28460AB070BD71
:101BD00010B5D0E90034626894ED027A1B68890080
:101BE0000A44D2ED006AC6EE877A0B44C3ED007A50
:101BF00010BD10B58AB00B6803938B6804930AABD1
:101C0000044643F8240D0990069306A802AB002170
:101C10000793CDF820D0FFF7DBFF06A80121FFF7DF
:101C2000D7FF06A80221FFF7D3FF06A80321FFF77D
:101C3000CFFF06A80421FFF7CBFF06A80521FFF779
:101C4000C7FF06A80621FFF7C3FF06A80721FFF775
:101C5000BFFF06A80821FFF7BBFF20460AB010BD52
:101C600043681B6889000B441A6803681B681944A1
:101C70000A6070477FB506ABCDE9042043F8140D28
:101C8000009102A800210293CDF80CD0FFF7E8FFE5
:101C900002A80121FFF7E4FF02A80221FFF7E0FFFD
:101CA00002A80321FFF7DCFF02A80421FFF7D8FFF9
:101CB00002A80521FFF7D4FF02A80621FFF7D0FFF5
:101CC00002A80721FFF7CCFF08210DEB0100FFF769
:101CD000C7FF07B05DF804FB884213B5044602D085
:101CE00001AAFFF7C7FF204602B010BD10B5046877
:101CF000406824689FED0C7AD0ED026A02EB420343
:101D000091420B4402694FEA83031C44F7EE007AC8
:101D1000134418BFF0EE477A93ED007AE6EE877A27
:101D2000C4ED007A10BD00BF00000000002210B515
:101D300011460446FFF7DAFF204600220121FFF793
:101D4000D5FF204600220221FFF7D0FF20460122C6
:101D50000021FFF7CBFF012211462046FFF7C6FF07
:101D6000204601220221FFF7C1FF20460222002166
:101D7000FFF7BCFF204602220121FFF7B7FF022236
:101D800011462046FFF7B2FF10BD000010B501EB71
:101D900082040460C0E9021200240121022AC0E981
:101DA000044105D9034B044A04487A2118F016F976
:101DB00010BD00BF010403006F0B0300AC03030060
:101DC00010B502EB420401EB840481600021C0E9FC
:101DD0000312022A4FF003010460416105D9034B4D
:101DE000034A04487A2118F0F9F810BD01040300F1
:101DF0004B0C0300AC0303002DE9F04117460268C9
:101E0000D0F8048007EB470698B0731816680CA842
:101E10000A460CAC414606EB8306FFF7B7FF0FCC32
:101E200012AD0FC594E803003A4685E80300D8F8E0
:101E3000241006A8FFF7C4FF129B029301A8069B7B
:101E40000493FFF7ADFD86ED000A18B0BDE8F08100
:101E500010B5002204460121FFF7CEFF20460022E4
:101E60000221FFF7C9FF204601220021FFF7C4FF2E
:101E7000012211462046FFF7BFFF20460122022122
:101E8000FFF7BAFF204602220021FFF7B5FF2046E8
:101E900002220121FFF7B0FF022211462046FFF780
:101EA000ABFF10BD2DE9F04117460268D0F8048061
:101EB00007EB470698B0731816680CA80A460CACD6
:101EC000D8F8001006EB8306FFF760FF0FCC12ADC9
:101ED0000FC594E803003A4685E80300D8F80410DB
:101EE00006A8FFF76DFF129B029301A8069B0493BF
:101EF000FFF756FD86ED000A18B0BDE8F08100B589
:101F0000D1E900238DB0CDE90723CDE909230323CF
:101F10000B930CAB002243F8280D039307AB0493FB
:101F200001ABCDE90530114603A8FFF7BBFF03A8BD
:101F300000220121FFF7B6FF03A800220221FFF7CC
:101F4000B1FF03A801220021FFF7ACFF01221146D7
:101F500003A8FFF7A7FF03A801220221FFF7A2FFB2
:101F600003A802220021FFF79DFF03A802220121FE
:101F7000FFF798FF0222114603A8FFF793FF0DB069
:101F80005DF804FBF0B593B00F4605AC054620465E
:101F90001646FFF7B4FFBB681093CDE90E34032358
:101FA000119312AB002243F8485D114601A8CDE918
:101FB0000134CDE90365FFF71FFF01A8FFF748FFD4
:101FC00013B0F0BD2DE9F04F2DED028BB5B09FEDB4
:101FD000928A019310AB01252B9300230DF1D00BB6
:101FE000CDE92C3518EE103A4BF8B03D8A46F7EEA5
:101FF000008A039059462BA891460DF1D0082E95E2
:10200000CDED108AFFF7F6F818EE103A48F8AC3D1F
:102010004146FFF7EFF834AF18EE103A47F8A83D05
:102020003946FFF7E7F80446DAF8000015F0CEF974
:1020300034AB43F8A40D204619460093FFF7DAF8B5
:102040000646DAF8000080F0004015F065FA34AC7E
:1020500044F8A00D30462146FFF7CCF834AE18EE18
:10206000103A46F89C3D3146FFF7C4F80290DAF882
:10207000000080F0004015F04FFA34AA80F00040D4
:1020800042F86C0D029B049211461846FFF7B2F815
:102090000290DAF8000015F099F90DF1D00A029BD0
:1020A0004AF8480D18465146FFF7A4F82BA8FFF749
:1020B0002FFDD9F8000015F089F9049A2B9200231E
:1020C000CDE92C35059234AB18EE102A43F8B42D27
:1020D000199019462BA804932E95FFF78BF80290C0
:1020E000D9F8000080F0004015F016FA80F00040AA
:1020F000089059460298FFF77DF841468DED098A10
:10210000FFF778F83946CDED0A8AFFF773F80099A2
:102110008DED0B8AFFF76EF80290D9F8000080F081
:10212000004015F0F9F921460C900298FFF762F88B
:1021300031468DED0D8AFFF75DF80290D9F8000069
:1021400015F044F9514622900298FFF753F82BA856
:10215000FFF7DEFC019BD3F80090484615F036F9F6
:102160000023229089F00040CDE92C352E95CDF842
:10217000ACA015F0D1F934A941F8B80D2BA8FFF7A0
:1021800039F8049B8DED078A1946FFF733F8019B58
:102190000546186880F0004015F0BEF980F0004058
:1021A000594608902846FFF725F8019B0546186810
:1021B00015F00CF9414609902846FFF71BF83946FF
:1021C0008DED0A8AFFF716F800998DED0B8AFFF75F
:1021D00011F821468DED0C8AFFF70CF83146CDED54
:1021E0000D8AFFF707F82BA8FFF792FC059A0F92CC
:1021F00010AB224631462BA80E93CDF834A0FFF742
:10220000C1FE32462BA90398FFF734FD35B0BDEC73
:10221000028BBDE8F08F00BF000000001FB5044630
:10222000096812681B68019101A802920393FFF7E5
:1022300017FC03AB02AA01A92046FFF7C3FE04B0B6
:1022400010BD4369D0ED017A1A44036902EB4202E2
:1022500019440A44C16801EB820292ED007A67EEEC
:10226000277A17EE900A7047F0B52DED028B022900
:1022700091B00C468768C66805D91C4B1C4A1D489E
:102280007A2117F0ABFE41696846FFF799FDCDE969
:102290000A640024009D08972246214607A80C9452
:1022A0000E95FFF7CEFF214608EE100A012207A87F
:1022B000FFF7C7FF022208EE900A214607A8FFF7A2
:1022C000C0FFD5ED027A07EE100A67EE277A95ED8A
:1022D000017AE8EE877A95ED007AE8EE077A17EE54
:1022E000900A11B0BDEC028BF0BD00BF01040300E9
:1022F000D8090300AC03030038B50568406802EB59
:10230000420463182C6804EB8304FFF7ADFFD4ED9F
:10231000007A07EE100A77EE877AC4ED007A38BDAE
:10232000D1ED027AD1ED016A91ED007A67EEA77ADC
:10233000F0B5E6EEA67A04460D462DED028BE7EEEB
:10234000077A9FB012AE17EE900A15F093FB08EED5
:10235000100AB5EEC08AF1EE10FA08D831462046D0
:10236000FFF733FB20461FB0BDEC028BF0BD2946C2
:10237000304609ADFFF7E4FB05A928468DED078A35
:102380000596FFF736FC18EE100A15F0C5F807465B
:1023900018EE100A15F01AF814971EAF07EE900AFF
:1023A00047F8684D03ABB7EE008A05A838EE678A98
:1023B000169507930193CDE905760894FFF7B6FCCF
:1023C000019B1595CDE90447CDE907340322179504
:1023D000CDE91B558DED148A8DED198A1D92069657
:1023E00000252A46002105A8FFF786FF2A4601217D
:1023F00005A8FFF781FF2A46022105A80135FFF74E
:102400007BFF032DEDD1ADE730B597B004AD0446A9
:102410002846FFF785FF02A90DA8CDE90245FFF781
:102420006EFD01AA0DA92046FFF724FC17B030BDB0
:1024300000F1080373B50360044608460D4619F021
:102440001FFE0F2805EB0006019007D9002201A905
:10245000204611F0C3FF019B2060A360324629464D
:10246000206811F0E7FF019B22686360002120468D
:10247000D15402B070BD000038B52DED048B08EECC
:10248000103A00F11C0343610023044609EE101AC0
:1024900000F114058361037747490A9808EE902AF2
:1024A00012F02AF8002859D119EE100A13F0C0FAD8
:1024B0003BA3D3E9002313F013FB3BA3D3E9002391
:1024C00013F038FC13F0DCFD206018EE900A13F0D6
:1024D000AFFA33A3D3E9002313F002FB0022374BFA
:1024E00013F028FC13F0CCFD606018EE100A13F016
:1024F0009FFA2BA3D3E9002313F0F2FA2CA3D3E91C
:10250000002313F017FC13F0BBFDA060089813F034
:102510008FFA23A3D3E9002313F0E2FA22A3D3E92D
:10252000002313F007FC13F0ABFDE060099813F0F3
:102530007FFA1BA3D3E9002313F0D2FA1AA3D3E93D
:10254000002313F0F7FB13F09BFD20610A99284646
:1025500011F07EFFBDEC048B204638BD18490A9867
:1025600011F0CAFF0028F1D1DFED167A9DED087A4F
:1025700027EE277A29EE279A84ED037A9DED097AD2
:1025800084ED009A68EEA78A28EE278A67EE277AFC
:10259000C4ED018A84ED028AC4ED047AD6E700BF57
:1025A000399D52A246DF913F000000000020AC4060
:1025B00000000000005E0A41260D030000004E40AE
:1025C0002B0D0300AE6A24372DE9F043DFF83C9071
:1025D0008BB00546044600F1840804AE0027494646
:1025E0003046FFF725FF00231A461946204602967B
:1025F00001970097FFF740FF2C34304611F012FF8F
:10260000A045ECD128460BB0BDE8F083260D0300B1
:102610000B6810B503604B6843608B688360CB68C0
:10262000C3600B69036104461431143011F010FFCC
:10263000204610BDF8B5044604F1840715460E4641
:10264000FFF7C2FF3846FFF7BFFF31462046FFF7CE
:10265000DFFF314604F12C00FFF7DAFF314604F1C9
:102660005800FFF7D5FF29463846FFF7D1FF294626
:1026700004F1B000FFF7CCFF294604F1DC00FFF7BE
:10268000C7FF2046F8BDCA6802608A6B42604A6E86
:10269000826070474A6802600A6B4260CA6D82605D
:1026A0007047D1F884200260D1F8B0204260D1F8A0
:1026B000DC2082607047D1F894200260D1F8C020FD
:1026C0004260D1F8EC2082607047D1F8902002601F
:1026D000D1F8BC204260D1F8E82082607047F8B59C
:1026E000074600F1140501F1140401F1980654F8AD
:1026F000143C45F8143C54F8103C45F8103C54F890
:102700000C3C45F80C3C54F8083C45F8083C54F89F
:10271000043C45F8043C214628462C3411F0CEFEFA
:10272000B44205F12C05E2D13846F8BD38B504466F
:102730000D46FFF7D4FF05F1840104F18400FFF793
:10274000CEFF204638BD000070B5EEB005462CAC7B
:10275000042900F2E880DFE801F0550337759300A3
:102760007F492046FFF764FE7E497F4B01914FF081
:102770007C520091029416A8FFF77EFE204611F0CD
:1027800051FE7A492046FFF753FE794B79497A4A40
:102790000093029401914FF0824321A8FFF76CFE51
:1027A000204611F03FFE21AA16A92046FFF742FF5E
:1027B00021462846FFF7BAFF2046FEF7E3F826A891
:1027C00011F030FE1BA8A9E065492046FFF730FE56
:1027D0006A496B4B6B4A0191009302946A4B16A8AD
:1027E000FFF74AFE204611F01DFE60492046FFF724
:1027F0001FFE4FF080436549009302940191624BA4
:10280000634ACAE756492046FFF712FE564B01932A
:102810005F4B604A009300215F4B029416A8FFF7BC
:102820002BFE204611F0FEFD50492046FFF700FE2A
:102830005A4B01935A4A5B4B009302944FF07E53DC
:102840000021AAE746492046FFF7F2FD524B0193CB
:10285000524B554A00930021544B029416A8FFF79F
:102860000BFE204611F0DEFD40492046FFF7E0FD5B
:102870004F4B01934F4B009302944F4B4F4ADFE76E
:1028800037492046FFF7D4FD434B0193434B464A5B
:1028900000930021454B02940BA8FFF7EDFD204665
:1028A00011F0C0FD31492046FFF7C2FD404B0193B6
:1028B000404B424A009300213F4B029416A8FFF779
:1028C000DBFD204611F0AEFD05AE16AA0BA9204691
:1028D000FFF7B0FE22493046FFF7AAFD384B0193BF
:1028E000384B394A00930021384B029621A8FFF754
:1028F000C3FD304611F096FD21A942A8FFF788FEDE
:1029000021462846FFF712FF26A811F08BFD20462E
:10291000FEF738F81BA811F085FD10A811F082FD14
:1029200028466EB070BD00260D492046FFF780FD99
:102930003346274A029431460196009616A8FFF7BF
:102940009BFD204611F06EFD08492046FFF770FD03
:10295000204B0093029401963346324631461CE7E1
:10296000260D030000007A43000034422B0D0300C3
:1029700000803B450000FA4400005C4300004842F0
:10298000000016435A64BB3E0000704100000C4436
:102990000000C8429A99193E0000A04100009643E9
:1029A000000020420000FA43CDCCCC3E0000E040C5
:1029B0000000AF4300007A449A9959400000AA42AF
:1029C0000000204014AEA341CDCC4C3DCDCC2C40DA
:1029D0000B045C4000002F444A780B7843EA022342
:1029E0000380CA788B7843EA022343804A790B79C3
:1029F00043EA02238380704782B00388ADF8003039
:102A00004388ADF802308388ADF8043091F8272070
:102A100091F824305B00E2B902AA134433F8083C71
:102A2000038091F8253002AA02EB430391F8282095
:102A300033F9083C9AB9438091F8263002AA02EB98
:102A4000430391F8292033F9083C52B9838002B03E
:102A5000704702AA134433F8083C5B42E0E75B424C
:102A6000E9E75B42F2E748B1836B3BB1C36B2BB143
:102A7000006CB0FA80F04009404270474FF0FF30E0
:102A800070472DE9F04804460025231ADBB299422D
:102A900002D82846BDE8F08814F8013B012B0FD07E
:102AA00006D3022B11D0202B14D06FF00705ECE7D2
:102AB000D2E9006746F0010BBC46C2E900BCE4E77E
:102AC000D2E9006746F0020BF6E7D2E9006746F06C
:102AD000040BF1E7D2E90067B34647F0010CECE7DD
:102AE00010B588B104788C423FBF0170197841F06D
:102AF000010119700178914204D902701A7842F0EC
:102B000002021A70002001E04FF0FF3010BD2DE9E5
:102B1000F0418046A0B018460D4616461C46FFF709
:102B2000A2FF50BB49B3637A0BB948F08008E27A40
:102B30006368A76B324469464046B84794F847300B
:102B4000A072012B0CBF4FF4E1700220236C61686E
:102B5000984794F90A0098B92A46511B8BB29E42B5
:102B600002D820B0BDE8F081E37A20AF3B440B44AB
:102B700013F8803C02F8013BEFE74FF0FF30F0E73D
:102B80006FF00100EDE7000007B5034601220DF1EB
:102B900007011B20FFF7BBFF48B99DF80730C3F3BF
:102BA0008203013BDBB2022B9CBF024AD05603B02A
:102BB0005DF804FB300D030013B5002304460846FE
:102BC000ADF80430FFF74FFFB8B90B46022201A958
:102BD0004020FFF79CFF70B99DF80430DA09A2701D
:102BE000C3F3021203F00F0323709DF805306270E7
:102BF00003F00303E37002B010BD4FF0FF30FAE7BB
:102C000013B5002304460846ADF80430FFF72BFF48
:102C1000E8B90B46022201A94220FFF778FFA0B9CC
:102C20009DF80430DA09A270C3F380126271C3F315
:102C3000011203F00F0323709DF805306270C3F397
:102C4000C00203F00703E270237102B010BD4FF021
:102C5000FF30FAE7F8B5054618460E461C46FFF762
:102C600002FF20BB19B3637A0BB905F07F056368D7
:102C7000E76B31462846B84794F84730A072012BDD
:102C80000CBF4FF4E1700220236C616898477C2DE3
:102C900006D1337813F0010318BF012384F84730BD
:102CA00094F90A00002818BF6FF00100F8BD4FF03A
:102CB000FF30FBE773B515461E460446A0B1C1F3CD
:102CC000430249098DF804208DF80510022201A95C
:102CD0005B20FFF7BFFF28B933462A4621465E2016
:102CE000FFF7B8FF02B070BD4FF0FF30FAE773B5E1
:102CF00002AC002304F8013D06460D460B460122B6
:102D000021465920FFF703FF60B99DF8070020F026
:102D1000010030438DF807002B460122214659203F
:102D2000FFF798FF02B070BDF7B50D4605F1080634
:102D300004460021334601220230ADF80410FFF7AB
:102D4000CFFE002838D1A378671C012B0CBF0322CB
:102D50000722014633463846FFF7C2FE60BB0C220D
:102D600001212046FFF7BCFE30BB03220146A0181C
:102D7000FFF7B6FE00BB6378A2781B0103F0700377
:102D800043EAC213227802F00F0213438DF8043095
:102D9000E2789DF8053002F0030223F003031343A9
:102DA0008DF8053002222B4601A94020FFF752FF83
:102DB00010B92846FFF7E8FE03B0F0BD73B50D4625
:102DC00005F1080604460021334601220230ADF821
:102DD0000410FFF785FE002857D101460322601C2E
:102DE000FFF77EFE002850D101460122601DFFF74B
:102DF00077FE002849D10D2206212046FFF770FEFC
:102E0000002842D101460122E01CFFF769FE00289C
:102E10003BD104220146A018FFF762FEA8BB9DF833
:102E20000430A27803F07F0343EAC213627992016F
:102E300002F0400223F0400313436278120102F0D3
:102E4000300223F030031343227823F00F0302F003
:102E50000F0213438DF80430E378DB0003F008021F
:102E60009DF8053003F0F0031343227902F00702C6
:102E700013438DF8053002222B4601A94220FFF7AB
:102E8000E9FE10B92846FFF77FFE02B070BD37B5E6
:102E90000023054608460C468DF80730FFF7E3FD92
:102EA000F0B90B4601220DF107017C20FFF72FFE40
:102EB000B0B99DF8070005F0010520F00100284396
:102EC0008DF80700234601220DF107017C20FFF752
:102ED000C1FE38B99DF8073003F0010384F847308C
:102EE00003B030BD6FF00C00FAE773B50023044661
:102EF00008460D46ADF804308DF80630FFF7B3FDF7
:102F000000285ED1002C5CD02678731E022B5BD883
:102F10000B46032201A95320FFF7F9FD00284ED1EB
:102F200006F0FD03012B1BD1A3785B0003F0020226
:102F30009DF8043003F0F9031343E278920002F0A5
:102F4000040213432279D20002F0080203F0E703DF
:102F500013436279120102F0100213438DF804301A
:102F6000023E012E1BD8A3795B0003F002029DF8FC
:102F7000053003F0F9031343E279920002F00402F2
:102F80001343227AD20002F0080203F0E70313434E
:102F9000627A120102F0100213438DF805309DF899
:102FA0000630627823F0010302F0010213438DF82A
:102FB000063003222B4601A95320FFF74BFE02B037
:102FC00070BD4FF0FF30FAE76FF00B00F7E713B575
:102FD000002304460846ADF80430FFF744FD80B9ED
:102FE0007CB10B46022201A91C20FFF790FD30B9ED
:102FF0009DF805209DF8043043EA0223238002B0A7
:1030000010BD4FF0FF30FAE72DE9F043174685B0C9
:103010000446002200233846CDE90223FFF723FDB2
:10302000002852D1002C50D002AA2046FFF729FDDB
:10303000002847D104AE3B4606F8090D012231466F
:103040007D20DDE90289FFF762FD00283AD10023E7
:1030500008F0010213431EBF9DF8073043F004033C
:103060008DF8073008F00202002313431EBF9DF8BD
:10307000073043F002038DF8073008F00402002304
:1030800013431EBF9DF8073043F001038DF807304E
:10309000002209F00103134318BF9DF8073008F020
:1030A000070418BF43F0080309F0010518BF8DF8A5
:1030B000073054EA050305D03B46012231467D2006
:1030C000FFF7C8FD05B0BDE8F0834FF0FF30F9E72A
:1030D0002DE9F04188B00E4605460021142203A8D0
:1030E0008DF8071018F0F4FB3046FFF7BCFC002801
:1030F00040F09880002D00F09580334601220DF1BC
:1031000007017D20FFF703FD00287DD19DF80740D2
:1031100014F0010F14BF4FF008084FF0000814F02E
:10312000040718BF08F1060714F002041CBF08F1D9
:103130000604E419B8F1000F07D0002F75D0002C59
:1031400014BF14220E22042005E0002F72D0002CA0
:103150005DD106220C20334603A9FFF7D8FC0028D6
:1031600052D1ADF808008DF80A00B8F1000F0BD06D
:103170000DF10B0205F1170305F11F0112F8010F04
:1031800003F8010F9942F9D147B103ABB91F1944B4
:103190002846FFF721FC3146FFF72EFC14B305F15A
:1031A0000C04B8F1000F4CD00DF11A012046FFF7C6
:1031B00013FC298AB6F84420B5F90C3012FB01F251
:1031C0004FF4007192FBF1F212B29B1AB3F5004F6B
:1031D00023DA13F5004F23DB1BB2AB8131462046C7
:1031E000FFF70AFC3346032202A91820FFF78FFCE1
:1031F00050B99DF809309DF80A201B0243EA0243AA
:103200009DF8082013432B6208B0BDE8F0810C2222
:103210001046A0E70DF11201C8E747F6FF73DCE79F
:103220000A4BDAE74FF0FF30EEE7002C14BF142210
:10323000082288E7002C0BBF2246062220461220D7
:1032400089E7002FE6D103A9B0E700BF0080FFFFA8
:1032500010B504460846FFF706FC40B93CB10B46E2
:10326000012221460320BDE81040FFF750BC4FF07B
:10327000FF3010BDF7B502AC002304F8013D06464F
:103280000F4615461346214601225820FFF73FFC02
:10329000B0B9032F19D83301022FD8B29DF80730E7
:1032A00011D0032F0ED0012F1ABF30438343334375
:1032B0008DF8073001222B4621465820FFF7CAFC23
:1032C00003B0F0BD33430343F2E76FF00B00F7E7C1
:1032D00070B5054608460C46FFF7C5FB60B95DB101
:1032E0000B6C07484968984723462946012221204C
:1032F000BDE87040FFF70BBC4FF0FF3070BD00BF62
:10330000E0220200F7B5002304468DF80730FFF7EE
:10331000AAFB00287DD1B4F84A60002E79D0E38959
:10332000DA0744BF03F1FF33E381E389012B9CBF3C
:103330000223E38121460020E789FFF7A8FD034629
:1033400060BB2146FFF7D3FC034638BBB6FBF7F55D
:1033500007FB156515F0FF0523D0751BADB20746B9
:10336000BD4220D9D3B92069E28923463946384481
:10337000FFF7A0FCE28917440346BFB2F0E72069DB
:10338000E289234629462844FFF794FCE289154444
:103390000346ADB2AE420ED9002BF0D0184603B0B2
:1033A000F0BD0546F6E7002BF8D10222E789E2815D
:1033B000AE4220D8E781002BF0D121460120FFF753
:1033C00096FC03460028E9D121460120FFF75FFD66
:1033D00003460028E2D121460DF10700FFF778FFF0
:1033E00003460028DAD19DF8072012F0010F08BF2C
:1033F0006FF00803D2E7002BDCD12069E289234675
:1034000029462844FFF756FCE28915440346ADB22D
:10341000CEE74FF0FF33C1E737B5B6238DF806305E
:10342000002305468DF80730FFF71DFB0446B8B9A9
:1034300001222B460DF106017E20FFF70BFC2B6CC1
:10344000696804464FF4FA609847012285F84720DE
:1034500034B96B7A3BB12846FFF754FF044660B19C
:10346000204603B030BD20462B460DF10701FFF783
:103470004EFB04460028F3D1EDE700220023C5E906
:103480000C23EDE713B500238DF807300446FFF752
:10349000EAFA034668B9637A012284F847205BB1EF
:1034A000234601220DF107010020FFF730FB034600
:1034B00058B1184602B010BD23460DF10701FFF7C1
:1034C00026FB03460028F4D1EAE79DF8072021787F
:1034D00091420BD1102222730122E275054A208508
:1034E00062622046FFF798FF0346E2E722706FF022
:1034F0000203DEE7000102002DE9F74314468DF8D0
:1035000007008946002942D0002A40D0127DC3B26C
:103510009A423FD9234601220DF107012F20FFF7E0
:1035200099FB30BBE3890F2B2AD8DA0748BF03F198
:10353000FF334FF0000648BFE3813027B046102527
:10354000E089AAB2824209EB0801234614D302465D
:103550003846FFF7DCFAA57BA8442F445FFA88F8C9
:10356000FFB22E44F6B2C6F11005EDB208B9002D37
:10357000E6D103B0BDE8F0833846FFF7C8FAF0E7BC
:103580002346102249463020FFF7C1FAF1E74FF0F9
:10359000FF30EEE76FF00900EBE77FB50E4604461B
:1035A00010220021684618F093F9B57D0023DAB2A5
:1035B000AA4202D36FF007000FE003EB4302316A27
:1035C00088188A5C092A03F10103F0D185784078D4
:1035D00032466946FFF790FF08B104B070BD04ABF6
:1035E0001D4415F8103C03F001022270C3F34002A1
:1035F0006270C3F38002C3F3C203A270E370ECE70E
:103600002DE9F043074687B010461646FFF72BFA20
:10361000044600286ED1002F6CD03D1D92F84780E3
:1036200007EB01170437BD4203D1204607B0BDE8C0
:10363000F08315F8043C032B07D9B8F1010F04D12E
:1036400031460020FFF723FC044674BB15F8043C08
:10365000092B48D0292B0ED11022214602A818F0A0
:1036600037F9B6F848309B0608D496F816C02346BA
:10367000DAB294451BD86FF00704D6E7334601222F
:103680000DF107011E20FFF742FA08BB9DF8073035
:1036900013F0400F18BF803B2B80B8F1010F04D10D
:1036A00031464046FFF7F3FB04461035BBE703EB1A
:1036B0004302316A88188A5C292A03F10103D7D1B1
:1036C00090F802904078324602A9FFF715FF08B142
:1036D0000446AAE706AB994419F8102C02F07F03C0
:1036E00012F0400FD6E731462846FFF756FF002874
:1036F000D3D0EDE74FF0FF3497E71FB5B0F848306F
:103700009B07044611D5FFF7AEF988B904A8292311
:1037100000F8103D22460121FFF772FF18B9BDF8ED
:103720000430A4F8443004B010BD6FF00700FAE78D
:103730004FF0FF30F7E7F0B5577D0023DCB2A7422A
:1037400001D800200DE003EB4305D6697419755DBF
:103750008D4203F10103F1D123880380A3788370A4
:103760000120F0BD2DE9F04F044687B01046154604
:10377000FFF779F9002840F05681002C00F05381C2
:103780004FF0340818FB014892F847A0DFF89CB2CC
:10379000A61C08F10208814602AFB04505D1BAF176
:1037A000010F00F03A8100241AE0BAF1010F10D0A5
:1037B00016F8023C092B00F2EA80DFE813F015004E
:1037C0001B002000E800E800E800E800E800E8004E
:1037D000D90029460020FFF75AFB04460028E7D00D
:1037E000204607B0BDE8F08F29463046FFF79CFA27
:1037F0000446A7E029463046FFF7E0FAF8E705F16E
:1038000008030B220121701DFFF76AF90446002806
:10381000E6D12B46012239466B20FFF778F90446A2
:103820000028DDD133789DF808205B0122F02002CA
:1038300003F0200313438DF8083001222B4639464C
:103840006B20FFF707FA04460028C9D1ADF808003D
:103850008DF804002B46022239464B20FFF757F91A
:1038600004460028BCD19DF80830F27903F001032A
:1038700043EA42038DF808309DF80930727803F06E
:103880007F0343EAC213B278920102F0400223F0B0
:1038900040031343F278920002F00C0223F00C0371
:1038A0001343327923F0030302F0030213438DF82C
:1038B00009301524294601A8FFF7CAFC00284BD17E
:1038C0009DF804305B0747D42B46394602224B2033
:1038D000FFF7C0F92B6C696804464FF47A7098477B
:1038E000002C7FF47DAF73788BBBEC752B4606F113
:1038F000080101224D20FFF7ADF92B6C69680446E1
:103900004FF47A709847002C7FF46AAF2B4601225F
:1039100039464420FFF7FBF8044698B97379B27929
:1039200003F00F0343EA02138DF8083039462B46A3
:1039300001224420FFF78EF92B6C696804464FF48E
:103940007A7098473436002C3FF427AF48E70123BC
:10395000EB75F3782B76D9E72B6C696842F210701F
:10396000013C984714F0FF04A4D16FF00E0437E730
:1039700010220021384617F0ABFF2A46092101A882
:10398000ADF804908DF80690FFF7D5FE10B96FF0F2
:10399000070425E739469DF80500FFF7ADFD04460D
:1039A0000028CFD19DF80630B6F800C05A0810B2F2
:1039B000CCF30A0C37F8101001EA0B0141EA0C01B4
:1039C00027F81010501CB6F802C037F81010CCF3CE
:1039D0000A0C01EA0B0141EA0C0127F81010901CB7
:1039E000B6F804C037F81010CCF30A0C01EA0B014A
:1039F00041EA0C010332C3EB420327F8101003F035
:103A0000FF03E2B2934206D82B46102239463020FB
:103A1000FFF720F9ECE60134F3E729465046FFF7BB
:103A200036FA0446DCE64FF0FF34D9E600F8FFFF33
:103A30002DE9F041804686B010461546FFF713F891
:103A400020B14FF0FF3006B0BDE8F081B8F1000FB3
:103A5000F7D0342616FB018692F8477008F102046D
:103A60000236B44203D1012F73D00020EBE714F8E3
:103A7000023C032B0CD8022B73D014F8023C092B08
:103A80006CD8DFE803F00E16706B6B6B6B6B6B1B07
:103A9000012FF2D129460020FFF7F9F90028D2D1F1
:103AA000EBE729462046FFF787F8002800F0A680BC
:103AB000C9E729462046FFF7A3F8F6E710220021C0
:103AC00002A817F005FF00232A46092101A8ADF836
:103AD00004308DF80630FFF72EFE00283ED002A9F4
:103AE0009DF80500FFF708FD0028ACD19DF80630D1
:103AF00006A95A1C51FA82F212F8101C06AA1A449E
:103B000012F8102C42EA0122C2F30A0206A922800E
:103B1000DA1C51FA82F2991C12F8100C06AA52FA19
:103B200081F111F8102C42EA0022C2F30A0206A920
:103B300062805A1D043351FA82F251FA83F312F86B
:103B4000102C13F8103C43EA0223C3F30A03A380AA
:103B500054E029463846FFF79AF974E76FF00700FA
:103B600071E7012F96D02846FEF77DFF00287FF4ED
:103B700068AF2B46012202A96B20FEF7C8FF002880
:103B80007FF461AF9DF80830ADF80800C3F340132F
:103B9000237002222B4602A94B20FEF7B8FF002813
:103BA0007FF451AF9DF808305B08E3719DF8093050
:103BB000C3F38011DA09A170C3F3810103F0030399
:103BC0006270E17023714AB92B46012204F10801A9
:103BD0004D20FEF79CFF00287FF435AF2B460122D5
:103BE00002A94420FEF793FF00287FF42CAF9DF834
:103BF00008301A0903F00F03A2716371343430E7FF
:103C000048B1836B3BB1C36B2BB1006CB0FA80F051
:103C10004009404270474FF0FF30704710B50446EE
:103C2000FFF7EEFF034610BB24222270104AA26465
:103C3000627A02B90123E37223690BB90D4B236148
:103C40002046FFF71FFC90B90B4BE3610B4B23623F
:103C500041F20813A3820723A375094BE3650823E8
:103C600084F860302046BDE81040FFF746BD10BD27
:103C700003000020330D0300332D0300662D0300E5
:103C80000402002058B1C3684BB103693BB14369DA
:103C90002BB14068B0FA80F04009404270474FF0C5
:103CA000FF30704710F5805F30B502D0D38C19B962
:103CB0000BB9194830BD19469B0393FBF1F1A1F5EF
:103CC000804109B201FB01F3802493FBF4F392F8E5
:103CD000244092F92550E401614305FB03114FF4A0
:103CE000007391FBF3F192F91A3001F58011A033C2
:103CF00059434FF4805391FBF3F14FF40053484381
:103D000090FBF3F092F9183000B200EBC3001023DF
:103D100090FBF3F000B2CDE70080FFFF10F5805F6D
:103D200030B502D0D38C19B90BB9194830BD19463A
:103D30009B0393FBF1F1A1F5804109B201FB01F373
:103D4000802493FBF4F392F8244092F92550E40187
:103D5000614305FB03114FF4007391FBF3F192F9FA
:103D60001B3001F58011A03359434FF4805391FB70
:103D7000F3F14FF40053484390FBF3F092F91930FC
:103D800000B200EBC300102390FBF3F000B2CDE7CC
:103D90000080FFFF10F5804F70B529D0B2F91E40AA
:103DA00034B3938B23B319B3D68C0EB3B2F922502C
:103DB0008E1B4900451B4B43108C03F5004304EB5D
:103DC000234310FB06F0042290FBF2F0C0EBC53059
:103DD00090FBF3F0074B9842B8BF184647F6FF73C5
:103DE0009842A8BF1846102390FBF3F000B270BDB4
:103DF0000148FBE70180FFFF0080FFFFF8B50746A1
:103E000018461D46FFF73EFF044640B939B132B1AE
:103E10002E696B683846B04728722046F8BD4FF0CF
:103E2000FF34FAE7F8B5064618461C46FFF72AFFA6
:103E3000054660B959B16378E768012B18BF46F0B1
:103E4000800663683046B84720722846F8BD4FF0B8
:103E5000FF35FAE773B502AC002304F8013D0646CE
:103E60000D460B46012221464B20FFF7DBFF78B9B8
:103E70009DF8073023F0010333438DF8073001220A
:103E80002B4621464B20FFF7B9FF08B985F82A6079
:103E900002B070BD38B50446FFF7F4FE054660B9C0
:103EA00094F82A304BB921460120FFF7D3FF63690C
:103EB0006168054640F6B8309847284638BD10B5C9
:103EC00086B004460023014601208DF80330FFF739
:103ED000C1FF002857D16369616840F6B830984740
:103EE000234601220DF103014020FFF79BFF00282C
:103EF00049D19DF80330322B47D12370ADF804002F
:103F0000CDE902000490ADF814002346022201A975
:103F10005D20FFF787FFB0BB2346042202A9622081
:103F2000FFF780FF78BB23460A2203A96820FFF72A
:103F300079FF40BB9DF8043023769DF80530637609
:103F40009DF80A30A3769DF80B30E376BDF80E306D
:103F5000A383BDF80C30E383BDF812302384BDF891
:103F6000083063849DF8153084F824309DF81430AF
:103F700084F825309DF811309DF810201B0203F4C1
:103F8000FE431343E38406B010BD6FF00100FAE76F
:103F900037B50B4604460D4601220DF107014C20B2
:103FA000FFF740FF80B99DF80700640020F006008D
:103FB00004F0060420438DF807002B4601220DF182
:103FC00007014C20FFF71AFF03B030BD37B50B4691
:103FD00005460C4601220DF107014C20FFF722FF98
:103FE00088B92B789DF80720DB0022F0380203F017
:103FF000380313438DF80730012223460DF10701E2
:104000004C20FFF7FBFE03B030BD73B50546023010
:104010000E46FFF7DBFF98B902ACEB7804F8013DE0
:104020000122334621465120FFF7E8FE40B92B79A3
:104030008DF807300122334621465220FFF7DEFE7D
:1040400002B070BD10B5024608460C46FFF71AFED6
:10405000034640BB5378042B23D8DFE803F0030D5D
:1040600022151D000846FFF715FF0346D8B9214663
:10407000BDE81040FFF78CBF0846FFF70BFF034673
:1040800088B921460120F3E70846FFF703FF0346FE
:1040900048B921460320EBE70020BDE81040FFF7B8
:1040A000D9BE6FF00203184610BD08B50246084697
:1040B000FFF7E8FD28BB5379013B032B1FD8DFE84E
:1040C00003F0020C1218002393700123D3701371B4
:1040D0001046BDE80840FFF798BF00239370042303
:1040E000D3700723F3E7052393701723D370292395
:1040F000EDE7002393700723D3700D23E7E76FF0FC
:10410000020008BD13B500230446CDE900330822A0
:104110000B464B206946FFF785FE80BB9DF80730B4
:1041200023719DF80630E3709DF8053023749DF8E7
:104130000430E3739DF80330C3F3C2022270DA093E
:10414000A271C3F38012E271C3F380022272C3F33F
:10415000400203F00103A3729DF802306272DA0993
:10416000E272C3F380122273C3F3C20203F00703A7
:10417000A3739DF801306273C3F3C203A37002B04E
:1041800010BD2DE9F7430023CDE9003307460B4668
:104190000E46082269464220FFF744FE804690BB47
:1041A0009DF802509DF903209DF905909DF8064069
:1041B0009DF800309DF90100ED088DF8025045EAA8
:1041C00042159DF8042052088DF8042042EAC919CE
:1041D0009DF80720A408DB088DF8064044EA821405
:1041E00043EA4010324621468DF80030FFF75AFD71
:1041F000214638802846FFF791FD214678804846C1
:10420000FFF7C8FDB880404603B0BDE8F08313B5A2
:104210000346044601220DF107014820FFF702FE84
:1042200080B9234601220DF106014A20FFF7FAFD6D
:1042300040B99DF8073003F001029DF8063043EACB
:104240000223238502B010BD2DE9F04180461746B8
:104250001C460E4629B3531E1F2B22D820682579F1
:1042600003682946DB6A98472068036841461B6853
:104270009847206803685B6B984790B9206803688B
:104280003A462946DB6B98473546C7B2AB1B9BB213
:104290009F420AD9206803685B69984705F8010BBB
:1042A000F4E74FF0FF30BDE8F0810020FBE77047F6
:1042B00013B5044600F138010DF10600FEF787FE44
:1042C000BDF80630B4F8CC00184300F40040C3F346
:1042D0000E03A4F8CC3002B010BD13B5044600F1B3
:1042E00038010DF10600FEF772FEBDF80630B4F895
:1042F000CC00184300F4804023F48043A4F8CC3071
:1043000002B010BD0000000000B58FB00EAB00225F
:1043100003F8342D012100F138021846FFF788FB1D
:104320009DF806300120984011F070FB04A3D3E9FA
:10433000002311F0D5FB11F0A3FE0FB05DF804FBD4
:10434000F6285C8FC2F5D83F10B58EB00EAB0124B5
:1043500003F8344D00F1380221461846FFF768FB98
:104360009DF8060004FA00F011F050FB04A3D3E915
:10437000002311F0B5FB11F083FE0EB010BD00BF9D
:10438000F6285C8FC2F5D83F30B58BB00D4600F1F2
:10439000380101A81446FEF79BFEBDF91030DFED91
:1043A000257A9FED256A07EE103AB8EEC77ABDF977
:1043B0001230C7EE276AB0FA80F0400907EE103AD3
:1043C000B8EEC77AC5ED006AC7EE276ABDF91430AA
:1043D00007EE103AB8EEC77AC5ED016AC7EE276A54
:1043E000BDF9043007EE103AB8EEC77AC5ED026A9F
:1043F00027EE067ADFED116ABDF9063027EE267A40
:1044000084ED007A07EE103ABDF9083007EE903AD5
:10441000B8EEC77AF8EEE77A27EE067A67EE867A84
:1044200027EE267A67EEA67A84ED017AC4ED027A49
:104430000BB030BD6F12834200000039CBA11C418C
:1044400010B50446A030FFF7E2FEB4F8C80000F44F
:10445000807010BD7FB500F1A00101A8FFF752FEEA
:104460009DF80620072A9BBF034B03EB8203002025
:10447000186807B05DF804FB942D030070B59EB07A
:104480004FF48073ADF800304FF001130193002317
:1044900001264FF484728DF81030022440F201138B
:1044A00001A80D46ADF80860ADF81220ADF8143043
:1044B0008DF84460ADF84620ADF848308DF84A409C
:1044C000FEF713FD80B92A4631460420FEF7D2FEDE
:1044D00050B92A46214604A8FFF744F920B92A46D4
:1044E00021466846FEF790FD1EB070BD10B586B03F
:1044F000002301A80C468DF80530FFF7A3FD30B965
:104500000323214601A88DF80930FFF7CEFD06B040
:1045100010BD03F049BB08B501210D2003F0A0FB3D
:1045200000210D2003F0E0FB642003F03BFB0121A0
:104530000D2003F0D9FB642003F034FBF0E710B545
:10454000282104460AF0C0F9204610BDF8B50746F8
:1045500015461E460C46E9B1531E1F2B1AD830686B
:1045600031790368DB6A98473068036839461B680D
:10457000984725443068A542036804D01B6814F8A6
:10458000011B9847F6E75B6B9847003018BF012086
:104590004042F8BD4FF0FF30FBE7036837B59B6939
:1045A00005460C46984700B305F1A0016846FFF7A1
:1045B000E8FDBDF9003007EE903ABDF90230F8EEA3
:1045C000E77AB0FA80F0C4ED017A07EE903ABDF9CF
:1045D0000430F8EEE77A5B42C4ED007A07EE903AD9
:1045E000F8EEE77A4009C4ED027A03B030BD006806
:1045F00070470022C26070470C307047CB68C360C0
:104600000BB15B681847704730B5C46887B00D467A
:10461000002C00F0968201F12203222B00F282820C
:10462000DFE813F070026002500240023002200204
:1046300010020002F001E001D00190018001700140
:104640006001500140013001200110010001F00023
:10465000E000D000C000B000A0009000800070001A
:1046600060005000400023008F02BE4903A803F001
:104670008DF90A224FF0FF31684603F0A6F969462A
:1046800003A803F0E7F9B84903F0F0F90146204622
:1046900003F02AF8684603F02EF903A803F02BF97B
:1046A000FFF739FFAF4903A803F070F90A226FF052
:1046B0000101684603F089F9694603A803F0CAF9C5
:1046C000AA49E1E7A74903A803F060F90A226FF0BD
:1046D0000201684603F079F9694603A803F0BAF9C4
:1046E000A349D1E79F4903A803F050F90A226FF0CC
:1046F0000301684603F069F9694603A803F0AAF9C3
:104700009C49C1E7974903A803F040F90A226FF0DA
:104710000401684603F059F9694603A803F09AF9C1
:104720009549B1E78F4903A803F030F90A226FF0E9
:104730000501684603F049F9694603A803F08AF9C0
:104740008E49A1E7874903A803F020F90A226FF0F8
:104750000601684603F039F9694603A803F07AF9BF
:10476000874991E77F4903A803F010F90A226FF007
:104770000701684603F029F9694603A803F06AF9BE
:10478000804981E7774903A803F000F90A226FF016
:104790000801684603F019F9694603A803F05AF9BD
:1047A000794971E76F4903A803F0F0F80A226FF026
:1047B0000901684603F009F9694603A803F04AF9BC
:1047C000724961E7674903A803F0E0F80A226FF035
:1047D0000A01684603F0F9F8694603A803F03AF9BC
:1047E0006B4951E75F4903A803F0D0F80A226FF044
:1047F0000B01684603F0E9F8694603A803F02AF9BB
:10480000644941E7574903A803F0C0F80A226FF052
:104810000C01684603F0D9F8694603A803F01AF9B9
:104820005D4931E74F4903A803F0B0F80A226FF061
:104830000D01684603F0C9F8694603A803F00AF9B8
:10484000564921E7474903A803F0A0F80A226FF070
:104850000E01684603F0B9F8694603A803F0FAF8B8
:104860004F4911E73F4903A803F090F80A226FF07F
:104870000F01684603F0A9F8694603A803F0EAF8B7
:10488000484901E7374903A803F080F80A226FF08E
:104890001001684603F099F8694603A803F0DAF8B6
:1048A0004149F1E62F4903A803F070F80A226FF09E
:1048B0001101684603F089F8694603A803F0CAF8B5
:1048C0003A49E1E6274903A803F060F80A226FF0AD
:1048D0001201684603F079F8694603A803F0BAF8B4
:1048E0003349D1E61F4903A803F050F80A226FF0BC
:1048F0001301684603F069F8694603A803F0AAF8B3
:104900002C49C1E6174903A803F040F80A226FF0CA
:104910001401684603F059F8694603A803F09AF8B1
:104920002549B1E60F4903A803F030F80A226FF0D9
:104930001501684603F049F8694603A803F08AF8B0
:104940001E49A1E6074903A803F020F80A226FF0E8
:104950001601684603F039F8694603A803F07AF8AF
:10496000174991E6B42D0300BC2D0300CD2D0300A3
:10497000E72D0300FC2D03000D2E03002D2E030058
:104980004C2E0300712E0300842E0300A42E03007E
:10499000B62E0300CE2E0300E82E03000F2F0300D7
:1049A000332F0300462F03005B2F03006F2F0300FC
:1049B000902F0300A72F0300B92F0300CC2F030073
:1049C000DA2F0300604903A802F0E0FF0A226FF02B
:1049D0001701684602F0F9FF694603A803F03AF8A8
:1049E0005A4951E6584903A802F0D0FF0A226FF055
:1049F0001801684602F0E9FF694603A803F02AF8A7
:104A0000534941E6504903A802F0C0FF0A226FF063
:104A10001901684602F0D9FF694603A803F01AF8A5
:104A20004C4931E6484903A802F0B0FF0A226FF072
:104A30001A01684602F0C9FF694603A803F00AF8A4
:104A4000454921E6404903A802F0A0FF0A226FF081
:104A50001B01684602F0B9FF694603A802F0FAFF9D
:104A60003E4911E6384903A802F090FF0A226FF090
:104A70001C01684602F0A9FF694603A802F0EAFF9C
:104A8000374901E6304903A802F080FF0A226FF09F
:104A90001D01684602F099FF694603A802F0DAFF9B
:104AA0003049F1E5284903A802F070FF0A226FF0AF
:104AB0001E01684602F089FF694603A802F0CAFF9A
:104AC0002949E1E5204903A802F060FF0A226FF0BE
:104AD0001F01684602F079FF694603A802F0BAFF99
:104AE0002249D1E5184903A802F050FF0A226FF0CD
:104AF0002001684602F069FF694603A802F0AAFF98
:104B00001B49C1E5104903A802F040FF0A226FF0DB
:104B10002101684602F059FF694603A802F09AFF96
:104B20001449B1E5084903A802F030FF0A222946DA
:104B3000684602F04AFF694603A802F08BFF0E495F
:104B4000A2E507B030BD00BFB42D0300F82F03006D
:104B500018300300253003003630030046300300D0
:104B60005F3003007A30030092300300AA30030064
:104B7000C4300300E4300300FD300300F8B5044600
:104B80008068304F0368DB690E46984704F12802BD
:104B900068230121DFF8B4C0E2631E222A4884F8AA
:104BA000383084F84110A4F846200025A26884F823
:104BB0002C3084F8A110102304F13001012EC4F828
:104BC00070C06767A067A564A26284F8A030C4E9DA
:104BD0002BC7C4F8B400C4F8A410226384F834309E
:104BE00015D004F138073846FFF718F80146054696
:104BF0002046FFF709FD236839465B6A204698473F
:104C000005436DB229462046FFF7FEFC9EB104F134
:104C1000A0063046FFF753F9284341B22046FFF77C
:104C2000F3FC236831461B6A204698470546014637
:104C30002046FFF7E9FCB5FA85F0400984F820002A
:104C4000F8BD00BF4D450100134501004942010078
:104C500070B50446006803680D46DB6A5C2198471E
:104C60002068036829461B6898472068036800216C
:104C70001B6B984768B9206803680122DB6B5C21D5
:104C80009847012805D120680368BDE870405B693A
:104C900018474FF0FF3070BD10B504460068036838
:104CA000DB6998470F212046FFF7D2FFB12814BFD8
:104CB00000200120207110BD70B504460068036813
:104CC0000E46DB6A5C21154698472068036831462A
:104CD0001B6898472068036829461B689847206826
:104CE00003685B6B9847B0FA80F0400970BD000024
:104CF0002DE9F041057904460E461DB900252846E8
:104D0000BDE8F08101221121FFF7D6FF11212046D5
:104D1000FFF79EFFC307F1D428212046FFF798FF35
:104D2000292107462046FFF793FF2A218046204687
:104D3000FFF78EFF000440EA0820384310F066FEBB
:104D40000022034B10F0F6FF11F09AF93060D6E71D
:104D50000000E44010B5094C82600022C0E9004127
:104D6000027342738273C273C0E90422C0E906224F
:104D700014214FF0FF32C0E9081210BDE8310300E2
:104D80008068704738B50446406803680D46DB6AA2
:104D9000392198476068036829461B68984760680E
:104DA00003685B6B9847B0FA80F0400938BD70B576
:104DB0000446406803680E46DB6A39211546984769
:104DC0006068036831461B68984760680368294635
:104DD0001B689847606803685B6B9847B0FA80F07F
:104DE000400970BD0A468021FFF7E1BF70B5054656
:104DF0001646FFF7C7FF044610B90024204670BDD1
:104E0000686803680122DB6B39219847686803688A
:104E10001B6998470028F0D0686803685B69984769
:104E20003070EBE737B50D460DF10702AB210446B4
:104E3000FFF7DCFF60B19DF807305DB143F002037E
:104E40008DF807309DF80720AB212046FFF7AFFF14
:104E500003B030BD23F00203F2E70A468021FFF7DA
:104E6000C5BF13B50DF107010446FFF7F6FF50B1BA
:104E70009DF80710CB0706D441F0010120468DF8BC
:104E80000710FFF7AFFF02B010BD13B50DF107011A
:104E90000446FFF7E2FF50B19DF807100B0706D458
:104EA00041F0080120468DF80710FFF79BFF02B084
:104EB00010BD13B50DF107010446FFF7CEFF28B171
:104EC0009DF807104B0603D50123237302B010BDD4
:104ED00041F0400120468DF80710FFF783FF207353
:104EE000F4E737B50D460DF10702AB210446FFF795
:104EF0007DFF60B19DF807305DB143F001038DF88F
:104F000007309DF80720AB212046FFF750FF03B084
:104F100030BD23F00103F2E737B50446406803686B
:104F2000DB6998470DF1070292212046FFF75EFFEB
:104F300018B90025284603B030BD9DF80730AB2BCB
:104F4000F7D100212046FFF74DFF0028F1D0FF22C6
:104F500083212046FFF72BFF0028EAD08F22A621CD
:104F60002046FFF724FF0028E3D08F228E21204621
:104F7000FFF71DFF0028DCD001212046FFF752FF7C
:104F80000028D6D001212046FFF7ABFF0028D0D063
:104F90002046FFF766FF0028CBD02046FFF775FFBD
:104FA0000028C6D0FC2281212046FFF700FF002800
:104FB000BFD002228F212046FFF7F9FE0028B8D08B
:104FC0000A2002F0EFFD2046FFF74BFF05460028C0
:104FD000AFD0A0680028ADDB0021C0B202F040FED7
:104FE000A8E72DE9F041074690461E46FFF7CAFEA6
:104FF000B8B1786803683246DB6B3921984746447C
:105000004446786803681B69A4EB0805984748B1D3
:10501000B44206D0786803685B69984704F8010BCE
:10502000EFE700252846BDE8F08113B5AF210DF16B
:1050300007020446FFF7DAFE70B19DF80730DB0780
:105040000DD50DF10702AE212046FFF7CFFE48B186
:105050009DF8070002B010BD4FF0FF30FAE76FF087
:105060000100F7E76FF00200F4E72DE9F041044694
:10507000A0B000252046FFF7D8FF031E57DD9B0098
:1050800003F0FC036A46FC212046FFF7AAFFC0B2EA
:1050900000284CD0032301261F464FF0020C9842F3
:1050A000E8DD0DEB030111F8032C11F802EC11F807
:1050B000018C1DF803101D2A2AD8BEF11D0F27D818
:1050C000B8F11D0F24D81D2922D8D4E9062EE67385
:1050D00012B9BEF1000F19D02169511A6269AEEB05
:1050E0000202D4F820E0CEF100088845C8BFC4F819
:1050F00024C08E45B8BF6762C4E904559045C4E931
:105100000655C8BF66629645B8BF65620433C6E7F8
:10511000A2EB0E0294F80FE06261A1EB080121619D
:10512000BEF1000FF2D0E573C4E90612EEE70020ED
:1051300020B0BDE8F081037B10B504460BB9FFF742
:10514000B8FEA068002811DBC0B202F0F5FD90B9EE
:105150002046FFF78AFF637B1BB100212046FFF743
:10516000C0FE606A013018BF012005E02046FFF74D
:105170005CFF0028ECDC002010BD03464FF0FF323E
:10518000406A5A62704710B500210446FFF731FAB1
:10519000204610BD70B5094B03600025FF2304466F
:1051A0000371C56010300E46FFF7EDFF0B2384F846
:1051B00020506562A6602371204670BDB83103009F
:1051C00008B5FBF73FF908BD10B5044B044640F89D
:1051D000103BFBF737F9204610BD00BFB831030084
:1051E000884238B5044606D00D46FBF70EF829462E
:1051F0002046FFF703FA204638BD10B50446FFF7F6
:10520000FDF9204610BD08B5FFF7F6F9006800303B
:1052100018BF012008BD00001FB590F82030F3B181
:1052200000F110042046FFF7EEFFC0B121466846AA
:10523000FFF7E3FF10210B4807F0AEFB044658B11F
:105240006946FFF7DAFF0849204607F048FD224685
:105250000649044807F060FC6846FBF7F3F804B021
:1052600010BD00BFD4110020C1510100B95401008C
:1052700010B4D0E9003409686210E40701EB0200C1
:1052800048BF8A585DF8044B48BFD358184708B543
:1052900001460430FFF7ECFF08BD0000034AC2607E
:1052A000034607C983E80700704700BF882D030045
:1052B00010B586B004460391684606A980E80C0044
:1052C00001E90C00204603A9FFF7E8FF204606B0DD
:1052D00010BD37B56C4684E80C0094E80C00054618
:1052E000FFF7E6FF284603B030BD10B4D0E9003424
:1052F00009686210E40701EB020048BF8A585DF8B4
:10530000044B48BFD358184708B501460430FFF78F
:10531000ECFF08BD034AC260034607C983E80700E3
:10532000704700BF7C2D030010B586B00446039182
:10533000684606A980E80C0001E90C00204603A994
:10534000FFF7E8FF204606B010BD37B56C4684E88D
:105350000C0094E80C000546FFF7E6FF284603B072
:1053600030BD00002DE9F04190F9043001338AB0DE
:105370000646884669D0364C2378BFF35B8FDB073F
:1053800011D4204609F090F868B1012296F9041072
:10539000304805F0D3F9204609F0A8F82E4A2F49E5
:1053A0002C4809F06EF82E4F3D78BFF35B8F15F057
:1053B000010524D1384609F077F800B3294C2A4B6F
:1053C000204640F8043BFFF7DEFE294604F140008A
:1053D00009F0ACFC04F1540009F046FC234B0093A7
:1053E0004FF4407228212B46204609F019FD38461B
:1053F00009F07CF8184A1E49204609F042F8414657
:1054000006F11000FFF7ECFE00241A4B0293039400
:1054100002AB0CCB184906A8FFF75BFF06A91148A1
:1054200009F066FD06A8FBF70DF8144BCDE904342E
:1054300004AB0CCB314606A8FFF787FF054806A949
:1054400005F0B8F906A8FAF7FDFF0AB0BDE8F0814B
:10545000CC110020301200200002002079A70100AA
:10546000D01100205C120020304B030014310300E7
:10547000A1EE010061C80100D41100201952010001
:1054800010B50446FFF7BFFE28B940F202220649D4
:10549000064808F005FCE068FFF7A9F80346204637
:1054A000BDE81040184700BF99310300A431030044
:1054B00008B5FFF7E5FF08BD08B5FFF7F9FF08BD20
:1054C00008B5FFF7E4FE08BD08B5FFF7F9FF08BD12
:1054D00008B5FFF719FF08BD08B5FFF7F9FF08BDCC
:1054E00070B5144D144C154E00224FF4027128462D
:1054F00007F0BAF92846124D1249224608F0C1FFBA
:1055000029463046FFF746FE22460F49304608F04E
:10551000B8FF0E4B00221D601A710D4B29461A224E
:105520001846FFF717FC22460A491846BDE87040A6
:1055300008F0A7BFD411002000020020481300206B
:105540005416002097C80100C9510100181300200B
:1055500020130020AF42010010B5C0E9001207314E
:105560008360C9080023C360016110BD2DE9F041CB
:1055700006680569846806F1FF3C012303FA0CFC08
:10558000B340013BA2EB050E8846083EA8EB01059F
:1055900075450EDA18F8015BB5406C4008250CEA39
:1055A000040703EA44040FB147687C40013DF6D18B
:1055B000ECE700250369AB4209DDD61A013B5B1B12
:1055C0004F19DB0024FA03F3BB550135F2E7BDE8C0
:1055D000F081002070470368C9B21B681847490072
:1055E0000023C161C0F82C327047036801211B6B96
:1055F000184710B403689C6B0123A4465DF8044B64
:105600006047D0F82C32B3F5807F1FBF5A1CC0F81A
:105610002C22C01880F82C1114BF012000207047E4
:10562000D0F8280170477047C0F830127047C0F8B2
:1056300034127047D0F82831A3B1D0F828318BB19B
:10564000D0F82431D0F8242103440132D2B293F8A7
:105650002030C0F82421D0F82821013AC0F82821B0
:10566000184670474FF0FF307047D0F828312BB103
:10567000D0F82431184490F8200070474FF0FF30E4
:10568000704738B503685B6A04469847A82009F05C
:1056900003F994F9192094F91810054604F0B6FF9F
:1056A000656138BD38B5D0F82C3214461A44B2F5CD
:1056B000807F88BFC3F58074054600F5967022464A
:1056C000184416F007F8D5F82C322344C5F82C32CC
:1056D000204638BD38B5044640690D4608B104F08F
:1056E00091FE206920B12946BDE8384004F0E4BFAE
:1056F00038BD10B50446406920B10368DB6898479F
:105700000023636123699BB1D4F8380209F093FB4D
:10571000D4F8380209F0B0FBD4F8380210B10368AD
:105720005B6898474821206909F0CEF8002323617F
:1057300010BD1FB50246D0F82C32D469406981F003
:10574000010100913BB9012303AA214604F08BFE1D
:10575000C0B204B010BD02F59672214604F064FE9A
:10576000002814BF02200020F3E770B5C2B0B2F5E4
:10577000807F83F0010328BF4FF48072009302AE54
:1057800004461546134649003246406904F06BFE54
:10579000C8B9A84218D0D4F82831B3F5807F10D00A
:1057A000D4F82031325C234483F82020D4F820310F
:1057B0000133DBB2C4F82031D4F828310133C4F806
:1057C00028310130E5E70025284642B070BD30B5EC
:1057D0000446BDB00025206904F077FF0328FAD8FD
:1057E000DFE800F04A021212D4F8343203B19847CD
:1057F000D4F82C22002AEED004F59671206904F02A
:1058000068FFC4F82C52E6E7C4F82051F022C4F82F
:1058100024516946C4F82851206904F058FF002239
:1058200082421DDAD4F82831B3F5807F18D0D4F83D
:105830002831B3F5807F11D0D4F820311DF8021043
:10584000234483F82010D4F820310133DBB2C4F8AC
:105850002031D4F828310133C4F828310132DFE790
:10586000D4F82831002BB6DDD4F83032002BB2D07A
:10587000D4F828019847AEE702F0A6F9ABE700009C
:1058800038B500254FF47A730446C0E901530D4B37
:105890000360C0E904550176427629464FF48072D0
:1058A000203016F015F8C4F82051C4F82C52C4F872
:1058B0002451C4F83052C4F82851C4F83452204658
:1058C00038BD00BF1032030010B4D0E900340968BD
:1058D0006210E40701EB020048BF8A585DF8044BF0
:1058E00048BFD358184708B501460430FFF7ECFF0E
:1058F00008BD0000034AC260034607C983E80700E9
:10590000704700BFF031030010B586B00446039124
:10591000684606A980E80C0001E90C00204603A9AE
:10592000FFF7E8FF204606B010BD37B56C4684E8A7
:105930000C0094E80C000546FFF7E6FF284603B08C
:1059400030BD000070B5036888B05B6A05460E463E
:105950009847482008F0A0FF95F9192095F91810EC
:10596000044604F08FFE71002C61204604F0A6FE70
:10597000BC2008F091FF164B044640F8043BFFF7AB
:1059800002FC002104F1400009F0D0F904F15400B8
:1059900009F06AF90F4B0093204600234FF4006290
:1059A000182109F03DFA0C4B02930023039302AB3C
:1059B0000CCB294604A8C5F83842FFF7B6FF04A966
:1059C000204609F095FA04A8FAF73CFD08B070BD2E
:1059D000304B0300FC310300CF57010008B5FFF73F
:1059E00082FF08BD08B5FFF7F9FF08BD10B512200A
:1059F00002F0A0F80446132002F09CF8214602466B
:105A00000848FFF73DFF1E2002F094F804461F20CF
:105A100002F090F821460246BDE810400248FFF728
:105A20002FBF00BF181400205416002030B5A1F17C
:105A30001004002500F00F02D3B2092ACCBF37337F
:105A400030338B73CD7302398C424FEA1010F1D191
:105A500030BD22207047000030B5012185B01920EB
:105A600002F0FEF80121192002F03EF94FF08043C8
:105A70000022C3F85C2503F588334FF48032C3F865
:105A800048230121C3F80823212002F0E9F801216D
:105A9000202002F0E5F80121212002F025F90A205A
:105AA00002F080F80121202002F01EF9212002F0EE
:105AB00041F81F2886BF00F01F00154B4FF0A04390
:105AC00000F5E07040F2033243F82020114B012230
:105AD0001A60114A1368002BFCD0104B0024C3F845
:105AE0000045C3F800450E4B0FCB6D4685E80F000F
:105AF000234620464FF0FF3155F823200133042B75
:105B0000C2F80005C2F86015F6D105B030BD00BF7F
:105B100000030050042000404421004000200040C9
:105B20006032030038B54FF0805504462146D5F861
:105B3000A800FFF77BFFD5F8A40004F11001FFF7E0
:105B400075FF202038BD000072B64FF08043B022B0
:105B5000C3F81C25BFF34F8F0549064BCA6802F4F2
:105B6000E0621343CB60BFF34F8F00BFFDE700BF80
:105B700000ED00E00400FA0538B50546FFF769FFBF
:105B8000854209D2054C04EB0514606820B1036816
:105B90005B6898470023636038BD00BF1402002093
:105BA00003680868184708B5011DFFF7F9FF08BD2D
:105BB000044AC260034603C9002283E803009A60D6
:105BC000704700BF7032030013B5CDE9001269467B
:105BD0000446FFF7EDFF204602B010BD10B50446A5
:105BE000FFF7F2FF204610BD2DE9F04F85B00446C7
:105BF000884617469946FFF72CFF844239D2254D37
:105C00004FEA041A05EB0A02526812B12046FFF768
:105C1000B3FF204601F08EFF83462C2008F03CFEA7
:105C20005946064604F06EFD022F4A464146684634
:105C300022D1FFF7D3FF6946304604F0BBFD68462A
:105C4000FAF700FC4A4641466846FFF7C7FF694637
:105C5000304604F0CCFD6846FAF7F4FB05EB0A0386
:105C6000D9685E6029B9032F0FD10221204601F0C7
:105C7000F7FF05B0BDE8F08F032FE6D0FFF7AEFFCA
:105C80006946304604F096FDE5E7042F08BF03217E
:105C9000ECE700BF140200200023FFF7A5BF08B502
:105CA000FFF781FF08BD08B5FFF7F9FF08BD70B524
:105CB00090F8343105461446F3B90368DB69984718
:105CC00004F47063B3F5407F04F0F0030CBF0721C8
:105CD000082104F00F02302B0CBF02230123012AFC
:105CE00008D0901E42424241A869BDE87040006859
:105CF00004F06FBE0222F7E770BD10B590F83431A2
:105D000004462BB9A369186804F0BAFE0028F9D03C
:105D100010BD38B590F834510446A5B983695BB11C
:105D2000186848B10368DB689847A3691D600421BF
:105D3000A06908F0C9FDA5610023C4F82431C4F8A6
:105D40002831C4F82C3138BD13B590F834310446ED
:105D50006BBBA369186804F053FE40B308F050F819
:105D6000A3691868036801225B690DF10701984770
:105D7000D4F82C31B3F5807F16D0D4F82C31B3F59C
:105D8000807F11D0D4F824319DF80720234483F874
:105D90002420D4F824310133DBB2C4F82431D4F800
:105DA0002C310133C4F82C3108F040F8D1E702B0AF
:105DB00010BD000008B590F834313BB1012001F06E
:105DC000F1FE0648BDE8084001F0DBB982691AB16E
:105DD0001368003318BF0123184608BD9420002023
:105DE00070B504460D4601F0CCF930B12368294660
:105DF00020461B6CBDE87040184770BDA0F5A07030
:105E0000EEE7000013B590F834318DF80710044622
:105E10002BB1C9B20B48FFF7E3FF02B010BDA36975
:105E2000186804F02DFE0028F9D0A36918680368EB
:105E300001221B690DF107019847013018BF0120AD
:105E4000EBE700BF942000202DE9F041074688468B
:105E5000164601F096F970B10024A6420CD9351B04
:105E6000402D28BF402508EB04012A46384600F0A3
:105E7000F1FE2C44F1E704462046BDE8F081A0F590
:105E8000A070E1E770B590F8343105460E4614462F
:105E90002BB11048FFF7D8FF0446204670BDAB6910
:105EA000186804F0EDFD0028F9D0AB691868D0F847
:105EB000083101211B6B00F584709847AB691868A5
:105EC000036822461B6931469847013008BF002409
:105ED000E3E700BF9420002030B50446C3B001F0D2
:105EE0003DF9D4F85832C3F5807398420546C4BFD3
:105EF000D4F85852C5F580752A4601AB02A9204650
:105F000000F092FF019902AB6D1A00221D44D4F8F3
:105F10005832B3F5807F19D08A4217D0D4F858325E
:105F2000B3F5807F10D0D4F85032A85C234483F8B6
:105F30005001D4F850320133DBB2C4F85032D4F8F7
:105F400058320133C4F858320132E0E743B030BD73
:105F500038B5044600F07EFB2046FFF7BDFFD4F8BD
:105F60005852204600F07EFB284638BDA0F5A070B0
:105F7000EEE7000010B590F8343104462BB1064826
:105F8000FFF7E6FF0446204610BD07F039FFD4F8BE
:105F90002C4107F04BFFF6E79420002038B504466B
:105FA00000F058FB2046FFF797FFD4F858324BB16A
:105FB000D4F85432234493F85051204600F052FB59
:105FC000284638BD4FF0FF35F7E7A0F5A070E5E7AC
:105FD00010B590F8343104462BB10B48FFF7DEFFC3
:105FE0000446204610BD07F00BFFD4F82C313BB11E
:105FF000D4F82801044494F8244007F017FFF0E790
:106000004FF0FF34F9E700BF9420002038B5044674
:1060100000F020FB2046FFF75FFFD4F85832A3B111
:10602000D4F85432234493F85051D4F85432013305
:10603000DBB2C4F85432D4F85832013BC4F85832B9
:10604000204600F00FFB284638BD4FF0FF35F7E73C
:10605000A0F5A070DAE7000010B590F834310446DE
:106060002BB11148FFF7D2FF0446204610BD07F0C0
:10607000C7FED4F82C319BB1D4F82831234493F8CF
:106080002400D4F828310133DBB2C4F82831D4F825
:106090002C31013BC4F82C31044607F0C7FEE4E77D
:1060A0004FF0FF34F9E700BF9420002008B54FF40B
:1060B0008072002115F00CFC0022C0F80021C0F80D
:1060C0000421C0F8082108BD10B4D0E900340968E3
:1060D0006210E40701EB020048BF8A585DF8044BE8
:1060E00048BFD358184708B501460430FFF7ECFF06
:1060F00008BD0000034AC260034607C983E80700E1
:10610000704700BF7C32030010B586B0044603918F
:10611000684606A980E80C0001E90C00204603A9A6
:10612000FFF7E8FF204606B010BD37B56C4684E89F
:106130000C0094E80C000546FFF7E6FF284603B084
:1061400030BD000070B590F8343186B004460D467D
:10615000002B37D1866926B9042008F09DFBA06189
:106160000660A369186878BB4FF4867008F094FB4A
:106170002B4694F9212094F92010064604F08CFF58
:10618000A3691E6094F92220531C06D0A06994F9DB
:1061900023300068032104F08FFFA3691D688DB1CF
:1061A0000B4B0093002601966B460CCB214602A8B0
:1061B000FFF7BBFF2846324602A904F0E5FC02A81F
:1061C000FAF740F906B070BD294604F0EEFBD9E7B6
:1061D000495D010008B5FFF786FF08BD08B5FFF768
:1061E000F9FF08BD2DE9F047194C1A4F276000252B
:1061F0004FF47A78C4E90158202604F12400C4E958
:106200000565E5614FF00109FFF750FF284684F866
:10621000349101F08FFC8246484601F08BFC0E4C15
:10622000FF2384F82100C4E9015804F12400276009
:10623000C4E90565E56184F820A084F8223084F87B
:106240002330FFF733FF84F83451BDE8F08700BFF7
:10625000C8190020903203009018002000207047D9
:106260007047704710B5D0F88C452CB12368204694
:10627000DB6A9847A468F8E710BD38B5D0F88C45BC
:106280000D4634B123682046DB6829469847A46848
:10629000F7E738BD004870475033030010B5054B91
:1062A0000360044606F059F9204606F067FA2046D6
:1062B00010BD00BFD032030010B50446FFF7EEFF5B
:1062C00020464FF4B26108F0FFFA204610BDF7B542
:1062D000D0F88C4505460E460023A4B1236831460C
:1062E0001F690DF1030201AB2046B8479DF803106A
:1062F0000429034605D0019A284605F03DFC03B069
:10630000F0BDA468E9E7019A9DF80310F4E770B5C1
:1063100005460E4622B10021BDE8704005F038BAAE
:10632000D0F88C455CB1236800225B693146204679
:10633000984710B101212846EEE7A468F2E721460C
:10634000F9E770B5D0F88C450E46054600213CB102
:106350002368314620469B699847A4680146F6E7C2
:106360002846BDE8704005F007BBF8B5D0F88C456D
:1063700005460E4617463CB123682046DB693A467F
:1063800031469847A468F6E728460121BDE8F84061
:1063900005F050BB70B5002186B0044605F037FD0E
:1063A0000023ADF8063023898DF810301B0AA18830
:1063B000E2888DF811304FF4897540F20123ADF871
:1063C0000450ADF81230022540F20313EF268DF889
:1063D00007508DF809508DF80C100125090A8DF829
:1063E0000E20ADF81430120A04F10A038DF808608B
:1063F0008DF80A508DF80B008DF80D108DF80F20D8
:1064000001AD05AE1C462A4603CAB2421860596067
:10641000154603F10803F6D112881A80204606B00B
:1064200070BDF8B5002406460D462746304615F0E7
:1064300027FEA04207D9335D05F8143005EB44036D
:1064400001345F70F2E7400000F0FE00F8BD38B59F
:10645000D0F88C55044635B12B6828465B6A9847BE
:1064600010B9AD68F7E7284640F20233A4F8483582
:1064700004F24A51FFF7D5FF94F84835184484F8E0
:10648000480504F5A96038BD40F2023310B500F2AA
:106490000A510446A0F808350548FFF7C2FF94F8F2
:1064A0000835184484F8080504F5A16010BD00BF44
:1064B000BC32030040F2023310B50446A0F8C834E1
:1064C00000F2CA40FFF72EFB94F8C834184484F851
:1064D000C80404F5996010BD2DE9FF4100238DF833
:1064E0000A3090F888351B4A8DF808300123019254
:1064F0008DF809303222C0238DF80B308DF80C2036
:1065000001AB044600F54E7803CBC4F83803C8F855
:10651000041088F80820D4F88C6509258EB13368FA
:1065200000219B6830469847478805F54E73093F20
:1065300000F109013A46E01815F0CCF83D44B66880
:10654000ECE784F83A5340462D1284F83B5304B0EC
:10655000BDE8F0810902FFFF73B504460D461646FB
:1065600008F018FF4FF480730093014633462A4623
:10657000204606F0BFF8024B2360204602B070BDF3
:10658000D032030010B5D0F88C350446A3B9C0F85A
:106590008C1594F888350B7194F888354A79134432
:1065A00084F888350B6808469B6A98472389184405
:1065B0002081012010BD13469A68002AFBD1996002
:1065C000E7E71FB5044605F01DFC0146684604F0E8
:1065D0003BFE4021684604F0A9FED4F88C4534B156
:1065E000236820461B6A69469847A468F7E768460F
:1065F00004F031FE04B010BD10B50446FFF7E1FF12
:106600002046BDE8104005F0E4BB000010B50D4C7D
:106610002378BFF35B8FDB0712D4204607F044FFDB
:1066200070B148F25A0242F241310748FFF794FF35
:10663000204607F05BFF054A0549034807F021FFA4
:10664000014810BD001B0020041B00200002002098
:106650009D62010010B5FFF7D9FF0368BDE8104047
:106660005B6F184710B5FFF7D1FF0368BDE8104016
:106670009B6F184710B5FFF7C9FF0368BDE81040CE
:10668000DB6F184704F064BF04F078BF04F050BF1C
:10669000704770477047436A93F878007047D0F8A6
:1066A000240170470120704700487047B834030048
:1066B0002DE9F04F044697B00F464B22002103A866
:1066C00015F006F9D4F82431267994F80EA094F840
:1066D0000C90002B06F10105637B019314BF05208C
:1066E0000020EDB2002F40F0978040F20923ADF872
:1066F0000C304FF48173ADF8103080238DF81330D7
:1067000032238DF8143008238DF815300B23012126
:106710008DF816308DF8250040F2022342F2054034
:106720004FF0240C4FF0090E04274B22ADF818301F
:106730008DF8211002238DF82410ADF826004FF0BB
:10674000100805208DF82A108DF82D108DF82F10C7
:106750004FF0030B06218DF80E208DF817608DF891
:106760001A308DF81DE08DF81F608DF822308DF8FD
:1067700023308DF82B008DF82CC08DF831C08DF8AA
:1067800032308DF833108DF834008DF835C08DF827
:106790001E708DF829808DF82EB08DF830708DF830
:1067A000361007218DF839108DF8491044F2020196
:1067B000ADF84C1040F20751ADF850101D349DF863
:1067C00004108DF837608DF838508DF83A008DF848
:1067D00042508DF84A008DF852108DF8533044F233
:1067E0000306402340F6022503A920468DF83BA06E
:1067F000ADF83C608DF83F808DF840E08DF8417039
:10680000ADF844508DF84B908DF8543014F062FF81
:10681000204617B0BDE8F08F0020FAE738B50546EE
:106820000A4B45F8D03B0446FFF7F0FE05F095FE15
:10683000284604F015FE04F17C0004F011FE04F17A
:10684000700004F00DFE204638BD00BF7834030010
:1068500010B50446FFF7E2FF20464FF4947108F0AC
:1068600033F8204610BDFFF705BF000010B5034BFD
:106870000360044604F0B0FC204610BD98330300CA
:1068800010B50446FFF7F2FF2046282108F01CF857
:10689000204610BD10B5034B0360044604F09CFC79
:1068A000204610BD6833030010B50446FFF7F2FF21
:1068B0002046342108F008F8204610BD10B5034BDF
:1068C0000360044604F088FC204610BD80330300BA
:1068D00010B50446FFF7F2FF2046382107F0F4FF19
:1068E000204610BD38B51C4B0D461968C0F80F1076
:1068F00099889B7943750446A0F813104022022121
:10690000284604F009FD402220730221284604F0A5
:1069100008FD402260730321284604F0FDFCA073AB
:10692000284604F099FC20B9AF220C490C4807F026
:10693000B7F9002304F18502C4E9322304F1D90236
:1069400084F8783084F8843084F8D830C4F81C2176
:10695000C4F8203138BD00BFB43303005334030002
:106960005E3403002DE9F34104460E461546FFF759
:1069700081FEF28823799A4237D1002D35D177787C
:10698000012F2ED1F378202B27D13289072A24D149
:1069900004F10F0804F116052946404614F068FE7C
:1069A000D0B1D4F81630C4F80F30207CE17B638B73
:1069B000A4F8133001EB0021607CE57C237F009577
:1069C00001EB00412568A07C637501EB0061237D2C
:1069D000627D6D6B2046A8473D46F378212B08BFAA
:1069E0000125284602B0BDE8F0810025F9E710B581
:1069F0000446FFF73FFEFFF709FE217B05F04AFC46
:106A000004F18503C4F8C8300023C4F8CC3084F8FE
:106A1000843004F17C0004F0D8FC94F884302BB965
:106A200023682046DB6BBDE81040184710BD00000E
:106A300070B50446FFF71EFED4F820512DB140F288
:106A4000DD120F490F4807F02BF904F1D903C4F800
:106A50001C31FFF7DBFD617B05F07AFB84F8D85031
:106A6000C4F8200104F1D00004F0AFFC94F8D83051
:106A70002BB9236820469B6BBDE87040184770BD5A
:106A800053340300C033030038B50223437100239D
:106A900083600C4B044640F8703B154604F088FCBC
:106AA00004F17C0004F084FC04F1D00004F080FCCC
:106AB000C4F82451FFF7AAFD2146FFF763FD2046E5
:106AC00038BD00BF7834030070B504460D46FFF7AB
:106AD000D1FD84F87850002D3ED194F8843033B144
:106AE000FFF794FD217B05F0ADF984F8845004F1A3
:106AF000850304F17C0600253046C4F8C830C4F88C
:106B0000CC5004F062FC304604F058FC28B915491A
:106B100015484FF4A27207F0C3F894F8D83033B197
:106B2000FFF774FD217B05F08DF984F8D85004F14E
:106B3000D903C4F81C3104F1D00500232846C4F859
:106B4000203104F042FC284604F038FC20B94FF410
:106B5000A77204490548DEE704F17000BDE8704003
:106B600004F033BC53340300CE330300DF3303009F
:106B700010B50446FFF77EFD20460021BDE8104019
:106B8000FFF7A2BF38B50D460446FFF773FD042D8D
:106B900005D020460021BDE83840FFF795BF38BD3D
:106BA000F8B5164604460D461F46FFF763FD04235D
:106BB0003370EA8823799A4225D16978012922D154
:106BC000EA78212A08D0222A0BD0202A4FF0000090
:106BD0001BD13070163401E031700F343C60072057
:106BE000F8BDAB8813F0010308BF19462046FFF734
:106BF0006BFFAB8803F00103E366AB8803F002038D
:106C0000A366022333700020EAE703233370E7E72B
:106C100010B58AB00446FFF71DFD684604F0CCFAB3
:106C20000A4B0093694604F17000099404F0E5FBF7
:106C30002046FFF717FD064B00211A68684604F04E
:106C400081FA6846FFF712FE0AB010BD98330300C0
:106C5000BC33030070B58EB0154604460E46FFF7F0
:106C6000F9FC01A804F0A8FA0E4B0C9501A9002527
:106C700004F17C000193CDE90A468DF8345004F00C
:106C8000BCFB2046FFF7EEFC074B29461A6801A81B
:106C900004F058FA01A89DF83440FFF7FBFD2046A8
:106CA0000EB070BD68330300BC33030010B504465A
:106CB000FFF7E0FC94F884307BB9D4F8CC3063B1B2
:106CC000FFF7A4FCD4F8CC30217B04F1850205F059
:106CD0007FFA10B1012384F8843010BD2DE9F84308
:106CE0001E460446894690469DF82070FFF7B2FC88
:106CF0000023336094F87830E3B194F88430CBB952
:106D0000D4F8CC50C5F14005454528BF4546B8F1FB
:106D1000000F05D02A464946D4F8C80014F0DAFC22
:106D2000D4F8CC302B44C4F8CC30356017B12046B1
:106D3000FFF7BCFF2046BDE8F843FFF793BCF0B572
:106D40000446406A90F8785085B001262DB984F841
:106D500030503546284605B0F0BD04AB002743F857
:106D6000047DD4E90A120096FFF7B8FF0399E36A9D
:106D7000A26A5B1A0A44E362A26213B984F8306023
:106D8000E8E7606AFFF792FF3D46E3E72DE9F0434D
:106D90001C4691B0904606468946FFF75BFC002CE6
:106DA00008BF01AC4FF00005256002A80CBF012709
:106DB000002704F001FA104B029302A906F1D0005B
:106DC000CDE90D84CDE90B698DF83C708DF83D500F
:106DD00004F013FB3046FFF745FC084B29461A68C0
:106DE00002A804F0AFF902A89DF83D40FFF766FD48
:106DF000204611B0BDE8F08380330300BC330300AC
:106E000010B5D0F8203104466BB990F8D83053B99A
:106E1000FFF7FCFB402304F1D902617B05F03AF94E
:106E2000012384F8D83010BD70B51E4604460023F7
:106E3000336094F878300846EBB194F8D830D3B981
:106E4000D4F82051D4F81C11954228BF15462A4683
:106E500014F040FC3560D4F81C31D4F820212B44C8
:106E6000551BC4F81C31C4F8205125B92046BDE893
:106E70007040FFF7C5BF70BD37B50446406A90F853
:106E800078502DB984F835500125284603B030BD1F
:106E900002AB002243F8042DD4E90A12FFF7C4FF25
:106EA0000199A26A0A44A262226B13680B44136020
:106EB000E36A01995B1A94F83410E36209B9126825
:106EC00002B91BB9012384F83530DEE7606AFFF7A9
:106ED00097FF0025D9E710B50446FEF754F9204680
:106EE00010BD10B4D0E9003409686210E40701EB6A
:106EF000020048BF8A585DF8044B48BFD358184772
:106F000008B501460430FFF7ECFF08BD034AC26034
:106F1000034607C983E80700704700BFA833030092
:106F200010B586B004460391684606A980E80C00B7
:106F300001E90C00204603A9FFF7E8FF204606B050
:106F400010BD37B56C4684E80C0094E80C0005468B
:106F5000FFF7E6FF284603B030BD00002DE9F04101
:106F60008AB00546FFF786FBFFF750FB06ACAF7B08
:106F7000064600212046FFF7AEFF39460323402294
:106F80000094304605F04CFB2046F9F75BFAFFF71A
:106F90003DFB00261D4B95F80C800293039602AB37
:106FA00007460CCB29462046FFF7CBFF414602237C
:106FB00040220094384605F033FB2046F9F742FAA8
:106FC000FFF724FB124B95F80D80CDE9043604AB96
:106FD00007460CCB29462046FFF7B3FF4146022364
:106FE00040220094384605F01BFB2046F9F72AFAA8
:106FF000FFF70CFB4023D5F81C21697B05F04AF80C
:10700000012085F8D8000AB0BDE8F081EF690100E1
:10701000316A010008B5FFF773FF08BD08B5FFF737
:10702000F9FF08BD6FF01500704700290CBF6FF025
:10703000180000207047012070476FF0150070475E
:107040006FF0150070471120704770477047704708
:1070500003689B6C1847A0F5A070F9E7704770476C
:107060007047704710B50446012000F09BFD94F86E
:10707000780010BDA0F5A070F4E7000038B54FF01F
:10708000FF320123FF210B480B4D07F0ABFD00F051
:107090006BFD044695F878301BB1012000F082FDAD
:1070A000F8E700F061FD001BC728F6D9BDE83840BD
:1070B000FEF74ABD4C2300209420002007B502AB08
:1070C000012243F8041D1946FFF7C4FD18B10198C9
:1070D00003B05DF804FB4FF0FF30F9E7A0F59470C2
:1070E000FFF7ECBF07B502A9002301F8013D01221B
:1070F000FFF74CFE20B19DF8070003B05DF804FBDC
:107100004FF0FF30F9E7A0F59470FFF7EBBF2DE9E2
:10711000F8430446884617461E46089DFFF7AAFA1C
:10712000D4F87092B9F1000F04D02B46324639469C
:107130004046C847C4F86082C4F86472C4F8686204
:10714000C4F86C52BDE8F883B0F5966F03D1012105
:10715000014807F029BD70474C23002038B505468B
:10716000FFF778FA95F8D8304BB9D5F82041402C84
:1071700028BF40242846FFF775FA204638BD002472
:10718000F8E790F878007047F7B504461F461546B3
:107190000E4608F0FFF8BDF824300193BDF820300A
:1071A00000932A463B4601462046FFF76DFC00212E
:1071B00004F5947006F01EFA4FF47A73C4F848315F
:1071C000194B236003F178020025C4F8282103F14C
:1071D000D802E833C4F84451C4F82C212946C4F835
:1071E00040314FF4807204F5A87014F071FB04F57F
:1071F0002D77C4F85052C4F85452C4F8585204F5CC
:107200001D7528461035FDF7BEFFBD42F9D100239C
:10721000C4F8B432C4F8703216B12046FFF7F8FC57
:10722000204603B0F0BD00BFEC340300114B03F166
:10723000780270B50360C0F8282103F1D802E83362
:107240000446C0F82C21C0F8403100F51D7600F549
:107250002D75AE4204D0103D2846F9F7F3F8F8E753
:1072600004F5947006F0F0F92046FFF7D7FA2046AF
:1072700070BD00BFEC340300A0F59470FFF7D6BFDB
:10728000A0F59670FFF7D2BF10B50446FFF7CEFF0A
:1072900020464FF42E7107F017FB204610BDA0F5D5
:1072A0009670FFF7F1BFA0F59470FFF7EDBFF8B54A
:1072B0000646FFF7DFF906F51D740025D6F8B4324F
:1072C000AB420AD92046FDF79EFF2746103420B175
:1072D0003846FEF7D5F80135F0E7F8BD10B4D0E92F
:1072E000003409686210E40701EB020048BF8A58C5
:1072F0005DF8044B48BFD358184708B50146043021
:10730000FFF7ECFF08BD0000034AC260034607C94F
:1073100083E80700704700BFD034030010B586B083
:1073200004460391684606A980E80C0001E90C00B8
:10733000204603A9FFF7E8FF204606B010BD37B589
:107340006C4684E80C0094E80C000546FFF7E6FF65
:10735000284603B030BD000030B5044689B0FFF7C1
:1073600079F92A4BC4F870322046FFF77BF9284B95
:1073700002930023039302AB0CCB214604A8FFF732
:10738000DEFF2046FFF766F9D4F8B402032809D8D7
:10739000431C04EB0010C4F8B43204A900F51D70BE
:1073A000FDF71EFF2046FFF75DF904A8F9F74AF83C
:1073B000BC2007F071FA174B054640F8043BFDF777
:1073C000E2FE002105F1400007F0B0FC05F1540099
:1073D00007F04AFC104B00934FF4807200232846BC
:1073E000182107F01DFDC4F85C520C4904A8F9F7F8
:1073F0003BF804A9284607F07BFD04A8F9F722F81A
:107400002046FEF769FD09B030BD00BF497101009B
:10741000D95E0100304B0300DC3403007D700100B5
:10742000A0F5A070FFF798BF08B5FFF766FF08BD8D
:1074300008B5FFF7F9FF08BD37B50F4C0F4D2046D3
:1074400007F0A2FB2A460E49204607F01AF80D4C19
:1074500042F212030122CDE90032002211464FF41C
:10746000F8532046FFF790FE07492A46204603B00E
:10747000BDE8304007F005B84C2300200002002092
:10748000AFEB0100942000202D72010008B512F02E
:107490009DFD2DE9F04F027D012A85B005460E467F
:1074A00040F0908000214FF0FF3B04460B465F46C2
:1074B00094F804C048B2BCF1000F75D194F805C02F
:1074C000BCF1000F70D1B7F1FF3F1BBF01335BB2BE
:1074D00001233846934201DD1A46834601310829CB
:1074E00004F102045ED1002402EB0B03A1460293D7
:1074F000CB4502DC029B4B4559DC95F8058095F89D
:1075000004A04FEA28170AF00F03FAB25FEA2A1A1A
:10751000019208F00F0870D05FFA8AF1BAF1090FF2
:10752000D4BF303157313046039300F0D3F8039B7A
:107530000444092B94BF03F1300103F15701304695
:10754000039300F0C7F80444BAF1000F02D1039B83
:1075500003B94FB1092F019FD4BF30375737F9B264
:10756000304600F0B7F80444B8F1090F94BF08F1B1
:10757000300108F15701304600F0ACF8B9F1070FBF
:10758000044404D03A21304600F0A4F8044409F140
:107590000109B9F1080F05F10205A9D1204605B08E
:1075A000BDE8F08F074683E74FF0FF3096E7CB4505
:1075B000EDD1BBF1000FE5D13A21304600F08AF859
:1075C0000444DFE700F1100700F11309002417F865
:1075D000011B0A22304600F0C5F82E2180463046B5
:1075E00000F078F8B94540440444F0D10A22E97C1F
:1075F000304600F0B7F80444D0E7002B99D1A8E753
:1076000010B5054B036004460175102200210430BB
:1076100014F05EF9204610BD0836030070B5074D22
:107620000560837400259DF8103005754560856000
:10763000C56001744274C37470BD00BF0836030096
:1076400007B501210648FFF7DBFF002300931A4628
:1076500019460448FFF7E2FF03B05DF804FB00BFE2
:1076600060230020782300202DE9F04106460D46D6
:1076700001EB02080C464445A4EB050707D033682C
:1076800014F8011B1B68304698470028F3D1384690
:10769000BDE8F08170B5044608460D4614F0F0FCD4
:1076A00023680246294620465B68BDE870401847BB
:1076B00009B1FFF7EFBF0846704708B5FFF7F8FFBD
:1076C00008BD03688A685B680968184708B5FFF752
:1076D000EFFF08BD03681B68184700000149FFF76A
:1076E000D9BF00BF6148030038B50546FFF7E9FF81
:1076F00004462846FFF7F2FF204438BD38B505465A
:10770000FFF7D6FF04462846FFF7E8FF204438BDC0
:1077100070B58AB00D460AA9002301F8043D012A7C
:1077200098BF0A22B5FBF2F402FB1456F3B2092EFD
:1077300094BF30333733DBB2254601F8013D002CCE
:10774000F0D1FFF7B5FF0AB070BD10B42AB90368D5
:107750005DF8044B1B68C9B21847D2B25DF8044B00
:10776000FFF7D6BFFFF7F1BF2DE9F84F0A9E074696
:10777000002E10461946B8BF022614461D460EF0CC
:1077800049FC28B14C493846BDE8F84FFFF782BFA5
:1077900025F000494FF0FF32484B204649460EF095
:1077A00039FC48B94FF0FF32444B204649460EF0B1
:1077B00013FC08B94249E6E74FF06042414B2046CE
:1077C00029460EF01DFC08B13F49DCE74FF060424E
:1077D0003E4B204629460EF0F5FB0028F4D100224E
:1077E0000023204629460EF0EDFBD0B12D2138466E
:1077F000FFF770FF05F1004382461D463449DFF86C
:10780000D8904FF0000B00204FF000085FFA8BF388
:10781000B3420BF1010B06DA42464B460EF08AFAF0
:10782000F4E78246EAE702460B46204629460DF079
:10783000A1FF0D4604460EF003FC0A2201468046D5
:107840003846FFF765FF82449EB340460EF0CEF8FF
:1078500002460B46204629460DF08AFF04460D4697
:1078600038461C49DFF87090FFF714FF4FF000080E
:10787000824416F1FF361CD34B4642462046294629
:107880000EF02EF90D4604460EF0DAFB0A220146F0
:1078900083463846FFF73CFF824458460EF0A6F870
:1078A00002460B46204629460DF062FF04460D466F
:1078B000DFE75046BDE8F88F0C360300FFFFEF7F8F
:1078C00010360300FFFFEF4114360300FFFFEFC146
:1078D0000000E03FD2FF02000000244037B50699C7
:1078E00000910546FFF740FF04462846FFF7F6FEE5
:1078F000204403B030BD10B50446006808B113F051
:10790000A5FB204610BD10B50446006808B113F071
:107910009DFB00232360C4E9013310BD38B5044644
:107920000D460068013114F033F810B1C4E90005C8
:10793000012038BD036810B5044623B143688B426B
:1079400001D3012010BD2046FFF7E8FF0028F9D041
:10795000A368002BF5D122681370F3E770B50E46CB
:10796000114604461546FFF7E5FF20B92046FFF70C
:10797000CAFF204670BD2A463146A560206813F034
:10798000A9FE2268A3680021D154F2E738B500238C
:107990000446C0E9003383600D4639B1084614F04F
:1079A0006FFB294602462046FFF7D8FF204638BD28
:1079B00038B5054608460C4614F062FB21460246DF
:1079C0002846BDE83840FFF7C9BF10B504468AB065
:1079D0000023C4E90033A360084601A900F08BF836
:1079E000204601A9FFF7E4FF20460AB010BD2DE9AB
:1079F000F04105461746884619B900263046BDE8CD
:107A0000F0819AB1846814442146FFF793FF06463B
:107A10000028F2D0AB6828683A461844414613F073
:107A200059FE2B68AC6000221A55E7E70126E5E70E
:107A300038B5054608460C4614F022FB214602469E
:107A40002846BDE83840FFF7D2BF09B1FFF7F0BFC5
:107A50000846704710B58A6809680446FFF7C7FFF3
:107A600010B92046FFF74FFF204610BD10B5044661
:107A700021B92046FFF747FF204610BDFFF7E5FF7D
:107A80000028F6D0F8E7F0B58BB041B3931E222B57
:107A90002FD80A2A06D1002804DA4442012601AB75
:107AA0001D4610E004460026F9E7B4FBF2F002FBA5
:107AB0001047092F044603F10103F8B294BF303098
:107AC000573003F8010C002CEFD1AB42EDD04EB192
:107AD0002D204A1C0870AB4206D8002313700846BC
:107AE0000BB0F0BD0A46F6E713F8010D02F8010BE2
:107AF000F1E70021F3E7FFF7C6BF000010B500F083
:107B000055F8FDF7A9FFFEF781FDFEF775FD4FF46F
:107B1000E1310648064CFFF71FFCF8F723FDF8F7A4
:107B20000BFF002CFBD0AFF30080F8E7942000207F
:107B30000000000010B50446FDF78BFF84423BBFF8
:107B40002401024B4FF0FF30185710BD14020020E3
:107B500010B5044603F04DF9204610BD10B504469B
:107B600003F047F9204610BD07B50749684603F002
:107B70007DF94FF47A720023DDE900010EF0D0FAAE
:107B800003B05DF804FB00BF9023002007B5044953
:107B9000684603F06BF9009803B05DF804FB00BF82
:107BA000A823002007F0F2B806F0C4BF08B50448C7
:107BB00003F029F90348BDE8084003F024B900BFE9
:107BC000A82300209023002007F0F0B838B50A4C15
:107BD0000A4D204603F087F92046094C09492A46F8
:107BE00006F04FFC204603F089F92A462046064954
:107BF000BDE8384006F045BCA82300200002002064
:107C0000902300205D7B0100517B010008B590F9B5
:107C100000305A1C04D121220E490F4806F040F8CA
:107C2000012259B11F2B86BF03F01F030B494FF0F0
:107C3000A04102FA03F3C1F8083508BD1F2B86BF27
:107C400003F01F0305494FF0A04102FA03F3C1F806
:107C50000C35F2E79F360300AD36030000030050F9
:107C60002DE9F84304460F46FDF7F3FE844236D271
:107C70001C4D4FEA041805EB0802D06810B1012131
:107C800006F022FE2046FFF755FF8146012006F050
:107C900003FE002606704946044605F0A7F805EBEA
:107CA0000803012FDC6010D006D3022F12D020462B
:107CB00002F04FFB012103E0204602F04AFB31466F
:107CC0002046BDE8F84302F051BB2046BDE8F8432A
:107CD00002F032BB204602F03CFB0321F0E7BDE896
:107CE000F88300BF14020020F7B506460F46FDF7E3
:107CF000B0FE86421BD20F4D05EB0615EC687CB931
:107D00003046FFF717FF0646012006F0C5FD0023A9
:107D10000446037001220097314605F07FF8EC60BD
:107D20003946204603B0BDE8F040FFF76FBF03B00F
:107D3000F0BD00BF1402002073B50646FDF789FEB2
:107D400086421AD20E4D05EB0615EC687CB930461A
:107D5000FFF7F0FE0646012006F09EFD00230446D4
:107D600003701A460093314605F058F8EC6020463F
:107D700007F0C4FFC0B202B070BD0020FBE700BF37
:107D8000140200201EF0040F0CBFEFF30880EFF385
:107D90000980816911F8021C002932D101B590E8EF
:107DA0000F10E047BDE800508CE80300244B93E837
:107DB0000600914208BF70471A6041B91EF0100FCB
:107DC00010D1204B186820F0010018600AE02CE95F
:107DD000F00F1EF0100F08BF2CED108A81F822E082
:107DE000C1F838C0906B92F8221061F0FF0E1EF0BF
:107DF000100F08BFB0EC108AB0E8F00F80F30988CC
:107E00007047114A13689942FAD801B552F821C057
:107E10000FC8E047BDE80050CCF80000704701B53E
:107E200001F04AFBBDE80140EFF3098CBEE701B564
:107E300001F006FBBDE80140EFF3098CB6E7000056
:107E40004804002034EF00E08C37030008B50146F9
:107E500030B96FF0030000F0EEF96FF0030008BDD9
:107E6000132001F0E3FE30B94FF0FF3000F0E3F9EA
:107E70004FF0FF30F3E70020F1E7000008B5EFF323
:107E800005832BB9EFF3108313B9EFF3118333B1EB
:107E90006FF0050000F0CFF96FF0050008BDDFF8C6
:107EA00008C000DFFAE700BF4D7E0100EFF310834A
:107EB0002BB9EFF31180003818BF01207047012063
:107EC0007047000038B50546A0B1846802686CB1FF
:107ED00014F0030302D1C1680F2926D86FF00801FE
:107EE000002002F0F1F80024204638BDC368002BC2
:107EF000F4D11546104BD3F8900078B100F014FC83
:107F00000446A0B10123A3700023C4E90233F32285
:107F1000094B2270094A65605A66E5E7D3F880008C
:107F20000122102100F088FBEAE71546EBE76FF02D
:107F3000040102F0C9F8D7E734040020A97F01004A
:107F4000930710B502F0010422D400F10C0384B1B0
:107F500053E8000F00EA01028A4203D0BFF32F8FDB
:107F6000002005E020EA010243E8002404B1EFE725
:107F700010BD53E8000F084203D1BFF32F8F00203C
:107F800005E020EA010243E8002404B1F1E7EFE74D
:107F9000C06801EA00031CB1994218BF0020E7E75E
:107FA000002B08BF0020E3E7F8B58468054604B954
:107FB000F8BD94F82320616AA7682846FFF7C0FF40
:107FC000064638B1204601F0F0FB0022314620463B
:107FD00001F084FD3C46EAE7F8B50D4617461E461B
:107FE000044620B10378F32B01D1002907DA20469B
:107FF0006FF0030102F068F86FF00300F8BDFFF7BF
:108000009FFF0028FAD186B13146432001F00EFED1
:1080100040B1074B5E692046314601F0ABFB75620B
:1080200086F823706FF00100E8E76FF00200E5E7E3
:108030003404002070B5054610B10378F32B07D047
:1080400028466FF0030102F03FF86FF0030070BDA7
:10805000836863B1284601F09FFB00226FF00201A4
:1080600001F03CFDA8680028F4D101F01DFCAB78BC
:10807000002613F001032E700FD0094BD3F8904067
:10808000294624B1204600F069FB3046DFE7D3F8EB
:10809000800000F005FB2046D9E71846D7E700BF6F
:1080A000340400202DE9F041064620B10378F32B7B
:1080B00001D1002909DA6FF00301304602F004F81B
:1080C0006FF003052846BDE8F08100F10C0353E88A
:1080D000002F42EA010543E8005000B1F7E7B46819
:1080E0001CB9204601F0E0FBECE794F82320616A1C
:1080F000D4F808803046FFF723FF074678B194F89C
:1081000023309B0756BF656A054620EA05052046D1
:1081100001F04BFB00223946204601F0DFFC4446CB
:10812000DEE7000008B50246EFF3058333B1002017
:108130006FF0050101F0C8FF002008BDFFF7B6FE93
:108140000028F4D1DFF808C0104600DFF5E700BFD3
:10815000C57E010038B50246EFF305834BB192B9F5
:108160006FF00301104601F0AFFF6FF003042046EB
:1081700038BDFFF79BFE0028F1D1DFF830C0104674
:1081800000DF0446F3E71378F32BE9D10029E7DB9E
:1081900002F10C0353E8000F40EA010443E80045F4
:1081A00005B1F7E7104601F0CFF9E0E7A58001003F
:1081B00038B504461D46EFF3058343B18CB920461C
:1081C0006FF0030101F080FF6FF0030038BDFFF78F
:1081D0006DFE0028F2D1DFF828C020462B4600DFD4
:1081E000F4E72378F32BEAD1002DE8D10029E6DB70
:1081F0002046FFF7A5FE002808BF6FF00200E5E764
:10820000D97F010008B50246EFF305833BB1104664
:108210006FF0050101F058FF6FF0050008BDFFF792
:1082200045FE0028F3D1DFF808C0104600DFF5E76F
:108230003580010070477047EFF310832BB9EFF3DF
:108240001180003818BF01207047012070470000DE
:10825000064BDA6A3AB1D0695B6C1BB11B69984274
:1082600028BF184670474FF0FF30F5E73404002070
:10827000014BD868704700BF3404002070B5464CED
:10828000237A012B00F0858033B14FF0FF3001F0ED
:108290000FFF4FF0FF3070BD404DD5E90B61EB682B
:1082A000E3652B8AA4F854303046AB68236400F0B1
:1082B000ABF908B1C4F88060D5E90561304600F03B
:1082C000A3F908B9D4F880606667D5E9076130463C
:1082D00000F09AF908B9D4F88060A667D5E9096179
:1082E000304600F091F908B9D4F88060E6676E6B0B
:1082F0003EB1D6E902233168304600F0F4F9C4F803
:108300008460AE6B3EB1D6E902233168304600F09E
:10831000EAF9C4F88860EE6B3EB1D6E90223316811
:10832000304600F0E0F9C4F88C602E6C3EB1D6E91E
:1083300002233168304600F0D6F9C4F890606E6CC4
:108340003EB1D6E902233168304600F0CCF9C4F8DA
:108350009460AE6C3EB1D6E902233168304600F03D
:10836000C2F9C4F89860EE6C3EB1D6E902233168D8
:10837000304600F0B8F9C4F89C602D6D3DB1D5E9E8
:1083800002232968284600F0AEF9C4F8A050012362
:10839000237200207FE700BF340400201C37030055
:1083A00070B5254D2B7A012B07D06FF0060001F038
:1083B0007FFE4FF0FF34204670BD01F06BFC10B91A
:1083C0004FF0FF30F3E71D4A1D4E1E497068FF2332
:1083D00082F8223092F82230D26863F0FF03DB4348
:1083E00014BFB3FA83F32023C3F12003C2F30222A4
:1083F000934298BF531CFE2202FA03F30F4ADBB2EA
:10840000D37701F0B1FE04460028D9D101F000FF76
:10841000286101F0E9FE0C4801F0BEF901F03CFAD8
:108420003368DB074CBF0223032383F31488BFF3B5
:108430006F8F02232B72BEE73404002000ED00E0B2
:108440001C3703002F7E01005004002010B50F4C94
:10845000237A022B13D101F0CFFE01236372BFF305
:108460004F8F0B4A5168C90042BF4FF00061516005
:10847000A37204232372BDE81040FFF7E9BE6FF03A
:10848000070001F015FE002010BD00BF34040020DD
:1084900000ED00E038B51E4C237A042B054635D19B
:1084A000FFF7D6FEE26AA842034694BF00F1FF330D
:1084B0002B4612B1D069C01AD061626C12B110693A
:1084C000C01A1061E06803440544E360E368AB420E
:1084D00013D102230020237201F0E6F90023637216
:1084E000BFF34F8FA27A22B1A3720A4B4FF0805292
:1084F0005A60BDE8384001F077BE0133E36001F017
:1085000091F9236D002BE1D09847DFE738BD00BF1C
:108510003404002000ED00E0704738B504460D46F5
:10852000FFF788FE29462046BDE8384001F082BDAD
:1085300008B5FFF7F1FFEFF3058333B16FF00500E6
:1085400001F0B6FD6FF0050008BDFFF775FE0028CD
:10855000F4D1DFF808C000DFF6E700BF7D8201003C
:1085600008B5EFF3058333B16FF0050001F0A0FD0E
:108570006FF0050008BDFFF75FFE0028F4D1DFF8BB
:1085800008C000DFF6E700BFA183010008B5EFF3E4
:1085900005832BB16FF0050001F08AFD002008BDB6
:1085A000FFF74AFE0028F5D1DFF804C000DFF6E748
:1085B0004D84010008B50246EFF305832BB1BDE8F9
:1085C00008406FF0050001F073BDFFF735FE00288D
:1085D000F5D1DFF808C0104600DF08BD9584010022
:1085E00008B5EFF3058313B1054BD86808BDFFF755
:1085F00023FE0028F8D1DFF80CC000DFF6E700BF4B
:10860000340400207182010010B598B140EA0103E2
:1086100013F007030ED117290AD901600839102277
:108620000C18846042600B5081684A60C36001236B
:10863000184610BD0023FBE7F0B578B399B132F0CE
:1086400003032BD10F3121F0070700F108052B465A
:108650002D685C68E91A24F00304091B8F4204D9D1
:1086600029680029F3D10846F0BD466804683E44F5
:1086700046602044083841688E4288BF466058688A
:108680003A4318B95A6003F10801ECE720F00300FF
:1086900019181D504A6019600831E4E70021E2E72B
:1086A00030B590B1D9B1A1F1080500F1080400225C
:1086B000AC420BD151F8043C23F0030443681B1B6C
:1086C000436042B941F8042C012030BD23682246A2
:1086D0003BB11C46ECE751F8083C1360F4E7084650
:1086E000F3E71846F1E730B5C0B189B1C2B1CBB1FB
:1086F0000024C0E9014202FB01F41D190160C360BE
:10870000436105611846013904D1A21A995001212B
:10871000084630BD851805602846F4E70146F7E7AE
:108720001146F5E71946F3E710B50346A8B100F185
:10873000140252E8000F10B9BFF32F8F04E0016854
:1087400042E8001404B1F4E738B1043353E8002FD1
:10875000511C43E8001404B1F8E710BD30B5F0B186
:10876000C3688B421BD803698B4218D900F11403EC
:108770001A680A60BFF35F8F53E8002F0C689442B9
:10878000F6D143E8001505B1F2E7043050E8003FA8
:108790005A1E40E8002101B1F8E7002030BD6FF01B
:1087A0000300FBE7EFF310832BB9EFF311800038E0
:1087B00018BF0120704701207047036B30B5E3B14B
:1087C000CD780024DA78AA420FD31A46C1E90124F1
:1087D0008AB19160A4B16160283050E8003F5A1C12
:1087E00040E8002101B1F8E730BD5A681C46002A74
:1087F000ECD01346E6E7C162ECE7C1E90133C162A0
:108800000163E9E7D1E9013223B19A608A681AB1BC
:1088100053607047C262F9E703637047F8B5877821
:1088200004468FB3C56801460027284605F10C06AB
:10883000FFF7E8FF27703046FFF790FFAB68002B8B
:1088400048D03046FFF770FF0446002842D0284643
:1088500000F0A2FF3A460646394601F03FF930469D
:1088600001F010F86A6A8168064604F10C0012F003
:1088700031FFF9232370A770F368E370214628467F
:10888000BDE8F840FFF799BF8568AB68002BF5D0CD
:108890005B78832BF2D1284600F07EFF3A460646ED
:1088A000394601F01BF9304600F0ECFF06466A6AD3
:1088B000806804F10C0112F00DFFF3680BB1E2784F
:1088C0001A7000232370214605F10C00BDE8F84022
:1088D000FFF744BFF8BD00002DE9F0410C461746F4
:1088E0009846054618B10378FA2B00D141B92846BD
:1088F0006FF0030101F0FEFB6FF00300BDE8F081B3
:108900008368C3B15B78832B15D100F045FF01224A
:108910000646002101F0E2F8304600F0B3FF0646BB
:108920006A6A8068214612F0D5FEF0680028E5D01A
:1089300007700020E2E705F10C00FFF7F5FE0646A0
:1089400070B121466A6A0C3012F0C4FE0024F9238B
:108950003370B470F77031462846FFF72EFFE8E712
:10896000B8F1000F10D04146932001F05FF940B1FB
:10897000074B2846596900F0FDFEEFF30983C3E970
:1089800002476FF00100B9E76FF00200B6E700BFE1
:10899000340400202DE9F84F8846074638B131B13C
:1089A000B0FA80F3B1FA81F10B441F2B06DC6FF0B3
:1089B0000301002001F09EFB002470E008F1030693
:1089C00026F003060C3606FB00F9F2B194683CB1C0
:1089D000A30702D1D368332B05D86FF00801E8E76D
:1089E000D368002BF9D1D2E90453D2F800A03DB1ED
:1089F00015F0030B01D1994554D96FF00901D8E75F
:108A0000002BFAD11CB19B460CE092461546274B31
:108A1000D3F8A000D8B1FFF787FE0446A0B14FF00D
:108A2000010B35BB214B0022D86F4946FFF704FEEE
:108A30000546C0B9BBF1000F06D01C4BD3F8A0000F
:108A4000214658B1FFF78AFE6FF00401B1E7D3F871
:108A5000800001223421FFF7EFFDDEE7D3F880002C
:108A6000FFF71EFEF0E74A46002112F031FF4BF0FF
:108A7000020BFA2323700023C4E90983C4E90B33F2
:108A8000A36032462B4684F802B0C4F804A03946ED
:108A900004F10C00FFF727FE044B054A1A67204635
:108AA000BDE8F88F002CE4D1B1E700BF340400200A
:108AB0001D88010010B500F1280353E8002F12B9FA
:108AC000BFF32F8F04E0511E43E8001404B1F4E714
:108AD0000AB9002010BDC06A01230028F9D0821C09
:108AE000D2E84F1FC2E8443F04B1F9E711F0FF0F8D
:108AF000F0D08068F1E700002DE9F0410F461546FF
:108B00009846044618B10378FA2B00D141B92046A3
:108B10006FF0030101F0EEFA6FF00300BDE8F081A1
:108B2000FFF7C8FF064600283AD001462046FFF767
:108B300069FE626A06F10C01384612F0CBFD0DB1F8
:108B4000F3782B70002504F10C0735703146384658
:108B5000FFF704FEA3680BB90020DFE73846FFF7F4
:108B6000E3FD06460028F7D0204600F015FE294612
:108B70000746012200F0B2FF384600F083FE626A29
:108B80008168074606F10C0012F0A4FDF92333704A
:108B9000B570FB68F37031462046FFF70EFEDBE749
:108BA000B8F1000F10D04146832001F03FF840B1EA
:108BB000074B2046596900F0DDFDEFF30983C3E957
:108BC00002756FF00100A9E76FF00200A6E700BF91
:108BD0003404002008B5064B08219A6ED86EFFF7C2
:108BE000D9FE044BD864B0FA80F04009404208BD79
:108BF0001C370300340400202DE9F04106460F46DF
:108C000090461C46EFF305834BB196B930466FF0A2
:108C1000030101F06FFA6FF00300BDE8F081FFF788
:108C2000C1FD0028F1D1DFF84CC03046234600DFFB
:108C3000F3E73378FA2BE9D1002FE7D0002CE5D108
:108C400006F10C00FFF770FD054680B1726A3946E7
:108C50000C3012F03FFDF9232846C5E901762B7050
:108C6000AC7085F8038000F06FFC2046D5E76FF00C
:108C70000200D2E7D9880100F8B504460F4616462F
:108C80001D46EFF3058343B18CB920466FF0030115
:108C900001F030FA6FF00300F8BDFFF783FD002804
:108CA000F2D1DFF848C020462B4600DFF4E72378F6
:108CB000FA2BEAD1002FE8D0002DE6D12046FFF7AD
:108CC000F9FE054670B100F10C01626A384612F0F7
:108CD00001FD0EB1EB7833702846EC6000F034FCF7
:108CE0000020D9E76FF00200D6E700BFF98A010043
:108CF000EFF310832BB9EFF31180003818BF012078
:108D0000704701207047000070B5A8B38468D0E9AF
:108D100000566CB114F0030302D1C2681B2A1AD8A2
:108D20006FF00801002001F0D5F90024204670BD45
:108D3000C368002BF4D1124BD3F8940030B9D3F8A8
:108D4000800001221C21FFF777FC01E0FFF7ECFC1B
:108D5000044660B10123F522A3700023C4E9023365
:108D6000C4E904332270E67065602376DEE76FF0B5
:108D7000040101F0AFF9D9E705460646DBE700BF7D
:108D800034040020284B70B55D6904460E4635B9A1
:108D90006FF0070101F09EF94FF0FF3070BD10B188
:108DA0000378F52B07D020466FF0030101F092F90C
:108DB0006FF00300F2E7037E53B9C0E90353EB6A97
:108DC000436103B11861EC62012323760020E5E7DB
:108DD000C278D1070DD5C168A9420AD1FF2B06D1AF
:108DE0006FF00F0101F076F96FF00200D6E7013362
:108DF000EBE7002EF8D093070AD5E06895F920300C
:108E000090F920209A4203DA80F8203000F0D6FC56
:108E10003146532000F00AFF18B12946204600F0E1
:108E2000A9FC6FF00100B9E7340400202E4B5A6909
:108E300070B5044632B96FF0070101F04BF94FF0FD
:108E4000FF3070BD10B10378F52B07D020466FF0CE
:108E5000030101F03FF96FF00300F2E7037E33B93D
:108E60006FF00E0101F036F96FF00200E9E7C1681A
:108E7000914202D06FF00D01F4E7013BDBB20376C3
:108E800013BB43690BB1016919612169F1B14B61F0
:108E900092F92130D56ADDB982F82030A36883B118
:108EA000204600F079FC06462A46294600F016FEC8
:108EB000F36A6361C4E9036503B11C610123F462D1
:108EC0002376002000F0F0FC0020BAE7D362DFE751
:108ED000E978890706D5A96821B191F920108B425C
:108EE000B8BF0B466D69D6E73404002070B5044660
:108EF00010B10378F52B07D020466FF0030101F085
:108F0000E9F86FF0030070BD037EBBB16369C06810
:108F10000BB122691A61226902B3536190F92120D1
:108F2000C36AEBB990F92030934203D080F8202037
:108F300000F044FCA068F8B900F0B6FCA078002668
:108F400010F001002670DED0134BD3F89450214668
:108F5000DDB12846FFF702FC3046D4E7C362DDE707
:108F6000D978890706D5996821B191F920108A42EC
:108F7000B8BF0A465B69D4E7204600F00DFC00222A
:108F80006FF0020100F0AAFDD4E7D3F88000FFF7EC
:108F900087FB2846B7E700BF340400202DE9F041E5
:108FA0000446002601270CB9BDE8F081E378D4F827
:108FB00014801B0712D5A36826767BB1204600F0EB
:108FC000EBFB00220546114600F088FDEB6A636169
:108FD000C4E9035603B11C61EC6227764446E2E71C
:108FE00010B4C3789B071DD5C06890F92120C36ACF
:108FF000DC78A40709D59C688C4208BF8C6824B132
:1090000094F92040A242B8BF22465B69002BEFD101
:1090100090F92030934205D080F820205DF8044B71
:1090200000F0CCBB5DF8044B7047000008B5024669
:10903000EFF3058333B100206FF0050101F04AF82A
:10904000002008BDFFF754FE0028F4D1DFF808C067
:10905000104600DFF5E700BF098D010008B50246A4
:10906000EFF305833BB110466FF0050101F032F8D4
:109070006FF0050008BDFFF73BFE0028F3D1DFF8D5
:1090800008C0104600DFF5E7858D010008B50246EF
:10909000EFF305833BB110466FF0050101F01AF8BC
:1090A0006FF0050008BDFFF723FE0028F3D1DFF8BD
:1090B00008C0104600DFF5E72D8E010008B5024616
:1090C000EFF305833BB110466FF0050101F002F8A4
:1090D0006FF0050008BDFFF70BFE0028F3D1DFF8A5
:1090E00008C0104600DFF5E7ED8E0100EFF31083B6
:1090F0002BB9EFF31180003818BF01207047012011
:1091000070470C30D0E85F3F13B9BFF32F8F04E0F6
:109110005A1EC0E8512F01B1F4E798B2003818BFC9
:109120000120704730B500F10C02C189D2E85F3FE1
:10913000994202D8BFF32F8F04E05C1CC2E8554F60
:1091400005B1F3E7C0899BB2984294BF002001208B
:1091500030BD0000F8B515464FF6FE73421E9A4228
:1091600006460F4601D8884207D26FF0030100205F
:1091700000F0B6FF00242046F8BD7DB1AC682A6837
:1091800044B114F0030302D1E9680F2922D86FF02B
:109190000801ECE7EB68002BF9D11546114BD3F829
:1091A000980080B1FFF7C0FA0446A8B10123A3706C
:1091B0000023F622A3600B4B22700B4A6560A78147
:1091C000E6819A66D7E7D3F8800001221021FFF7E5
:1091D00033FAE9E71546EAE76FF0040100F080FF93
:1091E000C9E700BF34040020ED910100836810B589
:1091F00004465BB1FFF785FF40B1204600F0CCFA92
:109200000022BDE81040114600F068BC10BD38B522
:10921000054610B10378F62B07D028466FF00301FE
:1092200000F05EFF6FF0030038BD84683CB100F0D1
:10923000B3FA0122002100F051FC0020F4E7FFF70F
:1092400071FF38B928466FF0100100F049FF6FF048
:109250000200E9E72046E7E738B50D46044610B1BD
:109260000378F62B07D020466FF0030100F038FF9B
:109270006FF0030038BDFFF744FF68B975B12946A8
:10928000632000F0D3FC20B1064B2046596900F062
:1092900071FA6FF00100EDE70020EBE76FF00200DC
:1092A000E8E700BF3404002070B5054610B103782C
:1092B000F62B07D028466FF0030100F011FF6FF086
:1092C000030070BD836863B1284600F065FA002290
:1092D0006FF0020100F002FCA8680028F4D100F051
:1092E000E3FAAB78002613F001032E700FD0094B80
:1092F000D3F89840294624B12046FFF72FFA30468C
:10930000DFE7D3F88000FFF7CBF92046D9E718460E
:10931000D7E700BF3404002010B50446EFF30583FF
:1093200033B100206FF0050100F0DAFE002010BD1F
:10933000FFF7DCFE0028F4D1DFF808C0204600DF8C
:10934000F5E700BF5591010008B50246EFF305832C
:1093500043B182B910466FF0030100F0C1FE6FF017
:10936000030008BDFFF7C2FE0028F2D1DFF824C0D9
:10937000104600DFF5E71378F62BEBD10029E9D191
:109380001046FFF7BEFE002814BF00206FF0020059
:10939000E7E700BF5992010010B50446EFF30583DB
:1093A00043B184B920466FF0030100F099FE6FF0DD
:1093B000030010BDFFF79AFE0028F2D1DFF830C09D
:1093C000204600DFF5E72378F62BEBD12046FFF7A8
:1093D000A9FE20B1204600F0B7F80020E9E72046BA
:1093E0006FF0100100F07CFE6FF00200E1E700BFBB
:1093F0000F92010008B50246EFF305833BB110461A
:109400006FF0050100F06CFE6FF0050008BDFFF77E
:109410006DFE0028F3D1DFF808C0104600DFF5E745
:10942000A992010010B5D0E85F3F5A1C914200D8C4
:109430000022C0E8542F04B1F5E798B210BD000037
:1094400038B51C4C00F0DEFEE3680133E36000F049
:10945000E9F9002000F028FA236D03B19847226C47
:1094600032B3A369E16B994203D0D969E36301B9CF
:10947000DA61DA69C2B9237A022B19D1656ABDB102
:10948000E36B95F9202093F920309A4210D12846B9
:1094900000F08BF9E06B00F0A3F9284600F0FCF92E
:1094A000236CE563EB6103E0013ADA61002AE2D064
:1094B00038BD00BF3404002070B5224C04F15605BD
:1094C00004F15A06B4F85410D5E85F3F13B9BFF35E
:1094D0002F8F04E05A1EC5E8502F00B1F4E79BB26D
:1094E0005BB33046FFF79EFFE36D53F8200020B3D7
:1094F0000378F13B082BE5D801A252F823F000BF16
:1095000025950100C59401002B950100C59401002B
:10951000C59401002F95010033950100C594010009
:1095200037950100236E9847CCE7636EFBE7A36E87
:10953000F9E7E36EF7E7236FF5E7BDE87040002039
:1095400000F0B2B93404002070B5164C0546B4F8EA
:10955000541004F15602D2E85F3F994202D8BFF39B
:109560002F8F04E0581CC2E8560F06B1F3E79BB2F8
:10957000994205D829460220BDE87040FEF7CDBFCC
:1095800004F15800FFF74EFFE36D43F82050637A73
:1095900023B9054B4FF080525A6070BD0123A3726E
:1095A000FBE700BF3404002000ED00E0EFF3108380
:1095B0002BB9EFF31180003818BF0120704701204C
:1095C00070470378F12B00D07047C068F9E70000BE
:1095D00010B5C469621CD0E904310CD103B15961E2
:1095E00042691AB113610023436101E0074A136322
:1095F0000023C36110BD1BB1DA6959612244DA61ED
:109600004269002AEED1014AD362F1E73404002016
:1096100010B50A4A90F9201001234370536A1C3296
:109620001BB193F920408C4205DCC0E90232906006
:1096300003B1D86010BD1A469B68F1E734040020DE
:10964000014B5869704700BF3404002008B500F092
:1096500057FDDFF810C000DF4FF0FF31002000F0B1
:109660002DFDFEE7459B0100930710B502F00104B4
:1096700022D400F1280384B153E8000F00EA01026C
:109680008A4203D0BFF32F8F002005E020EA0102B9
:1096900043E8002404B1EFE710BD53E8000F08428F
:1096A00003D1BFF32F8F002005E020EA010243E839
:1096B000002404B1F1E7EFE7806A01EA00031CB17E
:1096C000994218BF0020E7E7002B08BF0020E3E71E
:1096D00010B5084A136B00213BB94FF0FF34C0E9C5
:1096E0000431C46121B1086110BD19461B69F3E75B
:1096F0001063F9E73404002010B500230380837859
:109700009A07044608D513F0100F016B0E4B0FD0CB
:10971000D3F88400FFF722F8A378DB0712D50A4BB1
:10972000D3F88800214638B1BDE81040FFF716B8DD
:10973000586FFEF7B5FFEFE7BDE81040D3F88000A3
:10974000FEF7AEBF10BD00BF34040020C278D207C0
:10975000034601D4FFF7D0BF042242700022C2604A
:10976000034A516B816001B1C8605363704700BF09
:109770003404002010B591F9202083681BB193F9BF
:109780002040944205DAC1E90230816003B1D9601A
:1097900010BD18469B68F1E783689A68826002B141
:1097A000D0600022DA6018467047C2682AB1836828
:1097B000936003B1DA600023C360704710B50146BF
:1097C000044664B12378F12B07D00846FFF7EDFF7C
:1097D0002046BDE81040FFF7CDBFE468F1E710BDBB
:1097E0000123014643700148FFF7C4BF5004002025
:1097F00070B50B4D2E7A022E10D16C6A74B1696966
:1098000094F9202091F920309A4207D12046FFF7A1
:10981000CCFF0846FFF7E4FF6670AC61002070BD26
:109820003404002038B5164DEC6A44B3E369013BBB
:10983000E36123BB6378732B06D009D8532B0BD07D
:1098400003F0DF03432B0DD12046FFF7BAFE09E0FA
:1098500003F0EF03832BF6E72046FFF7B2FE214625
:10986000FFF7BEFB2046FFF7A0FFFFF7B9FF246913
:1098700024B1E369002BDDD000236361EC6238BDC5
:109880003404002090F82230826B13F0100F0CBFCC
:10989000602020201044704702234370014B9861E0
:1098A000704700BF3404002070B5124D04462E7A74
:1098B000696990B9022E0FD16C6A6CB194F92020BD
:1098C00091F920309A4207DD2046FFF76EFF0846E7
:1098D000FFF79EFE6670AC6170BD022E05D190F957
:1098E000202091F920309A42F1DC2046BDE87040FA
:1098F000FFF776BF340400202DE9F04F85B0814694
:10990000029128B96FF0030100F0D8FB0024BCE0FD
:10991000002A45D0966846B1B40702D1D368432BDC
:1099200006D86FF008010020EEE7D368002BF8D1CD
:10993000D2E9044597693CB1600702D1002D40F09F
:10994000B2806FF00A01EEE72FB17B1E372B03D9EF
:109950006FF00B01E7E71827002D40F0A880D2E94F
:1099600000A301934EBB574BD3F88800F0B1FEF72C
:10997000DBFE064600283AD04FF00108002C44D107
:10998000DFF840B1E5B9504ADBF88400556DB8B155
:10999000FEF7CAFE0246E0B148F01008344623E064
:1099A00092461446182715460192DCE7D3F880004A
:1099B00001224421FEF740FEDBE74FF00008DDE71F
:1099C0002246DBF874002946FEF736FE02460028E0
:1099D000E4D1B8F1000F16D0DBF8882052B1104660
:1099E0003146FEF7BBFE002248F002087CB96FF05A
:1099F000040198E7DBF8800003923146FEF750FE41
:109A0000039A1446F0E74246EEE72246344640F217
:109A1000F1132380019BE3700023C4E90233C4E9FE
:109A20000433C4E90633C4E90933C4E90B32A5F1B0
:109A300040031344C4E90E397FB2244B84F80280FA
:109A4000FD21C4F804A084F8207084F8217061849A
:109A5000656313601C4B1B685B071AD4A36B002063
:109A60001A4603F1340143F8040B9942FBD1184B19
:109A7000C2E90D394FF08073D363029B1362114B1F
:109A8000144A1A662046FFF70FFF204605B0BDE8CE
:109A9000F08FAD08113D4FF0CC33002DDED042F8F1
:109AA000043F013DF9E7002F7FF44FAF1827690706
:109AB0007FF447AF084BA5F1480199427FF64FAFBD
:109AC0003FE700BF340400201C370300A52E5AE2F4
:109AD0004D960100019B0100B7FFFF7F38B504469A
:109AE0001546FFF7CFFE01602046FFF771FD1DB15F
:109AF000BDE83840FFF7D8BEBDE83840FFF770BE7C
:109B000010B54378332B04460CD1416A90F82320DA
:109B1000FFF7AAFD014628B120460022BDE810400B
:109B2000FFF7DCBF10BD10B50446806918B10022F4
:109B30001146FFF7D3FF6378232B02BFA3680022EF
:109B40009A6110BD70B50F4C267A022E18D1636A47
:109B5000B3B16569E86AFFF721FA2846FFF7E3FF2A
:109B600004F11C00FFF718FE4670A061EFF30983B3
:109B7000AB63002363612846BDE87040FFF7E6BD94
:109B800070BD00BF3404002010B5044610B1037846
:109B9000F12B07D020466FF0030100F08FFA6FF031
:109BA000030010BD437803F00F03022B1ED0032BDC
:109BB0002BD0012B2ED1FFF7F8FDE06AFFF7EEF96D
:109BC0002046FFF7B0FF6178022926D11548FFF73C
:109BD000E3FD154B41709861EFF30982A263002207
:109BE0005A612046FFF7B2FD0020DAE70E4B1A7AE1
:109BF000022A02D15B6A002BDFD16FF002012046FE
:109C000000F05CFA6FF00200CBE7FFF7CEFDFFF744
:109C1000DFFCD2E76FF00201F2E70020FFF744FE1D
:109C2000DFE700BF500400203404002038B5174C93
:109C3000237A022B024627D1606A60B160694B1C0F
:109C4000427009D1FFF744FD1148FFF7A5FD02233B
:109C50004370A061012038BDE36A002213B1DD69C1
:109C6000A9420BD2C0E90432C1615AB11061002B84
:109C7000EAD0DA695861511AD961E5E71A46491BF9
:109C80001B69EBE7E062F2E70020E4E73404002020
:109C90005004002038B50D4C0D48A26D0D4D00212B
:109CA000FFF72AFE636EA8625BB1984758B9E26D70
:109CB000E96C206EFFF720FEA864003818BF012071
:109CC00038BD0120FCE70020FAE700BF1C37030085
:109CD0002DA001003404002010B50446EFF30583E5
:109CE00033B100206FF0050100F0E8F9002010BD4D
:109CF000FFF75CFC0028F4D1DFF808C0204600DF45
:109D0000F5E700BFF998010008B5EFF3058313B13B
:109D1000054B586908BDFFF749FC0028F8D1DFF86A
:109D20000CC000DFF6E700BF3404002041960100BC
:109D300008B5EFF305833BB100206FF0050100F09B
:109D4000BDF96FF0050008BDFFF730FC0028F3D126
:109D5000DFF804C000DFF6E7F197010010B5044614
:109D600000F0DAF9EFF305833BB120466FF005010F
:109D700000F0A4F96FF0050010BDFFF717FC0028F4
:109D8000F3D1DFF808C0204600DFF5E7899B01002A
:109D90000C4A536C30B5002413B11D698D420AD9A9
:109DA000C0E9024301611BB11D699860691A19611C
:109DB0002CB1E06030BD1C46491BDB68ECE7506409
:109DC000F8E700BF340400202DE9F041184D6C6C19
:109DD00054B323696E69013B23610127236913BBD7
:109DE000E3680BB1A2689A606B640023E86C1A46C2
:109DF00004F11801FEF700FF58B1D5E905832146AB
:109E000003206B61FEF789FB6B6913B9B04508BF8E
:109E10000026E378012B09D161692046FFF7B8FFDE
:109E20006C6C002CDAD16E61BDE8F0816770F7E7E9
:109E30003404002008B5FEF7CDFE18B9034B044AE0
:109E40001A6508BD4FF0FF30FBE700BF3404002067
:109E5000C99D010007B504464FF0FF330022694653
:109E60002046FEF709FF0028F6D1DDE900309847CB
:109E7000F2E7000008B5094B094A1A60094B9B1A22
:109E8000094A1360094B0A4A1A600A4B9B1A0A4A8C
:109E9000136000F051F800F069F800BF742A002048
:109EA00000FC032000000420702A00207C2D0020EC
:109EB00090B9002000FC0320782D00200E4838B512
:109EC0000E4B03600B250E4B45601C24C460836061
:109ED000FFF7ACF80B4B18600B480C4BC460C0E9A3
:109EE00000350B4B8360FFF7A1F80A4B1860BDE803
:109EF000384010F0F1BF00BF402A0020F0370300C7
:109F0000542A0020502A0020102A0020FD37030088
:109F1000242A0020202A0020FDF7F0BD024B4FF03C
:109F2000FF311868FFF79AB8502A0020014B1868D3
:109F3000FFF7ACB8502A002008B506F09BFABDE840
:109F4000084000F011B87047704708B500F042F8BB
:109F5000FFF7F9FFFFF7B2FFFFF7F6FF04F0BAF8DB
:109F6000BDE80840FFF7D8BFFEF7E2BA114C124B2C
:109F700023614FF4004363614423E3600F4BA3600C
:109F8000182307B5A3610E480E4B2360224600211B
:109F9000FFF7A2FE034628B90B49009022460B4862
:109FA00004F0A0F8FEF7DCFA0023094900931A46F2
:109FB000F5E700BF88B4002088340020782A00200C
:109FC0004B9F0100173803001C3803001D0101805E
:109FD000383803001FB5064B0FCB6C4684E80F00E2
:109FE0002046FFF723F8034B186004B010BD00BFF4
:109FF000503803008034002073B506460C461546E1
:10A0000004F06AF858B906342ABF064B064953F8DB
:10A010002410002300933246284604F063F802B06F
:10A0200070BD00BF143A03006839030008B500F0A2
:10A03000F3F8000007B50023421E00930023042A12
:10A0400019D8DFE802F003080C1014000C490D4881
:10A05000012204F047F80C490C480222F9E70C49A8
:10A060000C480322F5E70C490C480422F1E70C499F
:10A070000C480522EDE702460B490C48E9E700BF12
:10A080006038030025010280813803002601028028
:10A09000A638030027010280DB3803002801028074
:10A0A000163903002A01028056390300000102809C
:10A0B000014A0146FFF7A0BF31010180014AFFF7C5
:10A0C0009BBF00BF32010180014AFFF795BF00BF6F
:10A0D00037010180014AFFF78FBF00BF33010180C4
:10A0E00011F1110F02D0024AFFF786BF704700BF7F
:10A0F00034010180014AFFF77FBF00BF38010180B2
:10A1000010B5FFF701FE034B1B6813B1BDE810400B
:10A11000184710BDBC2A0020024B1B6803B118472A
:10A12000704700BFBC2A0020024B987A003818BF45
:10A13000012070473404002008B5FEF727FA0749CC
:10A14000002204F061F8C31C04D9054905488B229C
:10A1500003F0A6FDBDE80840FEF72CBA29A10100D6
:10A160004F3A0300613A0300B0F57A7F38B50D46E7
:10A1700004D018491848322203F092FD03F098FAEF
:10A18000041E13DB04F1604303F56143E02283F80E
:10A1900000232946204605F073FA204605F078FA98
:10A1A00085420AD00B490D483F22E5E70C4B04F0ED
:10A1B0000F021344E0221A76EBE7002C08DB094B70
:10A1C0006209012004F01F0400FA04F443F822405D
:10A1D000002038BD4F3A03008E3A03009B3A03003B
:10A1E000FCEC00E000E100E008B503F095FFBDE8FD
:10A1F000084003F064BB0000014B186803F094BBF7
:10A20000A82C0020014B186803F050BBA82C00209C
:10A2100008B503F04DFA08BD08B5024C236898470D
:10A22000FCE700BFD804002003680BB108461847BC
:10A23000704710B50446FAF7E1F9204610BD00005A
:10A24000044B0022C3E901221A611A60024ADA6053
:10A25000704700BFC02A002029A201000346002247
:10A2600010B503F8012B00F1110403F8012B9C42F7
:10A27000FBD1418210BD000008B542F60211024830
:10A28000FFF7ECFF08BD00BFD42A0020034B1A786B
:10A29000034B53F8223003B118477047DC04002009
:10A2A000E82A0020074B1B785BB1074B0122C3F85B
:10A2B0000823064B5A78FF2A00D1FEE7044A128889
:10A2C0005A707047C8B5002000F00040EAB5002081
:10A2D0002CB80020F8B50546064655F8044B8CB955
:10A2E0000D4F386818B14FF0FF31FEF7B7FE3468F4
:10A2F00024B9284604F0B8FC2C463560386808B10B
:10A30000FEF7C4FEAC4204D0044905488B2203F09A
:10A31000C7FC2046F8BD00BF80340020EC3A0300A3
:10A32000FB3A0300036801221B69002118470368F8
:10A3300000221B691146184707B5019003F060FD24
:10A340000198012105F02AFD03B05DF804EB03F04C
:10A350006DBD07B5019003F053FD0198002105F094
:10A360001DFD03B05DF804EB03F060BD07B5CDE95A
:10A37000001003F045FDDDE9001005F0EDFC03B031
:10A380005DF804EB03F052BD416830B4034671B18F
:10A39000D0E9032000F0010402B944B1451001EBFB
:10A3A00060000CB149598A58996830BC104730BCDC
:10A3B0007047000008B5431C04D10F490F48212203
:10A3C00003F06EFC012359B11F2886BF0C4A00F030
:10A3D0001F004FF0A04203FA00F0C2F8080508BDC4
:10A3E0001F2886BF064A00F01F004FF0A04203FA64
:10A3F00000F0C2F80C05F2E74B3B0300AD3603005A
:10A4000000030050036870B504460D461B6898476A
:10A4100004F13000A567294605F09CFE236820461C
:10A420005B68BDE8704018477FB506461D4656F884
:10A43000303BCDE902211B68044698479DF8203047
:10A4400083F00103DDE90221009330462B4605F03D
:10A45000B5FE236806465B6820469847A81B18BFD0
:10A46000012004B070BD7FB506461D4656F8303B4E
:10A47000CDE902211B68044698479DF8203083F0FF
:10A480000103DDE90221009330462B4605F07AFEF8
:10A49000236806465B6820469847A81B18BF012022
:10A4A00004B070BD7FB50024012615462346224620
:10A4B00002A800968DF8084002F0B0FC03A80096B0
:10A4C0002346224629468DF80C4002F0A7FC03A83B
:10A4D00005F014FC002853D002A805F00FFCB04290
:10A4E00002D1002004B070BD214603A8FFF73EFF53
:10A4F00003A8FFF721FF0A24002103A8FFF736FF76
:10A5000000219DF90C00FFF755FF052004F012FB18
:10A51000032103A8FFF72AFF9DF90C000121FFF793
:10A5200049FF052004F006FB013CE5D102A8FFF736
:10A5300003FF21469DF90800FFF73CFF052004F0CA
:10A54000F9FA01219DF90C00FFF734FF052004F012
:10A55000F1FA01219DF90800FFF72CFF052004F016
:10A56000E9FA02A8FFF7F5FE03A8FFF7F2FE03A839
:10A5700005F0C4FB20B102A805F0C0FB0028B0D153
:10A580006FF00100AEE710B50446F5F73EFE204639
:10A5900010BD0000064B10B504460360806A08B188
:10A5A00002F0CCFE201DFFF7EEFF204610BD00BFDD
:10A5B000643B030010B50446FFF7ECFF2046A821DA
:10A5C00004F082F9204610BD10B500210446FAF7C8
:10A5D00010F8204610BD0346002243F8042B00F17A
:10A5E000280103F8012B9942FBD1704708B57C3054
:10A5F000FFF770FEBDE8084004F03EBB08B57C30B4
:10A60000FFF768FEBDE8084004F054BBF8B51A4BEC
:10A61000044640F8043B0D46164604F13007FFF7A8
:10A62000D3FF0021154BA185C4E90711C4E9091125
:10A6300048226361A461384611F04AF9104BA367C0
:10A6400004F17C00FFF7C7FF2046FFF7CFFF32463B
:10A65000294684F8A45084F8A5602046FFF722FF1D
:10A6600094F9A52094F9A410384605F02DFD204654
:10A67000FFF7C4FF2046F8BD643B030089A3010037
:10A68000A086010070B504460D46164600214822FA
:10A6900011F01EF932462946204605F015FD2046E8
:10A6A000044905F057FD2046012105F0A9FD20468B
:10A6B00070BD00BFA086010005F04CBDCAB20023EA
:10A6C00042F00102194605F0FFBD05F0ABBD05F0F3
:10A6D000BBBD10B5144605F0D7FD001B18BF012007
:10A6E00010BD10B50446F5F790FD2046F5F787FD3F
:10A6F000204610BD0346024A083005F071BB00BF7A
:10A7000029A8010013B50C4B036000230446037114
:10A7100083600C300191FAF736FD04F11C00FAF762
:10A7200032FD01992046FFF7E5FF201D019902F057
:10A730005DFB204602B010BD7C3B030013B50D4B02
:10A74000036000230446037183600C30CDE90012DE
:10A75000FAF719FD04F11C00FAF715FD00992046DF
:10A76000FFF7C8FF201DDDE9001202F042FB204682
:10A7700002B010BD7C3B030010B5084B044640F806
:10A78000083B05F061FB04F11C00F5F75BFE04F1EA
:10A790000C00F5F757FE204610BD00BF7C3B0300C0
:10A7A00010B50446FFF7E8FF20462C2104F08CF892
:10A7B000204610BD70B50E46044603F021FB30461E
:10A7C000FAF721FD054604F10C0008345DB131466D
:10A7D000FAF706FD01222046012105F08DFBBDE8B8
:10A7E000704003F023BBFFF77CFF2A46F3E770B508
:10A7F0000E46044603F004FB3046FAF704FD054616
:10A8000004F11C0008345DB13146FAF7E9FC01227D
:10A810002046022105F070FBBDE8704003F006BB46
:10A82000FFF75FFF2A46F3E7012910B502D002299E
:10A830000BD010BD00F10C042046FAF7E4FC002810
:10A84000F7D02046FAF734FEF3E700F11C04F3E7F3
:10A850007047416830B4034671B1D0E9032000F07D
:10A86000010402B944B1451001EB60000CB1495933
:10A870008A58996830BC104730BC704770B500F1F9
:10A880004C0690F9DF2090F9DE100446304606F0C1
:10A8900089F8D4E939530DB9DA070ED55A1004EB0B
:10A8A0006300DB0748BFA35894F8EC1048BF5D591C
:10A8B00094F9ED2094F9EE30A847D4F8D81030463A
:10A8C00006F080F9224630460249BDE8704006F0A5
:10A8D00057BA00BF11AC01002DE9F0411F46D0F876
:10A8E000E03004460E4615462BB12849284840F270
:10A8F000351203F0D5F9274AC0E9392303681B68EC
:10A90000984784F8EC6084F8ED5084F8EE70042EDB
:10A910000CD8DFE806F0160311161A004FF0FF33CB
:10A920002A46012104F14C0006F004FA236820466F
:10A930005B68BDE8F04118472B464FF0FF3202211B
:10A94000F0E73B462A463146ECE70120013584F822
:10A9500004010AD003F0A0FF0023054694F9ED108E
:10A96000037002F043FAC4F8F05094F9EE3001336A
:10A97000DCD0012003F090FF0022054694F9EE1090
:10A98000027002F038FAC4F8F450CFE79D3B0300A0
:10A99000AC3B0300D9A8010010B50446F5F735FC1F
:10A9A0002046F5F72CFC204610BD70B5064604463F
:10A9B00056F84C3B0D461B6898473046294606F032
:10A9C00001F92368C4F8D85020465B68BDE87040A0
:10A9D00018477FB50546044655F84C6B0193CDE901
:10A9E00002213668B047DDE901322846039906F0B6
:10A9F00069F923685B68204604B0BDE870401847D9
:10AA000038B50546044655F84C3B1B689847284620
:10AA100006F066FA94F804310546C3B1D4F8F43070
:10AA2000ABB193F900305A1C04D1124912482122CB
:10AA300003F036F9012280B91F2B86BF0F4903F0BE
:10AA40001F034FF0A04102FA03F3C1F80835236851
:10AA500020465B689847284638BD1F2B86BF0749AC
:10AA600003F01F034FF0A04102FA03F3C1F80C35C5
:10AA7000EDE700BF4B3B0300AD3603000003005081
:10AA800038B50546044655F84C3B1B6898472846A0
:10AA900006F046FA94F80431054643B1D4F8F000C4
:10AAA00005F02CF9002814BF002505F001052368E6
:10AAB00020465B689847284638BD4C3006F09CB964
:10AAC00010B54C300C4606F0D5F9204610BD0000FC
:10AAD0002DE9F0419846294B0360294B436000253E
:10AAE000284BC3600446C0E90555C0E90755856099
:10AAF0008584006128300F461646FFF765FD04F196
:10AB00003800FFF761FD29466C22A4F8485004F193
:10AB10004C0010F0DDFE04F1B800FAF734FB04F14C
:10AB2000C800FAF730FB40F20113A4F8DC304FF410
:10AB30007F43A4F8EC30FF2384F8EE30A368C4F818
:10AB4000E850C4E93855C4E93E555A1013F0010FD6
:10AB5000C4F8005104EB630018BFA2586368C4F83E
:10AB6000D88018BFD35884F8DE7084F8DF6084F88A
:10AB7000045198472046BDE8F08100BFCC3B03005C
:10AB80007DA8010053A8010003682DE9F0410546A6
:10AB90001B6816460F46984795F8DC30340103B120
:10ABA0007EB195F8DD300BB1012E0AD0B8343946AC
:10ABB0002819FAF715FB2B6828465B68BDE8F041B9
:10ABC000184703F01DF93846FAF71DFBB8342C443A
:10ABD00005F14C0888B12046FAF715FB08B903F0D7
:10ABE00043FB39462046FAF7FBFA0122314640463C
:10ABF00006F0D6F803F01AF9DDE72046FAF703FB72
:10AC000008B103F047FB2046FFF7C6FE0022EDE740
:10AC100000EB011110B501F1B8042046FAF7F3FA80
:10AC200010B12046FAF744FC10BD036870B5044625
:10AC30001B680D46984794F8DC30AB422DD065B1C7
:10AC400094F8DD304BB9A2686368511004EB6200E0
:10AC5000D20744BF6258D358984703F0D1F804F1A3
:10AC6000B80605B33046FAF7CEFA50B13046FAF7D7
:10AC700007FC03F0F9FA0122002104F14C0006F070
:10AC80008FF803F0D3F884F8DC5035B994F8DD3050
:10AC90001BB904F14C0005F065FF236820465B6892
:10ACA000BDE87040184704F14C002A46294606F0DA
:10ACB00077F83046FAF7A7FA0028E2D003F0EAFA6C
:10ACC000DFE7036870B504461B680D46984794F8A3
:10ACD000DD30AB422DD065B194F8DC304BB9A268C1
:10ACE0006368511004EB6200D20744BF6258D35826
:10ACF000984703F085F804F1C80605B33046FAF723
:10AD000082FA50B13046FAF7BBFB03F0ADFA0122EC
:10AD1000114604F14C0006F043F803F087F884F87C
:10AD2000DD5035B994F8DC301BB904F14C0005F066
:10AD300019FF236820465B68BDE87040184704F19E
:10AD40004C002A46012106F02BF83046FAF75BFA50
:10AD50000028E2D003F09EFADFE700001FB51E4B8B
:10AD60000360044600216846FCF7B5F800226946F6
:10AD70002046FFF709FF6846F5F764FB00216846A7
:10AD8000FCF7A9F8012269462046FFF7FDFE684658
:10AD9000F5F758FB94F8DC3013B994F8DD301BB1AB
:10ADA00004F14C0005F0DEFE04F1C800F5F74AFBA3
:10ADB00004F1B800F5F746FB04F13800FFF7E3FBB8
:10ADC00004F12800FFF7DFFB206A08B102F0B6FAB1
:10ADD000204604B010BD00BFCC3B030010B50446B4
:10ADE000FFF7BCFF20464FF4847103F06DFD204651
:10ADF00010BD437D10B504461BB1037D0BB103F0BC
:10AE000049FA204610BD13B5044601A802F09EFA87
:10AE1000637D53B9237D0BB103F026FA206902F05C
:10AE200052FAC4E900010123637501A802F096FA01
:10AE300002B010BD37B504460D4601A802F086FAEF
:10AE400000230022C4E900236B7D4BB1286902F086
:10AE50003AFAD5E90032C01A61EB0201C4E90001F7
:10AE600001A802F07BFA204603B030BD30B585B0B2
:10AE700004460D4603A802F069FA29466846FFF722
:10AE8000D9FFD5E90210009B019A5B1840EB020242
:10AE9000C4E9003203A802F061FA204605B030BDD3
:10AEA00013B5044601A802F051FA206902F00BFA2A
:10AEB00000220023C4E90001C4E9022301A802F032
:10AEC0004DFA02B010BDD0B5002300260027C0E91E
:10AED0000067C0E902670446016102754375FFF728
:10AEE000DFFF2046D0BD10B5044602F013FA012260
:10AEF00001462046FFF7E7FF204610BD10B5044687
:10AF000001F0CCFF002201462046FFF7DCFF20467F
:10AF100010BD03681B68184710B50446074B236033
:10AF200000220023C4E9022300230846A161C4E9EA
:10AF30000433034902F056F9204610BDE43B0300F8
:10AF400013AF010007B5009000F10801806902F01D
:10AF500087F903B05DF804FB00F10801806902F095
:10AF600097B9002070476FF01C0070476FF01C000D
:10AF700070476FF0150070476FF0150070470120A3
:10AF8000704701207047002070470020704770B55F
:10AF900011F0010405468EB204D0FFF731FD041E06
:10AFA00018BF0124F30605D52846FFF769FD08B14F
:10AFB00044F01004204670BDA0F58470FFF7E7BF91
:10AFC00008B5FFF732FE002008BDA0F58470FFF73A
:10AFD000F7BF08B5FFF775FE002008BDA0F5847027
:10AFE000FFF7F7BF10B5034B03600446FFF7B6FE4B
:10AFF000204610BDF03B0300A0F58470F2E700BFCF
:10B0000010B50446FFF7EEFF20464FF4867103F0BB
:10B010005BFC204610BDA0F58470F1E72DE9F041FE
:10B0200006460D461746CAB102F0E7FE80F001035E
:10B0300013F0FF0403D0336830461B68984705EBD4
:10B040000708454505D015F8011B3046FFF738FDC8
:10B05000F7E71CB1336830465B6898473846BDE86F
:10B06000F081A0F58470FFF7D9BF38B504460D46CE
:10B0700062B103681B6898472046FFF71EFD2870E1
:10B08000236820465B689847012038BD1046FCE7DE
:10B09000A0F58470FFF7E9BF10B50446FFF718FD6F
:10B0A000044B03F1080244332260C4F808312046FF
:10B0B00010BD00BFE83B030030B5056885B004460D
:10B0C000CDE9022101932D68A847DDE90132204630
:10B0D0000399FFF701FC23685B68204605B0BDE8D3
:10B0E0003040184710B50446F5F78FF82046F5F7BD
:10B0F00086F8204610BD70B504460E4602F080FE6C
:10B10000A5695DB104F10800FFF7ECFF012384F8A5
:10B1100020300023E36184F82160A36102F086FE01
:10B120002DB121462846BDE8704000F078B970BDC9
:10B1300008B103F0A1BD02F063BE08B103F0BABDCF
:10B1400002F074BE2DE9F041044686B00E46174663
:10B1500002F056FEA56902F069FE35B301AD00218B
:10B16000284603F0E3FD02F04BFED4E9068323B149
:10B170000F491048392202F093FDE56102F056FEB6
:10B18000B8F1000F0ED03946284603F0D7FD48B974
:10B190003046FFF7CDFF20460121FFF7ACFF3046D8
:10B1A000FFF7CBFF284603F0EAFD06B0BDE8F081CB
:10B1B000913C03009D3C030038B504460025054B37
:10B1C000456040F8083BF9F7DEFFC4E906552584E1
:10B1D000204638BDC43C0300074B10B503608369AB
:10B1E000044623B105490648262202F059FD0830DD
:10B1F000F5F728F9204610BDC43C0300913C03003C
:10B20000AB3C030030B5044685B004F1080502F0FC
:10B21000F7FD29466846FFF70CF82846FFF762FF5E
:10B22000E0690023A36108B103F0A6FD02F0FEFD72
:10B230006846F9F7E8FF10B16846FAF739F9684649
:10B24000F5F700F905B030BD0022C0E90122012266
:10B2500001600273704770470346007B30B1D3E949
:10B260000020136898428CBF002001207047012302
:10B27000D0F800C02DE9F04303FA01F11F4682EA3D
:10B28000030E1CF823500D4204D005F030053AB1EE
:10B29000102D07D10133112BF3D14FF0FF300FE008
:10B2A000002DF7D05C00023CD0F8088042EA04068A
:10B2B00007FA06F919EA080FECD1202D02D0304622
:10B2C000BDE8F0834EEA040407FA04F414EA080F18
:10B2D000F5D0DFE770B50D4611462A4604461E46F6
:10B2E000FFF7C5FF002802DA0020207370BD216837
:10B2F0006368420801EB8201CD8849791D4406FB51
:10B3000001510123616003FA00F1A36842EAC01011
:10B310000B43A360C0B2E9E713460A460121FFF7D9
:10B32000D9BF13460A460021FFF7D4BF13B50A461A
:10B33000019100210446FFF7EFFF019A002120460A
:10B3400002B0BDE81040FFF7ECBF0022C0E90022C8
:10B35000704770470068704700230B60436813B95B
:10B360000160416070471960FBE703682BB11A6800
:10B3700002B94260026000221A601846704710B598
:10B380000468002223468B4203D083B11A461B680F
:10B39000F9E70AB10B6813608C4204BF0B680360C5
:10B3A00043688B424FF0000308BF42600B6010BD42
:10B3B00010B50446FFF7C9FF204610BD08B5FFF7DA
:10B3C000C9FFB0FA80F0400908BD70B505462846AF
:10B3D000FFF7C0FF044678B150F8043C061F9B6895
:10B3E0003046984740B12846FFF7BFFF54F8043C69
:10B3F0003046DB689847EAE770BD70B504460D46F5
:10B40000FFF7A8FFAC610646291D2046FFF7A4FF01
:10B4100026B92046BDE87040FFF7D7BF70BD70B5B4
:10B4200005460C46FFF796FF064604B10434214654
:10B430002846FFF7A4FFA64204D12846BDE8704085
:10B44000FFF7C3BF70BD10B504462046FFF782FF6B
:10B4500028B150F8043C0438DB689847F5E710BD84
:10B4600010B50446FFF7EFFF2046FFF772FF2046B6
:10B4700010BD7047704703689B6D184770B586B064
:10B480000023CDF806308DF80A300389ADF810306E
:10B4900040F201234FF48974ADF8123040F20313E7
:10B4A00090F820134268ADF80440ADF8143002243F
:10B4B00000F10A038DF807408DF80B10039201ACE0
:10B4C00005AE1D46224603CAB242186059601446B2
:10B4D00003F10803F6D112881A80284606B070BD21
:10B4E00000487047AC3F030000487047E43F03004A
:10B4F00000487047B03F030000487047F63F030024
:10B5000000487047DC3F030000487047C63F030017
:10B51000036810B504465B6F9847D4F8EC020368E3
:10B520001B6F9847236820469B6FBDE81040184763
:10B5300008B5D0F834332BB90349044840F2CD6242
:10B5400002F0AEFB08BD00BFF13C0300FF3C03006E
:10B5500010B5044602F054FCD4F834330133C4F877
:10B5600034332BB9034904484FF4D76202F098FBF7
:10B5700010BD00BFF13C0300FF3C030038B5D0F81C
:10B580003433012B044610D10025D4E9C93000F032
:10B59000010203B94AB14110C4E9C95504EB600086
:10B5A0000AB16258D3589847EFE7D4F834332BB92F
:10B5B0000649074840F2C66202F072FB013BC4F83C
:10B5C0003433BDE8384002F031BC00BFF13C030029
:10B5D000FF3C030007B500230249034800931A46C5
:10B5E00002F080FD0B3D03000E01158007B500231E
:10B5F0000249034800931A4602F074FD333D0300EC
:10B6000004011580036873B50446DB6F9847B4F8EE
:10B61000F8120B12022B25D0032B56D0012B04D18C
:10B62000236820461B6B984708B9002018E0236860
:10B6300020461B6B98470678122EF6D123682046C9
:10B640001B6B98474578012DEFD12368C4F804633C
:10B650001B6B2046984784F80853C4F8000328461B
:10B6600002B070BD2368C9B25B6B01912046984758
:10B670000028DAD0236801995B6B2046984703784D
:10B680000199092BD1D1236820465B6B98474378F9
:10B690000199022BC9D1236820465B6B9847236828
:10B6A00085785B6B019920469847C378019945EAF4
:10B6B00003252368C4F804535B6B20469847C4F8FD
:10B6C0000003012084F80803CAE7C9B20529ACD8F1
:10B6D000DFE801F0030F19232D37236820469B6B09
:10B6E00098470378C4F8043323689B6B2046984737
:10B6F000E5E723682046DB6B98470378C4F80433FA
:10B700002368DB6BF2E7236820461B6C98470378BD
:10B71000C4F8043323681B6CE8E7236820465B6C9D
:10B7200098470378C4F8043323685B6CDEE723682A
:10B7300020469B6C98470378C4F8043323689B6CBD
:10B74000D4E723682046DB6C98470378C4F80433B9
:10B750002368DB6CCAE70B78DB0913700B78C3F343
:10B76000411353700B7803F01F0393704B78D37021
:10B77000C8788B7843EA0023938048790B7943EAB1
:10B780000023D380C8798B7943EA00231381704763
:10B79000036870B504465B6F0D46984794F80C3308
:10B7A000022B05D009490A4840F23D1202F078FA0E
:10B7B000084BC4F824330023C4F82833236884F8E2
:10B7C000105320469B6FBDE870401847F13C0300C2
:10B7D000523D030097BC010038B503680446DB6F97
:10B7E000984794F8083313B10025284638BDD4F89B
:10B7F000EC0203685B6C9847D4F804239042F3D8BA
:10B80000D4F80013121A0144C4F80013C4F8042336
:10B81000A2B994F80A53022384F80C3345B1236883
:10B8200084F80A239B6E04F53D7120469847DCE7B7
:10B8300001212046FFF7ACFF0125D6E7D4F8EC0242
:10B84000D4F820430368A2421B6C28BF22469847C5
:10B85000F2E70000036813B50446DB6F984794F8DD
:10B860001C33012B06D800230F4900931A460F48BA
:10B8700002F038FC94F80C3323B100230C490093F8
:10B880001A46F4E794F80B33032B0BD02046FFF74E
:10B89000A3FF38B9D4F8EC020368DB6C02B0BDE852
:10B8A0001040184702B010BD0B3D03000E0115807B
:10B8B0007D3D030038B503680446DB6F984794F874
:10B8C0000833012B3BD1D4F8045335B994F809332C
:10B8D0000BB901252CE084F80953D4F82023D4F8BF
:10B8E000EC02D4F800130368954228BF15462A4697
:10B8F0009B6C9847D4F80033D4F804232B44551B91
:10B90000C4F80033C4F80453002DE2D194F809239D
:10B91000002ADED194F80A53022384F80C334DB187
:10B92000236884F80A239B6E04F53D7120469847EE
:10B93000284638BD01212046FFF72AFFC9E7002528
:10B94000F6E7036810B50446DB6F984794F81C339C
:10B95000012B01D8FFF73EFE94F80B33032B0AD0DE
:10B960002046FFF7A7FF30B9D4F8EC020368BDE822
:10B970001040DB6C184710BD036870B504465B6F60
:10B980000D46984794F80C33032B05D009490A4813
:10B990004FF4C37202F084F9084BC4F82433002337
:10B9A000C4F82833236884F8105320469B6FBDE801
:10B9B00070401847F13C0300C73D0300AFC50100CC
:10B9C00010B503680446DB6F9847012004F21D336D
:10B9D000C4F80033C4F8040384F8080310BD0368F6
:10B9E00010B50446DB6F984794F81C33042B01BF55
:10B9F000B4F82E33A4F8FA32012004F54C7303BFD7
:10BA0000C4F80033C4F8040384F80803002010BD10
:10BA1000036810B5DB6F04469847042384F80C33A1
:10BA2000236894F8F8221B6FB4F8FA12204698475E
:10BA3000012010BD036870B504465B6F0D46984742
:10BA400094F80C33042B05D009490A484FF4EB72E3
:10BA500002F026F9084BC4F824330023C4F8283335
:10BA6000236884F8105320469B6FBDE87040184748
:10BA7000F13C0300F33D030027BD0100036810B54E
:10BA80000446DB6F984794F81C33042B02D0B4F8BB
:10BA9000FA328BBB94F8F632012B0FD0022B10D068
:10BAA00053BB164B01221A80144BC4F800330120FB
:10BAB0000223C4F8043384F8080310BD0F4B00229E
:10BAC000F1E7B4F8FA2222F08F03ABB912F00F0FAE
:10BAD0000A4902D100230B80E6E7530003F01E035E
:10BAE00043EAD213023B182202FB034393F830309F
:10BAF0009B07EFD50123EEE70020DEE7FC2A0020BC
:10BB000010B50368044690B0DB6F9847D4F8EC0298
:10BB1000D4F8202303686946DB6B984704F53D722F
:10BB200069462046FFF717FE0023C4F80833C4E92E
:10BB3000C033012384F80C33236811465B6E204622
:10BB4000984710B010BD036810B50446DB6F9847E6
:10BB500094F81C33012B01D8FFF73CFD94F80C231B
:10BB6000012384F82C3322B92046BDE81040FFF7AA
:10BB7000C7BF84F82D3310BD2DE9F0411D46036881
:10BB800004465B6F0F461646984794F80C33012B1A
:10BB900005D00B490B4840F2BA2202F081F80A4B5B
:10BBA000C4F824330023C4F82833236884F81073BE
:10BBB000C4E9C56520469B6FBDE8F041184700BF4A
:10BBC000F13C03001B3E030067C40100036810B58D
:10BBD0000446DB6F9847B4F8FC3293B394F8F40250
:10BBE00094F80823012825D1012A06D0D4F8EC02C4
:10BBF0000368DB6CBDE810401847D4F804239A4270
:10BC000001D9C4F804330128D4F8041326D18B4297
:10BC100008D9D4F82033B1FBF3F203FB12120AB9AE
:10BC200084F80903022384F80B332046BDE8104052
:10BC3000FFF740BE002AD9D1D4F804239A42E2D0BB
:10BC4000D4E7D4F8EC02D4F804230368002AD0D156
:10BC5000032184F80B139B6C11460DE0D4F8EC0221
:10BC6000D4F82023012384F80B3303688A4228BFC9
:10BC70000A461B6CD4F80013BDE81040184710B5F5
:10BC800003680446DB6F9847002384F82D330323B1
:10BC900084F80B3310BD036810B5DB6F044698477A
:10BCA000002284F80C2394F82D2394F8103322B149
:10BCB0002046BDE81040FFF7E2BF33B9D4F8EC02EC
:10BCC0000368BDE81040DB6C184794F80B33012B78
:10BCD0000AD1D4F8EC02032384F80B3303689B6C7D
:10BCE000BDE8104011461847022B07D1D4F8EC02EA
:10BCF000032384F80B3303681B6CF1E710BD036862
:10BD000010B5DB6F04469847002384F82C3394F871
:10BD10000C3323B92046BDE81040FFF7B0BF012324
:10BD200084F82D3310BD036810B5DB6F04469847C7
:10BD3000002284F80C2394F82D2394F8103322B1B8
:10BD40002046BDE81040FFF79ABF63B1B4F8FA325D
:10BD5000A4F82E33B4F8F83284F830332046BDE826
:10BD60001040FFF733BFD4F8EC020368BDE8104081
:10BD7000DB6C1847036810B504465B6F984794F86E
:10BD8000F03283B9D4F8EC02036821469B689847E7
:10BD9000D4F8EC02036840219B6B98470123C4F858
:10BDA000200384F8F032236820469B6FBDE81040E2
:10BDB000184738B5036804465B6F984794F81C53DE
:10BDC000236820469B6FEDB298472B1F584258417D
:10BDD00038BD036810B55B6F044698472046FFF7EF
:10BDE000C9FF94F8F1323BB9D4F8EC0203685B69FF
:10BDF0009847012384F8F132236820469B6FBDE801
:10BE000010401847D0F8EC0203685B6B184738B550
:10BE100003685B6F0D46044698472B071FBF6A00F7
:10BE200002F01E0242EAD513023B1BBF182202FB9E
:10BE30000343D4F820539D8D236820469B6F984779
:10BE4000284638BD0368F7B55B6F0E460546984730
:10BE500036F08F0701D1320706D100231749184861
:10BE600000931A4602F03EF9740004F01E0444EAFE
:10BE7000D6141823023C03FB045494F83030DB073B
:10BE800009D42846FFF795FF80B10E490E4840F2CD
:10BE90008C5201F005FF94F831303BB1D5F8EC023B
:10BEA00003683146DB6E984784F831702B689B6FCE
:10BEB000284603B0BDE8F040184700BF333D0300FB
:10BEC00004011580F13C03003E3E0300036873B596
:10BED0005B6F0E460446984716F0700F01D131078C
:10BEE00006D100231A491B4800931A4602F0FAF8BB
:10BEF000750005F01E0545EAD6151823023D03FB23
:10BF0000054595F83030DA0709D42046FFF751FF90
:10BF1000B0B11149114840F2CC4201F0C1FE43F0EA
:10BF2000020385F83030D4F8EC02036831469B6D8B
:10BF3000984795F831301BB131462046FFF782FF14
:10BF400023689B6F204602B0BDE87040184700BFD1
:10BF5000333D030004011580F13C03003E3E030025
:10BF6000036810B50446DB6F984794F81C33042B24
:10BF700002D0B4F8FA32A3B994F8F632022B10D1F9
:10BF8000B4F8FA1231F08F000BD111F00F030AD080
:10BF9000B4F8F83223B92046C9B2FFF797FF012061
:10BFA00010BD0020FCE71846FAE70000036873B5EF
:10BFB0005B6F0E460446984716F0700F01D13107AB
:10BFC00006D100231C491D4800931A4602F08AF846
:10BFD000750005F01E0545EAD615023D182303FB42
:10BFE000054393F83020D20709D42046FFF7E1FE3D
:10BFF000D8B11349134840F2F14201F051FE93F8D1
:10C0000031301BB131462046FFF71CFF182303FBDC
:10C010000545314695F8303023F0020385F830307D
:10C02000D4F8EC020368DB6D984723689B6F2046C9
:10C0300002B0BDE870401847333D0300040115808D
:10C04000F13C03003E3E0300036810B50446DB6F7D
:10C05000984794F81C33042B02D0B4F8FA32A3B9F1
:10C0600094F8F632022B10D1B4F8FA1231F08F00A6
:10C070000BD111F00F030AD0B4F8F83223B92046DF
:10C08000C9B2FFF793FF012010BD0020FCE718465E
:10C09000FAE700002DE9FF419846036803920E4637
:10C0A0005B6F0746984736F08F0403D116F00F0FE9
:10C0B000039A06D100232049204800931A4602F033
:10C0C00011F8750005F01E0545EAD6151823023D46
:10C0D00003FB057595F83030DB070AD43846FFF7C7
:10C0E00068FE044688B11649164840F2AF5201F086
:10C0F000D7FDAB8D434505D9134914480094234619
:10C100002246DCE795F8311039B13B6838469B6F21
:10C110009847204604B0BDE8F081D7F8EC020168EA
:10C120000C6E3146A04704460028EED095F8313019
:10C13000013385F83130E8E7333D03000401158011
:10C14000F13C03003E3E03004C3E03000501158018
:10C15000036837B55B6F0D460446984715F0700FBE
:10C1600001D12A0706D100231549164800931A4623
:10C1700001F0B8FF6B0003F01E0343EAD513023B46
:10C18000182202FB034393F83030DB070AD4204621
:10C19000FFF70FFE054660B10B490C4840F2E9522B
:10C1A00001F07EFDD4F8EC02036829465B6E9847E7
:10C1B0000546236820469B6F9847284603B030BD4C
:10C1C000333D030004011580F13C03003E3E0300B3
:10C1D0002DE9FF419846036803920E465B6F0746C0
:10C1E000984736F08F0503D116F00F0F039A06D14A
:10C1F00000232249224800931A4601F073FF74007D
:10C2000004F01E0444EAD6141823023C03FB047411
:10C2100094F83030DB070AD43846FFF7CAFD0546EC
:10C2200088B11849184840F20A6201F039FDA38D1F
:10C23000434505D21549164800952B462A46DCE7AA
:10C2400094F831303BB13B6838469B6F984728469D
:10C2500004B0BDE8F081D7F8EC02036831469D6E6A
:10C260004346A847054638B194F83130A4F82E80EB
:10C27000013384F83130E6E7E085E4E79D3E0300D2
:10C2800004011580F13C03003E3E0300BB3E030069
:10C2900005011580036837B55B6F0D460446984766
:10C2A00015F0700F01D1290706D100231249134858
:10C2B00000931A4601F016FF6A0002F01E0242EADD
:10C2C000D513023B182202FB034393F83020D20718
:10C2D0000AD42046FFF76DFD054630B108490948EC
:10C2E00040F2496201F0DCFCDD8D236820469B6F43
:10C2F0009847284603B030BD333D03000401158044
:10C30000F13C03003E3E0300036870B50446DB6F5A
:10C310000D46984794F81C2384F81C53AA42D3B2C4
:10C3200026D0032B09D9032D8CBF00260126012B13
:10C3300005D9012D03D88EB103E00026F7E786B1B9
:10C3400000264FF43472002104F11C000FF0C0FAF3
:10C35000002384F81D3384F8F23216B12046FFF72B
:10C36000CEFC2368294620461B6EBDE87040184766
:10C3700070BD036810B50446DB6F9847D4F8EC0233
:10C3800094F8F8120368DB6A9847B4F8F8322BB9CE
:10C3900002212046FFF7B8FF012010BD0321F8E776
:10C3A000036810B50446DB6F984794F8F81284F8D8
:10C3B0001D1351B9D4F8EC0203681B6A9847032196
:10C3C0002046FFF7A1FF012010BD012384F8F232BF
:10C3D000032384F80C3323682046DB6E9847F2E78A
:10C3E000036810B50446DB6F984794F8F532C3BB79
:10C3F00094F8F7320B2B34D8DFE803F0060B331038
:10C4000033151A331F24292E2046BDE81040FFF7AC
:10C4100035BB2046BDE81040FFF716BE2046BDE8FC
:10C420001040FFF79DBD2046BDE81040FFF7A1BFBB
:10C430002046BDE81040FFF7E5B82046BDE81040B3
:10C44000FFF7BEBA2046BDE81040FFF7A9BF20465F
:10C45000BDE81040FFF7C3BA2046BDE81040FFF723
:10C46000D7BA002010BD036810B5DB6F04469847AB
:10C47000002084F80C0394F82D0394F81033D4E9C9
:10C48000C52190B1012B0BD8022384F80C3323680B
:10C4900004F53D7120469B6EBDE81040012218470F
:10C4A0002046BDE81040FFF7EABB042B12D120461E
:10C4B000FFF796FF30B9D4F8EC020368BDE81040EE
:10C4C000DB6C184794F80C3373B92046BDE8104074
:10C4D000FFF77CBB032BEED00120C4E9C02184F818
:10C4E0000A0384F80833F0E710BD036810B5DB6F6A
:10C4F0000446984720460221FFF706FF002384F8F0
:10C500001E332046FFF7FBFB23682046DB6DBDE8AA
:10C5100010401847036810B504465B6F984794F8BD
:10C52000F1323BB1D4F8EC0203689B6998470023D1
:10C5300084F8F13294F81C33012B03D901212046F1
:10C54000FFF7E2FE002384F81D3384F81E332368CE
:10C5500020469B6FBDE810401847036810B504469D
:10C560005B6F984794F8F03253B12046FFF7D2FF43
:10C57000D4F8EC020368DB689847002384F8F032B3
:10C58000236820469B6FBDE81040184738B5036804
:10C590000D46DB6F0446984745B994F81C332BB120
:10C5A00029462046BDE83840FFF7AEBE38BD0368D7
:10C5B00070B50446DB6F984794F82D3394F81063F8
:10C5C00003B97EB92046FFF7F4FB054650B9014692
:10C5D0004FF4347204F11C000FF07AF984F81D5303
:10C5E00084F8F252002384F80C3394F82D3323B1ED
:10C5F0002046BDE87040FFF742BBD4F8EC02036868
:10C6000056B1DB69984720460421FFF77DFE20469E
:10C61000BDE87040FFF7DABABDE87040DB6C184740
:10C620002DE9F04F914685B0026803930E46526F94
:10C630000446904716F0700F03D116F00F0F039BBE
:10C6400006D100232649274800931A4601F04AFDE7
:10C6500094F8F282B8F1000F07D1236820469B6F4F
:10C660009847404605B0BDE8F08F750005F01E05FF
:10C6700045EAD615AF1E4FF0180B0BFB074797F88E
:10C6800030A01AF0010A05D0174918484FF48E62FD
:10C6900001F006FBB9F5806F04D91349144840F244
:10C6A0007142F5E7D4F8EC0202683146D2F85080C6
:10C6B0004A46C04780460028CFD0013D0BFB0545C8
:10C6C0000E99281DF8F78CFD97F8303087F831A0C7
:10C6D00043F0010387F83030A7F82C90BDE700BF86
:10C6E000333D030004011580F13C0300DC3E0300F0
:10C6F000FE3E03002DE9F047054698461E4B45F8DF
:10C700001C3B04460F4691462E4600F53B7A3046C8
:10C710001836F8F738FDB245F9D1BDF8203023813D
:10C72000A4F80490A4F806804FF43472002128463F
:10C730000FF0CEF82822002104F53D700FF0C8F864
:10C7400000230122C4E9C833C4E9CA3384F80C3396
:10C75000C4F8EC72A4F8F03284F8F232C4F834333E
:10C7600084F8303384F81C2384F81D3384F81E3396
:10C770002046BDE8F08700BF2C3F03000D4B70B58D
:10C78000036090F8F03204462BB10B490B4840F29D
:10C79000625201F085FAFFF7E0FE04F53B7504F103
:10C7A0001C06B54204D0183D2846F3F74BFEF8E7C7
:10C7B000204670BD2C3F0300F13C0300163F0300F0
:10C7C00038B503680D46DB6F0446984715F0700FC7
:10C7D00001D12B0701D1FEF709FF6B0003F01E0307
:10C7E00043EAD5118B1E182000FB034393F8312038
:10C7F0006AB1013900FB0144013A043483F8312065
:10C800002046F8F700FD10B12046F8F751FE38BD7C
:10C8100038B503680D46DB6F0446984715F0700F76
:10C8200001D12B0701D1FEF7E1FE6B0003F01E03DF
:10C8300043EAD5118B1E182000FB034393F83120E7
:10C840006AB1013900FB0144013A043483F8312014
:10C850002046F8F7D8FC10B12046F8F729FE38BD7D
:10C860004FF0FF3100F079B937B504464C300191F3
:10C870001546FDF7A9FE019921B90A46204600F0A8
:10C8800014F803E02DB9204600F048F8204603B024
:10C8900030BD2A46F2E710B5044600F052F804F124
:10C8A0004C00FDF770FE204610BD032938B5044644
:10C8B00007D9D31C23F003039A1A8A1A22F0030122
:10C8C0001A460023C4E90433E2600D460DBBC4E9F7
:10C8D00006512262256000F005FA00F005FAC4E96D
:10C8E0000A5560602581A57284F8245004F1300057
:10C8F00000F01AFA00280BDB04F1440000F00CFAF7
:10C90000002805DB04F1480000F006FA00EAE070B8
:10C9100038BD2369013323616D08D7E737B5054674
:10C92000084601910EF08AFB044638B1024601998F
:10C930002846FFF7BAFF6C6103B030BD4FF0FF30FF
:10C94000FAE770B505680446B5B9A36A1BB1E06A99
:10C950004FF0FF31984704F1480000F0DFF904F18F
:10C96000440000F0DBF904F1300000F0E5F9606903
:10C97000BDE870400EF06ABBEE6836B9EB6913B1E2
:10C9800005F124009847AD68DEE7F36913B106F1BD
:10C9900024009847F668F0E773B50646273148301B
:10C9A000019021F0030500F0BAF9B469019806F18D
:10C9B00018035CB9F3699D4223D8346A5B1BF361A9
:10C9C0006219012332622560A37107E02268954253
:10C9D00013D8E26872B11A60A368936000F0A1F9FD
:10C9E00000234FF0FF32C4E90532E36124342046CE
:10C9F00002B070BDA2681A60F0E704F10803A468F1
:10CA0000D7E700F08EF9F2E751F8083C73B5054618
:10CA10000C460BB108469847EB6833B1A4F12406E5
:10CA2000B34202D82B6AB34204D2002304F81E3C5E
:10CA300002B070BD05F14800019000F070F9AB69DB
:10CA4000019805F11802ABB11D6854F8241C8D4201
:10CA50000CD30FD144F8183C13689B6844F81C3C75
:10CA6000166002B0BDE8704000F05BB903F1080247
:10CA70009B68E8E7002344F8183C1368EEE7F8B534
:10CA80004B699B1A002BACBFD318131C4B6100F1F0
:10CA9000440703898B80054638460C46164600F04D
:10CAA0003EF9284603687BB359696269A1EB020C21
:10CAB000BCF1000F25DB914226D19B68A36013B126
:10CAC00004F108021A612246036842F80C3F002173
:10CAD00099601A61AB6A046020616BB195F82420FB
:10CAE00052B12A68A24207D1E2682AB96169E86AAC
:10CAF000891B21EAE17198473846BDE8F84000F00B
:10CB000010B903F10800CDE7A36013B104F10802E6
:10CB10001A610023E360DDE7F8B5144605460F46C9
:10CB2000A2F1240600F0E0F854F8103C44F8047C2C
:10CB30000344024644F8103C31462846FFF79FFF65
:10CB4000296914F81E4C8C40E968761A05F130000A
:10CB5000344300F0F3F82046F8BD2DE9F74F0446C2
:10CB60000F4600F0C1F84FF00008054607EB00093A
:10CB700084F8248004F14406304600F0D0F863685D
:10CB80005B1B002B2368D8BF6560019301A91BB113
:10CB90005A69521B002A37DD236003B11C61C1F8BA
:10CBA0000080019D15B1238901332381304600F0B7
:10CBB000B8F801A965BB019D4FF0010A002D34D1E1
:10CBC00000F092F8002F82465CDBA9EB0005002DF7
:10CBD0005ADCA36A9BB1304600F0A1F8A36A43B1C6
:10CBE000226832B15169E06AA1EB0A0121EAE171E0
:10CBF0009847012384F82430304600F092F800234F
:10CC0000A37203B0BDE8F08F03F108019B68BEE793
:10CC1000A8682B4600229A601A46DB68002BFAD1DE
:10CC20000A6005F108010546C4E72B6AD5F808B08B
:10CC300013B105F124009847AA69002A0BDB6B6940
:10CC400013446B6100F050F8294602462046FFF776
:10CC500016FF5D46B2E7E36873B1AB420CD8236AB6
:10CC6000AB4209D3AB7922690133DBB213FA02F28A
:10CC700014BFAB7185F806A005F124012046FFF72B
:10CC8000C3FEE6E74FF0FF35304600F048F8236872
:10CC90003BB15969A1EB0A0121EAE1718D4228BF3C
:10CCA0000D46304600F03DF8294604F1300000F012
:10CCB00048F8A37A7BB1304600F031F8A37A3BB153
:10CCC00000233046A37203B0BDE8F04F00F029B84E
:10CCD000304600F026F800F007F805464CE740F82B
:10CCE000081C704701F018BA07B501F080F870B160
:10CCF000084B6846196800F005FDDDE900014FF4B6
:10CD00007A72002309F00CFA03B05DF804FB01F01D
:10CD10006BFFF9E7A82C002000207047704701F056
:10CD20006FB801F083B8000008B5024901F036FF82
:10CD3000002008BDFC3F030001F039BF012101F0D4
:10CD400033BF08B5012341EAE172194601F04AFFF9
:10CD5000431E5842584108BD70B50E46044615465C
:10CD600002F0A8FF013609D02046002103F016F892
:10CD700029462046BDE8704002F0EEBF70BD0000BD
:10CD800037B590F900300D46591C04D114491548A7
:10CD9000212200F085FF0124AAB11F2B86BF124A71
:10CDA00003F01F034FF0A04204FA03F3C2F8083562
:10CDB0000121019002F0F2FF0198294603B0BDE87D
:10CDC000304002F0C9BF1F2B86BF074A03F01F0384
:10CDD0004FF0A04204FA03F3C2F80C35E8E700BFB5
:10CDE0004B3B0300AD360300000300500322FFF766
:10CDF000B3BFFFF7B1BF37B50D460446019202F04D
:10CE000059FF013507D0019A0021204603B0BDE843
:10CE10003040FFF7B5BF03B030BD0000F8B5069F46
:10CE200004460E461D463ABB1A46FFF795FF0136EB
:10CE300015D094F900305A1C04D115491548212207
:10CE400000F02EFF01225FB11F2B86BF124903F0B5
:10CE50001F034FF0A04102FA03F3C1F80835F8BDF3
:10CE60001F2B86BF0C4903F01F034FF0A04102FAAD
:10CE700003F3C1F80C35F2E702F01CFF0136EED0E7
:10CE80003A4629462046BDE8F840FFF779BF00BF83
:10CE90004B3B0300AD3603000003005000487047D1
:10CEA00004400300024B1B680BB10248184770474F
:10CEB000E0040020044003002DE9F047466896F89E
:10CEC000327087BB03685B689847346A84422AD013
:10CED000336996F934203062041B1C40B368A4FB0C
:10CEE0000345CAB1736A14EB030845F10009002A2F
:10CEF0001BDBC2F12001A2F1200328FA02F409FA97
:10CF000001F10C4329FA03F31C4329FA02F504FA50
:10CF100002F2A8EB02027262D6E90A321B1945EB53
:10CF20000202C6E90A32BDE8F087D6F80CA03B46FB
:10CF300052464046494609F043F904460D460AFB6D
:10CF40001082E8E7824206D98A420BD9884294BF10
:10CF5000002001207047884206D98A428CBF0020F9
:10CF60000120704701207047002070472DE9F347EA
:10CF70004668376B27F07F4727F0FF070446002FEE
:10CF800063D1FFF799FF7368002B61D0D3E90001EB
:10CF9000D6E90A238B4208BF824205D323685B6926
:10CFA00002B0BDE8F04718476568D5E90A32B0EB32
:10CFB000030861EB0209D5E906234B4508BF42454A
:10CFC000D5F814A020D3EB6895F933C0A3FB080172
:10CFD00003FB0911BCF1000F13D0AA68531EC0183F
:10CFE00041F10001BCF1000F1CDBCCF12002ACF1DF
:10CFF000200320FA0CF001FA02F2104321FA03F3A5
:10D000001843824528BF82462A6A336A92442A69B5
:10D010000AEA0202934209D11349144840F2C912A4
:10D0200000F03EFE3B4609F0CBF8EAE723680192A8
:10D0300010461B69984723685B689847019A014628
:10D04000306AFFF77FFF0028A8D102B0BDE8F08763
:10D050007369306A3269184423681B69104002B052
:10D06000BDE8F047184700BF4540030057400300A4
:10D07000436893F830202DE9F3470646002A7DD116
:10D0800093F83230002B79D103681B6898473368D6
:10D09000DB69984703682BB93A493B4800931A4625
:10D0A00001F020F8394C19462246B1FBF4F402FB9A
:10D0B00014141146002CF7D17768344CB4FBF2F10C
:10D0C0000125B9601F24013C03D305FA04FC614526
:10D0D000F9D1B3FBF2F287F83340FA601F24012341
:10D0E00003FA04F5AA4201D0013CF9D287F8344092
:10D0F00043681D1F1C2D05D9002325492548009391
:10D100001A46CDE7202B1CBF012098404FF00704A2
:10D1100004FA05F414BF00F1FF304FF0FF30002394
:10D1200038617C6112F1FF304FEAE479A4FB0145DC
:10D1300001FB095543F1FF31201845EB01019A46E7
:10D1400009F03EF83368C7E90601C7E900AA5B6841
:10D15000984773683862002101220020C3E90A0160
:10D16000C3F824A030461A8683F832A0FFF7A4FE45
:10D17000304602B0BDE8F047FFF7F8BE02B0BDE8A8
:10D18000F08700BF7B4003000E01048040420F0087
:10D1900094400300050104802DE9D00316461F4684
:10D1A0004268059B8B60C1E900675368002433B96E
:10D1B000CB606CB95160BDE8D003FFF7D7BED3E9AF
:10D1C00000894F4508BF4645F2D31C46DB68EEE7B1
:10D1D000D2E90A23BB4208BFB242E160EBD2BDE80C
:10D1E000D003704738B505460C46FFF741FF00F005
:10D1F00007FE6B681C60BDE8384000F017BEF8B54C
:10D20000054600F0FDFDD5E90034DB68984794F849
:10D2100032301BB1BDE8F84000F008BE012384F8AD
:10D2200031306368ABB12846FFF746FE6168D4E948
:10D230000A67D1E900239F4208BF964209D36B6871
:10D240005A68CB6863602368002BEAD090689847DF
:10D25000E7E7002384F831302846FFF787FED9E757
:10D2600010B586B0CDE904210393089C029000F02C
:10D27000C7FD0298FFF720FEDDE903320599029809
:10D280000094FFF789FF06B0BDE8104000F0CEBD66
:10D2900038B505460C4600F0B3FD6A685368A342F2
:10D2A00009D1DB6853602846FFF760FEBDE83840CF
:10D2B00000F0BCBD1346002BF8D0DA68A242F9D1C9
:10D2C000E268DA60F2E738B50446FFF7D1FE00F015
:10D2D00097FD2046FFF7F0FD6368D3E90A4500F0AB
:10D2E000A5FD2046294638BD08B5FFF7ECFF08BD6F
:10D2F000024B00221A7003F00BBF00BF31B80020B0
:10D3000008B503F071FE024B01221A7008BD00BF80
:10D3100031B8002000487047D0400300024B1B6822
:10D320000BB1024818477047E4040020D0400300C6
:10D3300091F90C2091F9041003F034BB024B1B68E7
:10D3400003B11847704700BF702B002007B501904C
:10D3500000F056FD019803B05DF804FB07B501909D
:10D3600000F064FD019803B05DF804FB007B70479A
:10D3700038B50D4B03600023C0E901310273044648
:10D380000A480D46FCF7A6FF01F076FC55B1084BA4
:10D390001A6862601C600548FCF79CFF01F08AFC7B
:10D3A000204638BD6560F6E70C410300782B00206D
:10D3B000742B0020144B10B5036004461348FCF78F
:10D3C00089FF01F059FCA3682BB1114962680B6811
:10D3D000A34212D10A600F4B0C481A68A24204BF44
:10D3E00000221A60FCF776FF01F064FC237B13B97E
:10D3F000201F01F06DFA204610BD19465B68A3425C
:10D40000FBD14A60E7E700BF0C410300782B002006
:10D41000742B0020A02B002010B50446FFF7CAFF94
:10D420002046102101F050FA204610BDF8B50646FE
:10D4300017480D46FCF74EFF01F01EFC154B1C680B
:10D44000A4B1A76887B138460EF01AFEA8420BD1E6
:10D450002A46314638460EF00BF928B90C48FCF73D
:10D4600039FF01F027FC11E06468E9E7072DF5D1E9
:10D4700009482A4631460EF0FBF80028EED1044850
:10D48000FCF728FF01F016FC044B1C682046F8BD91
:10D49000782B0020742B0020FC400300A02B0020E0
:10D4A00000207047036870B51B6901220021044603
:10D4B0009847051E0DDB236802221B6900212046C8
:10D4C00098472368064629461B690022204698474C
:10D4D0003546284670BD000070B50E460025C0E9EF
:10D4E00000550F49044630460EF038FE30442060A7
:10D4F000294623681A782F2A07D10133236051B9AE
:10D50000084909482A2200F0CBFB002AF7D0013352
:10D5100001312360EDE7FFF789FF6060204670BDB1
:10D5200064410300804103008D410300006870479F
:10D53000406808B520B1FFF719FF431E5842584113
:10D5400008BD10B50446FFF7F3FF10B1606800B1E5
:10D55000043810BD406808B520B1FFF707FFB0FAE6
:10D5600080F0400908BD10B50446FFF7F3FF10B185
:10D57000606800B1043810BD4068003818BF012051
:10D58000704700207047F8B503681B6D0D460446D0
:10D590008F1898472E46BE42236806D09B6C16F81B
:10D5A000011B204698470130F5D1236820465B6D6A
:10D5B0009847701BF8BDF8B503681B6D0D4604460F
:10D5C0008F1898472E46BE42236807D0DB6C204652
:10D5D0009847431C02D006F8010BF4E72368204665
:10D5E0005B6D9847701BF8BD0020704700207047A6
:10D5F000704700000F4B13B50022044640F8043B6F
:10D60000FFF7B6FE0C4B2360603363600023636159
:10D610000A49204601F0BAF90346606128B9009032
:10D6200002460749074800F05DFD00F031FF204643
:10D6300002B010BD1C4103001442030096410300D8
:10D6400099410300190101800A4B03F10802683374
:10D6500010B504460260436040690CF04BFD064B78
:10D6600023602046503340F8043FFFF7A3FE2046D6
:10D6700010BD00BF0C420300B441030010B50446C6
:10D68000FDF74AFC094B2360A069FFF71CFE00224E
:10D690000023C4E90C230023C4E90801C4E90A01FA
:10D6A000C4E90E3384F84030204610BDD442030054
:10D6B0004FF0FF307047000038B590F83F500446F7
:10D6C00025B1094909488E2200F0EAFAFDF744FC29
:10D6D00094F84030A5872BB184F84050BDE838401D
:10D6E00000F0D8BD38BD00BF96420300A34203003E
:10D6F00010B5044601F1300000F013FBC4E900014D
:10D70000204610BD10B504468869FFF7DCFDC4E96A
:10D710000001204610BDD0E90C32013342F1000275
:10D72000C0E90C32D0E90A3213F57A7342F10002F3
:10D73000C0E90A327047D0E90A2312F57A7243F140
:10D740000003FDF7FFBBF8B50D4604468869FFF7F7
:10D75000BAFDD5E90A32C61A61EB0207002F08BFED
:10D76000B6F57A7F05D200220023C4E900232046C3
:10D77000F8BD002F08BFB6F5FA6F01D20122F3E71A
:10D78000002E77F101034FF47A724FF00003304618
:10D79000B4BF0021394608F013FDC4E90001E6E7F3
:10D7A00091F83F30F7B505460C4613B991F83C6047
:10D7B00026B112491248E52200F072FA6846FFF7D6
:10D7C000C2FFDDE900324FF47A71A663A3FB016763
:10D7D00001FB0277D4E90A10891947EB0000C4E97C
:10D7E0000A10D4E90C105B1840EB02022846C4E989
:10D7F0000C32C5E9003203B0F0BD00BF9642030011
:10D80000AD420300DFB51F4690F83F300446164690
:10D8100023B120492048582200F042FA90F83C30C9
:10D8200063B9014602A8FFF7BBFFDDE90223BB4253
:10D8300008BFB24204D3012384F83D3004B0D0BD08
:10D84000214602A8FFF754FF4FF47A73A6FB0301A9
:10D8500003FB0711D4E90823821894F8400041EB38
:10D8600003030121A18760B9A069006890F8200036
:10D8700038B984F84010CDE9002300F0F5FCDDE96B
:10D8800000230021204684F83E1004B0BDE8D040BB
:10D89000FDF758BB96420300A3420300024B4FF032
:10D8A00080625A60704700BF00ED00E008B50121BA
:10D8B000383000F024FA08B1FFF7F0FF08BD01236B
:10D8C00010B580F83F30836B04460BB1FFF7E6FFDD
:10D8D0002046FFF730FF10BD90F83C3010B50446ED
:10D8E0004BB1002380F83C3090F83E3013B901234F
:10D8F00080F83D3010BD90F83F30002BFAD0836B9C
:10D9000001338363FFF7CAFF2046FFF704FF204679
:10D91000FFF711FFEEE70000024B4FF000725A6074
:10D92000704700BF00ED00E010B50446FDF714FBA2
:10D93000002384F83F30FFF7EFFF10BD102300F005
:10D9400007B8202300F004B8302300F001B84023CA
:10D950009C46F0B404AE7546E80801D3EFF309869F
:10D960000E4F0FCE0FC70FBC0FC740464946524659
:10D970005B460FC71DCE3100A60A00D304316E09E5
:10D9800000D248311FC7EFF309806946EFF31486D0
:10D9900063C76046014900F079F800BF34B8002041
:10D9A000F0B52C4E2C4F85B000243546214656F854
:10D9B000042B3846013400F007FA0D2CF6D1AB6C7D
:10D9C00002936B6C01932B6C244C0093D5E90E23CE
:10D9D000696B234800F0F8F92168224800F0F4F957
:10D9E000E16AA26AA36AA06A266BE76B000CCDE924
:10D9F00001670090C3F307231B48D2B200F0E4F99B
:10DA0000A36A1E0603D5616B184800F0DDF9A36A0E
:10DA1000180403D5A16B164800F0D6F9EB6C190772
:10DA200012D5144800F0D0F92B6DDA070FD5124843
:10DA300000F0CAF9EB6C5B074CBF1048104805B00A
:10DA4000BDE8F04000F0C0B90E4800F0BDF90E4846
:10DA5000EEE700BF34B80020D842030000ED00E03C
:10DA6000E6420300354303004343030092430300AF
:10DA7000A0430300AE430300BD430300ED43030096
:10DA8000F9430300DD430300CA43030007B504461E
:10DA90000D461A48012100F03BF968BB184800F018
:10DAA00093F9302C19D0402C1CD0202C1FD11548B4
:10DAB000154C00F089F9154800F086F9FFF770FF62
:10DAC000134800F081F90D4B00221A700023114910
:10DAD00000932A46204600F005FB0F480F4C00F04B
:10DAE00073F9E8E70E480F4C00F06EF9E3E70E48D3
:10DAF0000E4C00F069F9DEE70024E7E788B8002063
:10DB0000054403002E4403003E01FF805B440300F4
:10DB100066440300854403003D4403003F01FF8049
:10DB2000464403004001FF80514403003D01FF8053
:10DB3000F8B515460C4699B151F8087C95B12846C0
:10DB40000DF07CFA064648B1AF423A46214628BF5E
:10DB50002A460DF0BFFD20460DF078FA3046F8BD9C
:10DB60000F46EBE72E46F9E713B54A4310460192FC
:10DB70000DF064FA044618B1019A00210DF0A8FED8
:10DB8000204602B010BD000070B506461D481E4C70
:10DB90000D46FCF79FFB01F06FF815F1090F2CD82B
:10DBA00005F1080130460DF059FA30B3A268174B61
:10DBB00005602A444360A26022692368A16901329A
:10DBC000226162682B44934250F8042C88BF636042
:10DBD0002360002AA0F10403B8BF9B184D1B1B68EB
:10DBE00023F001031D4400F10806A5610548FCF778
:10DBF00071FB01F05FF8304670BD6369013363610A
:10DC00000026F3E7C02B0020A42B0020EFBEADDEE2
:10DC100000B572465DF804EBFFF7B6BF38B50546B0
:10DC200019480C46FCF756FB01F026F81CB354F8D3
:10DC3000042C164B9A4225D154F80C1C54F8082C8D
:10DC4000A4F10C030029B8BF5B181968002344F83D
:10DC5000043C0F4B1868801A186018690138186165
:10DC6000986921F001010244521A9A61A4F1080155
:10DC700028460CF0CDFC0448FCF72CFBBDE83840EE
:10DC800001F018B82146F3E7C02B0020EFBEADDE4F
:10DC9000A42B002000B572465DF804EBFFF7BEBF71
:10DCA00007B50B46009201460022014800F01AFA1F
:10DCB0004401FF8003460122D3E84F0FC3E8412F00
:10DCC000C0B20029F8D17047D0E85F3F5B18C0E8C8
:10DCD000523F002AF8D198B27047034653E8000F2C
:10DCE000401843E80002002AF8D17047D0E85F3FAF
:10DCF0005B1AC0E8523F002AF8D198B27047034639
:10DD000053E8000F401A43E80002002AF8D1704798
:10DD10000346D3E84F0FC3E8421FC0B2002AF8D130
:10DD2000704738B5044600F06BF8D4E9004500F0C0
:10DD30007DF82046294638BD08B500F061F8FEE7B9
:10DD400073B5002201460446022000F04BFC0D266C
:10DD500000F056F80022254614F8013B1BB900F0EC
:10DD600065F802B070BD0A2B09D10D2A07D0012237
:10DD70000DF1070102208DF8076000F033FC01224D
:10DD80002946022000F02EFC14F8012CE3E70000E5
:10DD900000B5A3B002460B4601A8842110F0F0FAAA
:10DDA000832806D9074B1A681B79CDF883208DF894
:10DDB0008730002802DD01A8FFF7C2FF23B05DF81D
:10DDC00004FB00BF954403000FB407B504A951F844
:10DDD000040B0191FFF7DCFF03B05DF804EB04B026
:10DDE0007047EFF31080C04300F001007047EFF37D
:10DDF0000580003818BF0120704701F029BE0000DF
:10DE000008B501F015FE064A1368591C04D10549EE
:10DE100005483F22FFF744FF0133136008BD00BFF0
:10DE2000E82B0020B4440300C4440300044A1368F0
:10DE300023B1013B13600BB901F002BE704700BF74
:10DE4000E82B002008B50B48FFF734FF28B1FFF797
:10DE5000D7FFBFF34F8F20BFFDE7FFF7C8FF08B123
:10DE6000FFF76AFFFFF7BDFF0028F9D0012000F09F
:10DE70000AFB00BF282C00202DE9F0414B4C0E4638
:10DE80002168C1F34173032B0CBF4D428DB2C1F326
:10DE9000074398B08046174645482A46FFF794FF47
:10DEA0006FF498731D44132D0FD8DFE805F00A6254
:10DEB00065686B716E740E0E0E0E0E0E0E0E0E0E4B
:10DEC0000E77A1683B48FFF77FFF4046FFF738FF1A
:10DED00061683948FFF778FF4EB13848FFF730FFE7
:10DEE0003046FFF72DFF36483946FFF76DFFA16832
:10DEF0003448FFF769FF2368334A1A44012A05D9D9
:10DF0000324A934202D0033A93424BD1A06820B1E7
:10DF1000C06C80F00800C0F3C000E368002B43D061
:10DF200059682B4A002908BF1146E2690392A26989
:10DF300002926269019222690092264D264A0028C7
:10DF400018BF2A462548FFF73FFF04A800F0C8FD88
:10DF5000079B01939DF81830216800932048DDE964
:10DF60000423FFF731FF1F48FFF72EFF18B0BDE86D
:10DF7000F081A1681C48A6E7A1681C48A3E7A16836
:10DF80001B48A0E7A1681B489DE7A1681A489AE7CB
:10DF9000A1681A4897E7A168194894E71948FFF75C
:10DFA00013FF92E70020B8E70949BEE72C2C0020B8
:10DFB0000A4503005B4503000346030014460300C3
:10DFC0001C46030020460300C2FE007F4001FF8084
:10DFD000F5440300FF440300844403003446030077
:10DFE0008D46030007470300714503008145030088
:10DFF00090450300A3450300B7450300CB4503004C
:10E00000DA450300F045030070470000F0B5294DE4
:10E010008FB035EA200528BF05460E461746002179
:10E02000302202A80DF054FC234B01952B44012B08
:10E0300001AC039605D9214B9D4202D0033B9D4282
:10E0400032D1F36B0293736B08931D4B5B6904939E
:10E05000DA6B05925A6B1B6B06920793FFF7D0FEA3
:10E06000184A13680133012B136009D126460FCEDD
:10E07000154D0FC50FCE0FC50FCE0FC533682B60E2
:10E080000FCC124D0FC50FCC0FC50FCC0FC5236899
:10E090002B600F4B1B68A5F1300043B19847FFF789
:10E0A000C5FE00200FB0F0BD02970894CDE7FFF742
:10E0B000ABFFF4E70101FF80C2FE007F4001FF805B
:10E0C00034040020EC2B0020F42B00202C2C00200A
:10E0D000F02B002000207047014B1878C0B2704729
:10E0E00088B8002080B506460C460A480121F04653
:10E0F00017461D46FFF70CFE48B9424639463046E2
:10E10000FFF784FF029A29462046FFF7B5FEFFF786
:10E1100099FE00BF88B8002038B5064C23683BB98B
:10E12000FEF7BCFE044D01462846FFF7A7FA25601E
:10E13000206838BDA82C0020602C002008B583681A
:10E1400023B9054B1B6893F83D0008BDC06898478C
:10E150000028F6D0F9E700BFA82C0020F7B5194D2C
:10E1600004464FF0FF366FF000472046FFF7E6FF0A
:10E1700030BBD4E90023BB4208BFB24202D02868BA
:10E18000FFF740FB01A8FFF7E1F82046FFF7D6FFB5
:10E1900098B9D4E90023BB4208BFB24207D100F0CE
:10E1A0009DF801A8FFF7DAF8BFF36F8FDDE72B6862
:10E1B00093F83C30002BF2D1F3E701A8FFF7CEF83B
:10E1C00003B0F0BDA82C002030B587B0CDE9022304
:10E1D0000A9B0C4D04930B9B05930446FFF79CFF91
:10E1E00002A8FFF7BBFF2868FFF766FA68462968B0
:10E1F000FFF7D6FADDE900232046C4E9002307B083
:10E2000030BD00BFA82C00202DE9F0410E4D86B096
:10E2100006460F4604A829689046FFF769FA2B685E
:10E22000DDE904019B6BC41A61EBE375A21902A836
:10E23000CDE9007845F10003FFF7C6FF0298001B07
:10E2400006B0BDE8F08100BFA82C002010B5054C39
:10E25000236813B9FEF722FE20602068BDE8104055
:10E26000FFF731B8B82C002013B5074C0121204628
:10E27000FFF72AFD034628B9009022880349044885
:10E28000FFF730FF02B010BDAC2C00202147030087
:10E290002301048013B5094C01212046FFF726FD18
:10E2A0004FF6FF73984206D100232288044905489F
:10E2B0000093FFF717FF02B010BD00BFAC2C002089
:10E2C0004347030024010480034B188880B2B0FA4E
:10E2D00080F04009704700BFAC2C0020F8B5FFF774
:10E2E0008FFDFFF7B3FF06460F46FFF7EDFF04462D
:10E2F000A0B102F05DFEFFF7A9FF05468CB10F4803
:10E30000D0E90043A21B63EB0707521947EB010159
:10E31000C0E90021BDE8F840FFF788BD02F024FE07
:10E32000E9E7074CD4E90020931B60EB07005B1979
:10E3300040EB0101C4E90031ECE700BFB02C002044
:10E34000C02C00206FF01C0070476FF01500704764
:10E35000012070470020704770470000034B186889
:10E3600018B14FF0FF31FAF779BE704780340020C2
:10E37000024B186808B1FAF789BE70478034002054
:10E38000F8B5074E15460C468F18BC4205D014F858
:10E39000011B304602F06EFDF7E72846F8BD00BFCE
:10E3A0005C30002038B511F001048DB205D008486A
:10E3B00002F096FD041E18BF0124EB0605D50448A3
:10E3C00002F0AEFD08B144F01004204638BD00BF95
:10E3D0005C30002010B504460CF038FE204610BD1D
:10E3E00010B50C462AB1044802F006FD2070012049
:10E3F00010BD1046FCE700BF5C30002038B5084B6C
:10E400000360084B1B680446154633B90648FEF7FF
:10E410008FFF0548294602F0D5FB204638BD00BFD6
:10E420008C480300C83000205C300020002070477A
:10E430000020704707B500230249034800931A469D
:10E44000FFF750FE6147030029010180074A084990
:10E4500013681844884289BF064B10600C224FF0A5
:10E46000FF308CBF1A601846704700BFE8050020D7
:10E4700000FC032068B9002008B508B1FFF75CFC78
:10E48000FEE70120704708B5FFF7F6FF012070474F
:10E4900000210DF02DBB08B5FBF740FD08BD08B508
:10E4A000FBF744FD08BD000010B50446037803F0F7
:10E4B0000303012B08D0FFF751FF237803F0030279
:10E4C000012A03D1FFF754FF00200AE02AB10549D1
:10E4D00005484FF4D462FFF7E3FB43F002032370D7
:10E4E000012010BD854703009747030008B5037856
:10E4F00003F00302022A05D00749084840F2A96246
:10E50000FFF7CEFB23F0030343F001030370BDE8E4
:10E510000840FFF72DBF00BF85470300B547030044
:10E520003F2870B504462EDC184D55F820305A1C93
:10E5300013D1022811DCFFF77BFF034658B92046B0
:10E54000FFF774FF034630B9114E3378BFF35B8F8A
:10E55000DB0704D50F4B45F82430184670BD304614
:10E56000FFF7A2FF0028F5D00B490A484FF4E1322B
:10E57000FFF744FF3046FFF7B9FF084A084905484E
:10E58000FFF77FFFE6E70023E7E700BFE80400208E
:10E59000C82C0020742D0020D44803000002002065
:10E5A00059E3010038B50546FFF7BAFF0B4B0024CD
:10E5B00043F8254030B90BF02FFD092303604FF0DD
:10E5C000FF3038BD03685B699847051E04DA0BF01D
:10E5D00023FD6D420560F2E72046F2E7E8040020E3
:10E5E000FFF7E0BF13B5CDE90021FFF799FFDDE9A3
:10E5F000002140B90BF010FD092303604FF0FF34F8
:10E60000204602B010BD0368DB689847041EF7DAA5
:10E610000BF002FD64420460F0E713B5CDE9002180
:10E62000FFF77EFFDDE9002140B90BF0F5FC09237F
:10E6300003604FF0FF34204602B010BD03689B68B2
:10E640009847041EF7DA0BF0E7FC64420460F0E739
:10E6500010B5FFF765FF044628B90BF0DDFC092370
:10E660000360204610BD0368DB699847041EF8DA92
:10E670000BF0D2FC644204600024F2E737B540237B
:10E68000CDF80100054668468DF800300BF068FFB4
:10E69000044630B12846FFF7DBFF10B12046FFF7F4
:10E6A000F7FE204603B030BD2DE9F04F85B0064699
:10E6B0000F469046FFF79BFB054630B100232D49DE
:10E6C0002D4800933246FFF70DFDFFF78AFB002827
:10E6D000F4D0B8F1000F09DA0BF09EFC16230360AA
:10E6E0004FF0FF34204605B0BDE8F08F3046FFF70D
:10E6F000AFFF044658B3214ADFF884A0935D2C464F
:10E7000091464FF00D0BA84521DD7A5D0A2A1BD1F9
:10E710000D2B039318D0AC420CDA2A1B3919304662
:10E72000FFF760FF0028039BDADB0444A542D9DC35
:10E7300009F80630012251463046FFF753FF002802
:10E74000CEDBCFD009F806B07B5D0135DBE7A04515
:10E75000C8DDA8EB040239193046FFF743FF002853
:10E76000BEDB24181FBF3F19044B17F8012C9A5524
:10E77000B8E700BFEC4703002F0101800C2D0020FB
:10E7800026480300FFF764BF7FB504460D461646D2
:10E79000FFF72DFB30B100231D491E480093224690
:10E7A000FFF7A0FCFFF71DFB0028F4D0002E06DACF
:10E7B0000BF032FC162303604FF0FF3018E02046C8
:10E7C000FFF746FFE8B1144E01220DF10F0120467C
:10E7D000FFF723FF0028EFDB0AD09DF80F300D2B49
:10E7E00008D1325D0A2A3355EED00A232B7001205E
:10E7F00004B070BD0A2B02D1325D0D2AF3E7335508
:10E80000F4E7324629462046FFF707FFF0E700BF4E
:10E81000284803002F010180CC2C002013B5CDE93E
:10E820000021FFF77DFEDDE9002140B90BF0F4FB8C
:10E83000092303604FF0FF34204602B010BD036887
:10E840001B699847041EF7DA0BF0E6FB644204608C
:10E85000F0E7FFF7E3BF38B50D46FFF761FE04466A
:10E8600030B90BF0D9FB092303604FF0FF3038BDFE
:10E870000368DB699847002814BF4FF400534FF436
:10E8800000436B60236820469B6A984728610020FC
:10E89000EDE7FFF7E0BF00001FB503900CF0CEFBE3
:10E8A000039A034620B9009003490448FFF71AFC75
:10E8B00005B05DF804FB00BF644803001F01018040
:10E8C0000CF0BCBB0CF0C2BB0CF0C0BB0CF0BEBB70
:10E8D00010B504460B48FBF7FDFC00F0CDF90A4AE1
:10E8E0004023002152F8040BA04208BF42F8041C48
:10E8F000013BF7D10348FBF7EDFCBDE8104000F009
:10E90000D9B900BF4C2D0020E804002010B51248F2
:10E91000FBF7E0FC00F0B0F9104B032453F824207F
:10E920007AB10134402CF9D10BF076FB1823036047
:10E930000948FBF7CFFC00F0BDF94FF0FF3420464B
:10E9400010BD4FF0FF32044843F82420FBF7C2FC0F
:10E9500000F0B0F9F3E700BF4C2D0020E8040020E0
:10E9600010B50446FFF7D2FF002807DB044B054A29
:10E9700043F8204000231354034A135410BD00BF32
:10E98000E8040020CC2C00200C2D002073B5064696
:10E990000191FFF7E5FF051E13DB0199FFF76EFEFE
:10E9A000044630B9084B53F82520964204D143F869
:10E9B0002500204602B070BD0BF02EFB092303603A
:10E9C000F7E70024F5E700BFE80400200EB42DE9C6
:10E9D000F04187B00190FFF799FF041E13DB00237D
:10E9E0000199039304A8FEF777FD04A8FEF7C4FD80
:10E9F0001E4E054668B90BF00FFB1323036046F863
:10EA000024504FF0FF34204607B0BDE8F04103B07A
:10EA1000704704A8FEF79EFD074604A85FB1FEF705
:10EA2000A2FD0390039B124A46F82430002313559D
:10EA3000104A1355E7E7FEF784FD05460028DAD0B3
:10EA4000036804A8D3F80880FEF770FD0D9B02460A
:10EA500003A92846C04705460028E3D00BF0DCFA9E
:10EA60006D42056046F82470CBE700BFE804002043
:10EA7000CC2C00200C2D002070B50E461549054603
:10EA80000DF092F9044618B9FFF74AFD204670BD13
:10EA9000114928460DF088F920B90120FFF740FD03
:10EAA0000124F3E70D4928460DF07EF920B9022034
:10EAB000FFF736FD0224E9E72B78402B02D1D5F889
:10EAC0000140E3E726F480312846BDE87040FFF7B7
:10EAD0007DBF00BFF4480300FB480300EC4803007F
:10EAE00010B5044620B90F490F489022FFF7D8F817
:10EAF0004C22002104300CF0EBFE4FF20413236093
:10EB00004FF0005323614FF4802323624FF48013AE
:10EB10002364064B1B68636002232372044BE3608B
:10EB200010BD00BF1D4903002A49030000ED00E0AD
:10EB30005860010070B50446FEF7ECFB0646FEF790
:10EB4000D3FB05463046FEF7CFFB431BA342F9D368
:10EB500070BD00001FB50023CDE90013031D04465E
:10EB60000293684610230393F9F7DCFA206020B97A
:10EB7000034904483522FFF793F804B010BD00BFE5
:10EB80004E4903005D49030010B503490446FFF7F1
:10EB9000E1FF204610BD00BF6149030010B50446E7
:10EBA000FFF7D8FF204610BD0068F9F7D3BA10B5BB
:10EBB00004460068F9F726FB204610BD10B49DF806
:10EBC00004400CB942F0020200685DF8044BF9F70A
:10EBD000EFBA07B5009313460022FFF7EFFF03B02B
:10EBE0005DF804FBFFF7F5BF13B5FFF709F9F9F777
:10EBF000F7FC094B1A6818608242084A82BF116804
:10EC000001311160116801910446FFF70FF9019974
:10EC1000204602B010BD00BF842D0020802D0020B2
:10EC20001FB5002303620D4B002908BF1946031DC1
:10EC300002931C230446039368460B23009101931F
:10EC4000FAF7F4F9206038B9FFF746FA20B9044919
:10EC500004483D22FFF724F804B010BD81490300A9
:10EC6000B1490300BB49030010B500210446FFF77A
:10EC7000D7FF204610BD000037B504464FF0FF31E6
:10EC80000068FAF7EBF9054620B9236A01332362DD
:10EC900003B030BDFFF720FA03460028F8D103493E
:10ECA000034800932A46FFF71DFA00BFDF4903001F
:10ECB00015010280036A013B13B503620068FAF78D
:10ECC000E5F9044648B1FFF707FA034628B9009072
:10ECD000034904482246FFF705FA02B010BD00BF01
:10ECE000F14903001701028010B504460068FAF7E5
:10ECF000E5F9204610BD00001FB504460023CDE90C
:10ED00000033231D104602936A4610230393FAF73B
:10ED100003FB206020B9034903483722FEF7C0FFF8
:10ED200004B010BD1B4A0300294A030010B54FF67A
:10ED3000FF720446FFF7E0FF204610BD13B50068E0
:10ED40000C46FAF701FB024670B1C11C4FF00000FF
:10ED500006D15CB10090064906480023FFF7C2F9CE
:10ED6000931CF7D102B010BD0120FBE72046F9E764
:10ED7000384A0300140102800068FAF70DBB10B591
:10ED800004460068FAF736FB204610BD08B538B1D6
:10ED9000F9F774F820B103490348E322FEF780FF36
:10EDA00008BD00BF674A0300FB4A0300FAF7C0BF73
:10EDB0002DE9F047DDE9085799466B07044618BF6F
:10EDC00025F00706884692464FF000014FF04402B6
:10EDD00000F178000CBF2E4608360CF079FDB5FA2C
:10EDE00085F300215B0984F83C30616184F83D10B3
:10EDF000202204F11C000CF06BFD4D44074BC4F8BD
:10EE000030A0AD1B25F00705002F08BF1F46E562A7
:10EE1000A761A662C4F83480BDE8F0870A4B0300FE
:10EE200013B5049CCDE9003413460A460021FFF7D0
:10EE3000BFFF02B010BD70B500F15405044628466E
:10EE4000FFF71AFF04F140006669FFF795FF002302
:10EE5000636194F83D302BB100242846FFF72AFF68
:10EE6000204670BD012384F83D30002EF4D030469A
:10EE7000FAF774FF0446F0E713B5044654300190E6
:10EE8000FFF7FAFE636901983BB19C6B1B6BE41AB8
:10EE9000FFF710FF204602B010BD1C46F8E7000047
:10EEA00010B50D4B03600446FFF7C5FF94F83C30E6
:10EEB0002BB1A06A08B1FFF709FD0023A36204F19A
:10EEC0005400FFF711FF04F14000FFF758FF201D29
:10EED000F1F7B8FA204610BD304B030010B50446D8
:10EEE000FFF7DEFF2046BC21FFF7EEFC204610BDF9
:10EEF00070B5044600F1540528460E46FFF7BCFEE7
:10EF0000636913B994F83D302BB12846FFF7D2FE60
:10EF10006FF0030070BDA36A53B124490023E26A75
:10EF2000B3EB920F18D2A26A42F823100133F6E72E
:10EF3000E06A1F4B1F49984294BF20F003004FF036
:10EF4000FF30FFF7BDFCA0620028E6D12846FFF79E
:10EF5000B1FE6FF00400DDE74423636204F178033F
:10EF600023623146201DF6F73BF9134804F11802DD
:10EF70002146FAF7B1FE606190B994F83C302BB1AC
:10EF8000A06A08B1FFF7A2FC0023A3622846FFF79E
:10EF900091FE04F14000FFF7EFFE6FF00200B9E7C9
:10EFA0002846FFF787FE0020B4E700BFA52E5AE2EF
:10EFB000FBFFFF7F084F0300BDEF010010B50446C3
:10EFC0000430F6F775FA04F15400FFF755FE0023FC
:10EFD0006361012384F83D3004F14000BDE8104036
:10EFE000FFF7CABE4FF08043D3F8383413F0010066
:10EFF00004D013F0020F14BF0220012070477047A5
:10F0000008B5FFF7EFFF012804D0FFF7EBFF831EE1
:10F010005842584108BD70470123037270470023CE
:10F02000037270477047000000487047384C030077
:10F0300010B5F4210446FFF747FC204610BD08B583
:10F040000023437203F0EEF908B103F079FD03F0F9
:10F05000DFF918B1BDE8084003F094BD08BD03F026
:10F0600049BA70B5044608464900C9B201EBD0114F
:10F070000C264E4306F11C056119002534444D60F1
:10F080008D60C4E9072303F04BFAB0FA80F0400921
:10F0900070BD70B5044608464900C9B201EBD011F5
:10F0A0000C254D4305F11C01214400262C444E60E3
:10F0B0008E60C4E907231BB9636A43F001036362EE
:10F0C00003F02EFAB0FA80F0400970BD002003F082
:10F0D0009BBA084603F098BA03F059BB13B514461F
:10F0E0000846019103F09AFD0198A1B203F0A8F936
:10F0F000019802B0BDE8104003F0ECB901F07F03C5
:10F10000082B07B5084603D0019103F0CDFA01980A
:10F1100003B05DF804EB03F04FBD084603F09EBA60
:10F1200010B508460C4603F0A5FA10B1204603F0CE
:10F13000C9FD204603F0B8FA204603F03DFD204605
:10F14000BDE8104003F06ABD084603F0D1BB0000E3
:10F15000036810B59B690446984703F07FF820B117
:10F16000074908488422FEF79BFD04F047F96368CD
:10F170000BB1FFF78FF8044A00236360136010BDE2
:10F18000964B0300A84B0300902D002008B50123E7
:10F190004372FFF727FF012810D103F039F908B9AE
:10F1A00003F06CF8FFF71EFF022807D103F03AF9CD
:10F1B00020B9BDE80840012003F0FEB808BD0000FA
:10F1C00038B51E4B802204460D46C3F88420BFF399
:10F1D0004F8FBFF36F8F43680BB9FFF745F865603A
:10F1E000002004F0E7F820B1582215491548FEF731
:10F1F00057FD154804F01EF9144803F027F9054699
:10F2000008B16422F1E7402103F01AF9402180207F
:10F2100003F016F90E4B0F4A1C600F4B0F491D707F
:10F22000D2F8303543F00103C2F83035272000F022
:10F2300027FABDE8384004F003B900BF00E100E060
:10F24000964B0300A84B03007C4C0300A9F501007A
:10F25000902D0020007002408C2D00200DF6010042
:10F2600013B50B4601BBFAB990F9121000291BDA4D
:10F27000802003F0DDF978B1164AD2F8003243F06D
:10F280000403C2F80032144B01221A70134B80227F
:10F29000C3F8042102B010BD114B01221A60BFF364
:10F2A0006F8FBFF34F8FEEE7002400F11C01C0E920
:10F2B00007324462019103F029FA0199204603F0D4
:10F2C0002FF90028E6D00749074840F24312FEF71D
:10F2D000E7FC00BF007002408C2D002000E100E040
:10F2E00050700240964B0300A84B030010B50B462C
:10F2F00009BB02BB018B19B190F9121000291ADB6E
:10F30000002003F095F970B1164AD2F8003243F0AC
:10F310000403C2F80032144B01221A70134B8022EE
:10F32000C3F8042110BD124B01221A60BFF36F8F86
:10F33000BFF34F8FEFE70024C0E90A3200F1280144
:10F3400004631AB9036B43F001030363802003F0E5
:10F35000E7F80028E6D00749074840F27112FEF7A7
:10F360009FFC00BF007002408C2D002000E100E0F7
:10F3700050700240964B0300A84B0300044A026001
:10F38000002242600281827201220274704700BF33
:10F39000C44B030010B50B4C2378BFF35B8FDB0726
:10F3A0000ED42046FFF780F850B10748FFF7E6FF7C
:10F3B0002046FFF79BF8054A05490348FFF761F827
:10F3C000014810BD882D0020942D0020000200204F
:10F3D000FFEF010010B5044603F08CF803F0D4F9F8
:10F3E000064A00238021A372C2F88411044A1360E4
:10F3F000BFF36F8FBFF34F8F10BD00BF00E100E080
:10F40000FF6F0340034B8022C3F884215A6004F04D
:10F4100017B800BF00E100E0837A012B10B5044665
:10F420004FD1037B062B1DD8DFE803F0150E04092E
:10F430001C3D220040680368DB6901212CE0406824
:10F440000368DB69002127E0FFF7C4FF60680368F9
:10F450009B68984706E0037A23B14068E189036816
:10F460001B6A98470023A372BDE81040FFF7CABF8C
:10F47000C37B002BF6D1807B03F0FCF80028F1D190
:10F4800094F90E206068A17B0368002A06DA4A0618
:10F4900001D15B69DDE79B6A9847E3E709B91B691E
:10F4A000D7E75B6AF8E7802003F00CFC002003F04C
:10F4B00009FC04F1120003F007F960680368DB68D7
:10F4C000C7E7022B1ED1037C012B0FD0022B11D0DA
:10F4D000002BC7D1437A002BC4D002F099FF08B9A2
:10F4E00002F0CCFE606803689B69A6E74068036889
:10F4F0009B69A7E702F096FF0028B3D1012002F034
:10F500005BFFAFE7032BADD194F912204068002ACE
:10F510000368BEDAC3E70000044B8022C3F88420EE
:10F52000BFF34F8FBFF36F8F03F091BF00E100E097
:10F5300013B50C46FFF7F0FF402C28BF4024A1B2C2
:10F540000020019102F07CFF0199802002F078FFF9
:10F55000FFF758FF204602B010BD37B515460446E8
:10F560000191FFF7D9FF082D2A46019828BF0822EC
:10F5700004F112010CF0AEF803B0BDE83040FFF723
:10F5800041BF000010B50446FFF7C6FF054B2268D7
:10F590001B685868DA6001229A720368BDE810405F
:10F5A000DB6A1847902D0020024B1B680BB1FFF758
:10F5B000E9BF7047902D002010B50446FFF7ACFF5F
:10F5C000054B1B6858681C7402229A720368BDE8D8
:10F5D0001040DB6A184700BF902D0020024B1B68CB
:10F5E0000BB1FFF7E9BF7047902D002010B5FFF772
:10F5F00093FF054B1B68586803229A720368BDE8A5
:10F600001040DB6A184700BF902D002010B5074C52
:10F61000227832B1064B1B680BB1FFF7E7FF0023DE
:10F620002370BDE8104003F0A7B900BF8C2D002067
:10F63000902D00200749084A084B9B1A03DD043B24
:10F64000C858D050FBDC064880470648804706482B
:10F6500000470000EC5B03000002002020100020A7
:10F66000C1F601004904020041010100FEE7FEE786
:10F67000FEE7FEE7FEE7FEE7FEE7FEE7FEE7FEE762
:10F68000024B103043F82010704700BF00000020EC
:10F69000024B103053F82000704700BF00000020DC
:10F6A000054B1B68082B01BF044B1868B0FA80F0AB
:10F6B000400918BF002070473001001034010010CD
:10F6C00008B5FFF7EDFF40B14FF080430022C3F8CB
:10F6D0000C21C3F81021C3F83825FFF7E1FF0028FB
:10F6E00046D04FF08052644BD2F80414C3F8201572
:10F6F000D2F80814C3F82415D2F80C14C3F828154E
:10F70000D2F81014C3F82C15D2F81414C3F830151D
:10F71000D2F81814C3F83415D2F81C14C3F84015E5
:10F72000D2F82014C3F84415D2F82414C3F84815AD
:10F73000D2F82814C3F84C15D2F82C14C3F850157D
:10F74000D2F83014C3F85415D2F83414C3F8601545
:10F75000D2F83814C3F86415D2F83C14C3F868150D
:10F76000D2F84014C3F86C15D2F84424C3F87025BD
:10F77000FFF796FF10B1414B414A1A60FFF790FF27
:10F7800018B1404BFB22C3F81825FFF789FF48B199
:10F790003D493E4B0A681B6822F00F0203F00F033D
:10F7A00013430B60FFF77CFF18B1394B4FF4007225
:10F7B0001A60FFF775FF48B14FF08043D3F800247B
:10F7C000D20744BF6FF00102C3F80024314AD2F8D7
:10F7D000883043F47003C2F88830BFF34F8FBFF313
:10F7E0006F8F4FF01023D3F80022002A03DBD3F8E9
:10F7F0000432002B2FDA284B0122C3F80425D3F85A
:10F800000024002AFBD04FF010221221C2F800126F
:10F81000D3F80024002AFBD04FF010231222C3F8A3
:10F8200004221D4B1A46D3F800140029FBD00021F6
:10F83000C3F80415D2F80034002BFBD0BFF34F8F70
:10F840001449164BCA6802F4E0621343CB60BFF35D
:10F850004F8F00BFFDE7124B124A1A604FF08043F2
:10F8600001220021C3F81825C3F804119A60D3F8C7
:10F870000421002AFBD008BD00C000408C56004087
:10F880004881030000F00040E40E004058020010E0
:10F890004096024000ED00E000E001400400FA055F
:10F8A000EC0500200090D0030D4B1A6882B042B1E5
:10F8B00000221A601B680B4A0193019B13680133F5
:10F8C0001360094B1A68094B0AB91A7832B11A78D1
:10F8D0000AB100221A7002B0FDF7E4BA02B0704714
:10F8E000041101408C2E002044110140882E00207C
:10F8F000F0B5234D2A7885B062B1224B00221A6000
:10F900001B680193019B204B4FF40032C3F808237E
:10F9100005B0F0BD4FF08043C3F8042101229A6086
:10F92000D3F80421002AFBD0174C184B18490026A5
:10F930000127666011201F60FFF7A2FE114BC4F87B
:10F9400008651E601B680393039B124B1E601B68B7
:10F950000293029B4FF00213C4F848330223C4F809
:10F9600004330D4B4FF400324021C4F8082383F8D0
:10F970001113C3F880211A6027602F70C8E700BFF9
:10F98000892E002044110140001001400410014064
:10F99000A9F801000411014000E100E0094B012237
:10F9A0001A60094A4FF40033C2F80833074AC2F814
:10F9B0008030BFF34F8FBFF36F8F054B00221A705B
:10F9C000704700BF041001400010014000E100E05A
:10F9D000892E002073B504460E461546FEF710FA30
:10F9E000114B24F07F40D3F80445A04204D00134E9
:10F9F00024F07F44844202D1023020F07F4006F59B
:10FA0000A87643F82600D3F804232A4006D10749F4
:10FA10000A600A680192019AC3F8045302B0BDE873
:10FA20007040FEF703BA00BF0010014044110140CE
:10FA3000024803780BB101F089BB7047F005002044
:10FA4000024B012200201A7001F08EBBF00500204D
:10FA5000024B1878B0FA80F040097047F00500209A
:10FA6000134930B4D1E90025C0F1200405FA04F4AB
:10FA7000A0F12001C240224325FA01F10A4302F01D
:10FA80000104002554EA050203460ED0094A115C20
:10FA9000C1F30012890703D51AB930BC03F020BAAC
:10FAA0001AB130BC184603F069BB30BC704700BFC8
:10FAB000802F0020502F00201F288BBF00F01F0335
:10FAC00003461C4A4FF0A04203F5E07330B452F8ED
:10FAD0002330194AC3F30143032BD2E90035C0F1A7
:10FAE000200405FA04F4A0F1200223FA00F343EA0B
:10FAF000040325FA02F243EA020303F001044FF083
:10FB000000050CBF0121022154EA050310D00B4B64
:10FB100001291B5C09D113F0400F09D0084B094A99
:10FB20001B6852F8200030BC184713F0200FF4E790
:10FB300030BC704700030050882F0020502F002059
:10FB4000902F0020902E00202DE9F74F5249534E60
:10FB50000B5C044613F0010FC3F300100246884605
:10FB6000C4F12007A4F1200502D1002800F0838011
:10FB700018F804309B07214601D5002A60D00020E8
:10FB8000ADF805009DF8063023F003038DF806302C
:10FB900003238DF8043018F80430C3F3810C634656
:10FBA000012B01D0032B2AD18DF805C052B33C4A5A
:10FBB00001A9204603F0FAF93A4AD2E9003202FAE2
:10FBC00007F1E3400B43EA40134303F0010A4FF00F
:10FBD000000B5AEA0B03814609D018F804305A0684
:10FBE00001D49B0603D50121204603F05BFAB9F14D
:10FBF000040F15D12C492D489822FEF751F88DF8A5
:10FC00000500D3E71F2C9DF8053086BF284A04F075
:10FC10001F014FF0A04201F5E0719B0042F8213036
:10FC2000012020FA07F300FA05F51D43A040D6E9AC
:10FC3000004320432B43C6E9000303B0BDE8F08F27
:10FC40001F2C88BF1A4BADF8042094BF4FF0A0437F
:10FC500004F01F02D3F804358DF8060098BF224641
:10FC6000D34003F0010301A920468DF8053003F0CD
:10FC7000C7F88146BBE7012000FA05F520FA07F72F
:10FC8000A040D6E900433D4324EA000023EA0505ED
:10FC9000C6E90005D1E700BF502F0020802F0020CB
:10FCA000B9FA0100882F0020BA4C0300C54C0300AC
:10FCB000000300504B1C10B50446017014D0C9B2AB
:10FCC0002F2904D909490A485422FDF7E9FF0949B7
:10FCD0000620FFF7D5FC03F04FF8074994F9002000
:10FCE0008B5C43F001038B5410BD00BFBA4C030082
:10FCF000E34C0300F5310200502F002008B590F9C5
:10FD00000000421C04D1104910485F22FDF7C8FFD3
:10FD10000F4B1B5C9B070DD51F288ABF0D4B4FF067
:10FD2000A04300F01F00D3F8043523FA00F000F0E0
:10FD3000010008BD1F288ABF064B4FF0A04300F00A
:10FD40001F00D3F81035F0E7BA4C0300AD360300BE
:10FD5000502F00200003005038B5044690F90000F1
:10FD6000431C0D4604D10A490A48AE22FDF798FF0C
:10FD7000C0B2FFF775FE94F90000074B1A5C65F3FB
:10FD800083021A54BDE83840C0B2FFF7DDBE00BFA1
:10FD9000BA4C0300AD360300502F002038B504469E
:10FDA00090F90000431C0D4604D10A490A48B922C3
:10FDB000FDF776FFC0B2FFF753FE94F90000074B42
:10FDC0001A5C65F341021A54BDE83840C0B2FFF72F
:10FDD000BBBE00BFBA4C0300AD360300502F00205D
:10FDE0002DE9F04198464B1C07460C4616461FD09D
:10FDF000CDB22F2D04D90F490F48CB22FDF750FF6C
:10FE000002F0BAFF2846FFF72BFE0C4B195D21F0DC
:10FE10001C0141F010011955094B3C6043F8248046
:10FE2000084B28461E60FFF78FFE0020BDE8F081DA
:10FE30000846FBE7BA4C0300E34C0300502F0020B8
:10FE4000902E0020902F002010B50446006803F08B
:10FE500095F92068064B1A5C6FF304121A54054B8F
:10FE6000002243F82020BDE81040C0B2FFF76CBE6E
:10FE7000502F0020902E002000680F4930B401223E
:10FE8000A0F12003C0F1200422FA04F402FA03F3E3
:10FE90002343D1E9005482402A432343C1E900238C
:10FEA000064B1B5C5A0601D49B0603D530BC0121CE
:10FEB00003F0F8B830BC7047882F0020502F002086
:10FEC00000680C4930B40122A0F12003C0F12004E5
:10FED00022FA04F402FA03F32343D1E900548240E6
:10FEE00025EA020224EA030330BCC1E9002303F03F
:10FEF00023B900BF882F0020F0B4204C0368D4E958
:10FF00000057C3F1200607FA06F6A3F12004DD40EE
:10FF100027FA04F435432543002405F0010627465B
:10FF200056EA0705164D05D0EC5C14F0600F14BFBF
:10FF300001243C46012912D1003AE95C18BF012294
:10FF400062F38611E954EB5C13F0600314BF0122E5
:10FF50000022A2420FD05BB1F0BCFFF78DBF022997
:10FF6000F1D1003AE95C18BF012262F34511E9E7DB
:10FF7000F0BCFFF7A5BFF0BC704700BF882F002082
:10FF8000502F002000280DDB4309012200F01F0044
:10FF900002FA00F02033044A42F82300BFF34F8FE7
:10FFA000BFF36F8F704700BF00E100E0F0B5066857
:10FFB000044689B0304600F095F9844205D12369A2
:10FFC000022B02D1237D002B3BD02E4D2146304603
:10FFD00000F080F90223236155F83630D3F800355C
:10FFE000F70053B194F824306BB32748384401909C
:10FFF00004F0C4F8019804F043F8244B53F82600A9
:020000022000DC
:1000000040F30730FFF7BEFF94F8253094F9050060
:1000100094F90410FBB194F826301B4D0691002290
:100020005B083D44CDE90420039303A90723284638
:10003000ADF81C208DF81E3003F09AFF284604F01E
:1000400069F809B0F0BDE819019003F059FD019875
:1000500003F070FDD1E7A36805930723ADF81830CE
:10006000A369CDE903013D444BB1094A234603A9E5
:10007000284603F0ABFC284603F032FDE1E71A46C0
:10008000F5E700BF684D0300804D0300784D030085
:10009000950002000378012B0FD0022B0FD083B9FB
:1000A00008230B62D1E907321A420CD08B6953B195
:1000B00000228A6101220A7518470423F1E7102300
:1000C000EFE70223EDE7704770B50E46154604468C
:1000D00004F048F9184B0268B3FBF2F3174A2946BB
:1000E0003046136000F008F9012804DD1449154872
:1000F0007E22FDF7D5FD00234FF0CC72C4E9022328
:1001000001222275104A206011782671C4E9063355
:10011000657123612362A38484F8263051B10B49B1
:1001200013700320FFF7ACFABDE8704008490420C3
:10013000FFF7A6BA70BD00BF40420F00F4050020D3
:100140003C4D0300464D0300F10500200D43020025
:100150001943020090F8253063B9084B99420ADD33
:10016000074B9942D4BF4FF080614FF0CD6101231E
:100170008160037570474FF0CC71F8E78FD00300B2
:100180007F1A0600F7B51C46012303750768019224
:100190000E46FFF70BFF0848019A2346C6F34701B6
:1001A00000EBC70003F093FD00280CBF20464FF082
:1001B000FF3003B0F0BD00BF684D0300F0B51C4632
:1001C00085B001230375076803920E46FFF7EEFE24
:1001D0000A98039AB0FA80F0400900900748234635
:1001E000C6F3470100EBC70003F056FD00280CBF23
:1001F00020464FF0FF3005B0F0BD00BF684D030052
:10020000C368003918BF01214BB190F8253080F840
:100210002430012380F825100375FFF7C7BE0B4675
:10022000F5E7000010B50368064C04EBC304204654
:1002300004F010F818B9204603F0FCFF10BD0320AD
:10024000FCE700BF804D030073B50E4D066805EB5B
:10025000C6042046CDE9001203F0FCFFDDE90012E0
:100260000028F6D0204603F0C1FF204604F012F823
:100270000028FAD155F83630D3F83C05C0B202B0A8
:1002800070BD00BF804D030073B50E4D066805EBD1
:10029000C6042046CDE9001203F0CCFFDDE90012D0
:1002A0000028F6D0204603F07DFF204603F0E2FF51
:1002B0000028FAD155F83630D3F84C05C0B202B058
:1002C00070BD00BF804D03000121017580F826201C
:1002D000FFF76CBE0228DCBF014B43F820107047CB
:1002E000942F00200228DABF024B53F820004FF071
:1002F000FF307047942F00202B4B70B5002204462E
:10030000184693F900506E1C03D193F90160013631
:1003100012D0A5422CD193F901508D4228D100EB87
:10032000C202224D506800EB4002AB18AC54FF22D1
:1003300059709A70431C1AD11C4B93F900008442E7
:100340001A4607D193F901508D4203D193F9023037
:10035000013326D092F903309C420CD192F904501B
:100360008D4208D192F90550013504D1012070BDAC
:1003700001320833C5E75578284095782840FF2892
:100380000DD01079034050790340FF2B09D1012390
:10039000580018441518145469701846E7E70023EC
:1003A000F6E70020E3E700BF384B0300F805002024
:1003B000234B70B500220446184693F90060751C63
:1003C00013D093F90150B5F1FF3F0ED0A64220D1D2
:1003D0008D421ED100EBC2021A4B506803F8104048
:1003E00003EB4003461C597017D1164B93F90000DC
:1003F00084421A4603D193F901308B420CD092F912
:1004000002309C420AD192F903508D4206D101205C
:1004100003E001320833D0E7002070BD5578284052
:10042000FF280BD0D0780340FF2BF0D1012302F836
:10043000134002EB430218465170EEE70023F6E743
:10044000404B03000106002010B5074A074811463B
:100450000023013350F8044B41F8044B402BF8D1F2
:10046000034B9A6010BD00BF000000200000010097
:1004700000ED00E000F0B2BD0023435082B04358CD
:100480000193019B02B07047074A28235843131871
:100490000021597413581A6A22B1586A800701D58D
:1004A000D8691047704700BF08300020074A28234A
:1004B000584313180021597313581A6A2AB1596AFC
:1004C000C90702D5D86901211047704708300020BC
:1004D000084A2823584313180021D9735973135815
:1004E0001A6B2AB1596B490702D504219963104749
:1004F000704700BF0830002008B5114B024653F882
:100500002000104BC0F808334FF4A671FFF7B4FF7A
:100510004FF48871FFF7B0FFD0F8003223F02003CA
:10052000C0F80032084B282101FB0232012313746A
:10053000002382F824301023C0F8043308BD00BF24
:10054000304E03001000080008300020184B2DE941
:10055000F04153F82040174FDFF85C80C4F808835F
:10056000282303FB00F57E190435706900F033FE83
:100570002023B3614FF4A6712046FFF77DFF4FF4AF
:100580008871FFF779FFD4F8003243F02003C4F8F4
:10059000003200233D440122B374C4F8345533744F
:1005A000C4F8382586F82430C4F80483BDE8F08107
:1005B000304E0300083000201000080008B5174B2B
:1005C0001A7832B100201870154BDB7BF3B1FFF7BE
:1005D0007FFF144B1A781AB100201870FFF754FFF0
:1005E000114B1A7842B100221A700D4B93F8373034
:1005F00001207BB1FFF76CFF0C4B1A786AB1002227
:100600001A70BDE808400120FFF73EBF1846FFF70B
:100610004DFFDEE7FFF74AFFEEE708BD5A30002046
:1006200008300020583000205B3000205930002076
:1006300040B9074B01221A70064B4FF48012C3F8E1
:10064000002170470128FCD1034B1870F4E700BF6C
:100650005A30002000E100E05B300020484B2DE9DB
:10066000F74F044653F82000D0F810219846CAB13D
:100670004FF48871FFF700FF2827424907FB04F277
:100680008B188B461D7C002D3FD00020187498736A
:100690008B58DA6B32B1196CC80503D54FF48071F1
:1006A0005964904758F82450D5F84C31FBB1D5F82F
:1006B0001031E3B94FF4A6712846FFF7DDFE314A49
:1006C00028236343191D1344987C80F001000144E2
:1006D000186A0A44C5F83425411C4FF00102C5F8D8
:1006E000382504D09969032947D902F04FFCD5F881
:1006F00020313BB128464FF49071FFF7BDFE2046F4
:10070000FFF796FF03B0BDE8F08F9F7CD0F83CA5C3
:1007100087F001019974BAF1000FC3D0174402F1B8
:1007200018090437D9445F441E46706901A900F0D6
:1007300074FD68B117F8013B037001A9706900F0FE
:1007400096FD013501214846FDF7D9FAAA45ECD1BD
:10075000282303FB04BB9BF81130002BA2D10123FB
:10076000094A8BF811304FF4801124B907480370FF
:10077000C2F8001196E70648F9E783F82420B6E7A7
:10078000304E03000830002000E100E05830002027
:10079000593000200120FFF761BF0020FFF75EBF46
:1007A0002DE9F341044628B95749584840F24222FE
:1007B000FDF776FA41684D1C10D01F2987BF544AB7
:1007C00001F01F030B464FF0A0420120984003F5B3
:1007D000E073C2F80805032042F82300A268501C09
:1007E0000CD01F2A8BBF02F01F03134648484FF05E
:1007F000A04003F5E073002540F823502368454EE0
:1008000056F82300C0F80C15C0F81425227D012AE3
:1008100015D1E268511C0CD01F2A8BBF02F01F01BA
:1008200011463B4D4FF0A04501F5E071002745F81A
:1008300021704FF0FF31C0F80815C0F81025364D73
:100840002169282707FB03531A6A91424ED0187F6B
:1008500002F0B8FE20B140F26F222B492F48A7E7E3
:10086000236807FB03531B6A013302D0206902F09F
:1008700037FB2069431C33D0294902F0C1FA08280C
:1008800006D1206902F02CFB2549206902F0B8FA54
:1008900010B140F28622E0E72368206956F8231061
:1008A000282707FB035201F5887192F81C800191FB
:1008B00002F05EFB01990246404602F04DFE10B187
:1008C0004FF42372C9E7236807FB0353187F02F034
:1008D00063FE10B140F28F22BFE7206902F036FBC1
:1008E0002368282202FB035523692B622368217D9C
:1008F00056F82320637D0B43C2F86C35A369C2F818
:10090000243502B0BDE8F081CA4D0300D74D030085
:1009100000030050304E030008300020A84B0300B5
:100920002A4E030070B5044628B91A491A484FF4F4
:100930003C72FDF7B5F90568184E28226A43B118D4
:10094000B258824202D192F82C3083B12046FFF790
:1009500027FF28236B432846F450002384F82C30CB
:1009600094F82D304BB1BDE87040FFF7C5BD92F84B
:100970002D200B7C4AB93BB12846FFF7E7FD084B19
:1009800053F8253001221A6070BD002BFCD1284697
:10099000E9E700BFCA4D0300D74D0300083000202F
:1009A000304E03002DE9F84F88461746044628B913
:1009B0005749584840F23732FDF772F9564B574DB8
:1009C0001A78002A5ED000221A7002F00FFA08B9D5
:1009D00002F0D2F9524E53491420FEF751FEE023A3
:1009E00086F814334FF48013C6F880313360DFF893
:1009F0006C914D4901232122484600F0D9FB002388
:100A0000C5F8149049482B6002F078FD814620B16A
:100A10004FF456723E494648CEE7464B46494FF0A2
:100A2000FF3AC5F820A00220C3F808A3FEF728FE6D
:100A3000042386F80293C6F880313360DFF820B1D2
:100A40003E4901232122584600F0B2FBC5F8289008
:100A50003B48C5F83CB002F051FD814610B140F270
:100A60006E32D7E7374BC5F848A03749C3F808A31B
:100A70002820FEF705FE4FF4807386F82893C6F809
:100A80008431736039464046FFF792FC2823434384
:100A9000EA18206096680136012E96601ED12B4A16
:100AA00052F820000822C0F800250C334FF0FF3226
:100AB000C0F80C251D44C0F814254FF08052C0F832
:100AC00024254FF49071C0F84455C0F84865FFF7ED
:100AD000D3FC8660D0F81C31002BFBD01C4BA361EB
:100AE0004FF0FF33C4E903330023A3822362194B81
:100AF0009C4208BF184A4FF00103C4E9018708BFB0
:100B0000136084F82C302046BDE8F84FFFF70ABF89
:100B1000CA4D0300D74D0300050600200830002011
:100B200000E100E0BD050200A02F002024300020DD
:100B3000A84B0300002000409B070200D42F002098
:100B40004C3000200080024095070200304E030028
:100B5000005027005C300020C8300020C42F002047
:100B6000F82F002008B528B9104911484FF47572C4
:100B7000FDF796F80F4B0268282101FB02318B68C4
:100B80006BB1013B8B6053B90B4951F82210C1F88E
:100B90000035012122B9094B1A601A68196008BD95
:100BA000074A136013681160F9E700BFCA4D0300DC
:100BB000D74D030008300020304E0300FC2F0040CA
:100BC000FC8F024008B528B93449354840F202424A
:100BD000FDF766F8B1F5166F39DBB1F5965F39DBD5
:100BE000B1F5165F39DBB1F5615F38DBB1F5964FD2
:100BF00037DBB1F5E14F36DB47F61123994234DD9F
:100C0000B1F5164F33DBB1F5614F33DBB1F5963FEC
:100C100033DBB1F5E13F33DBB1F5613F32DB214B33
:100C2000994232DDB1F5E12F32DBB1F5612F32DBD4
:100C30001D4B9942D4BF4FF070614FF080518369D2
:100C40008B421EBF0123816180F82C3008BD4FF418
:100C50009E21F4E74FF41D21F1E71449EFE7144911
:100C6000EDE71449EBE71449E9E71449E7E74FF4E6
:100C70000001E4E74FF41D01E1E74FF46B01DEE70B
:100C80000F49DCE74FF0EB71D9E74FF06C71D6E715
:100C90004FF08061D3E74FF0E861D0E7CA4D030021
:100CA000D74D03008FD003003F420F0000B0130068
:100CB0000050270000F03A0000A04E0000C0750070
:100CC00000903A0108B528B91549164840F2424249
:100CD000FCF7E6FF082904D01149134840F24742C7
:100CE000F6E712F0FD0F04D00D4910484FF4896269
:100CF000EEE7012B04D00A490D4840F24942E7E7EC
:100D0000417D31B11AB9427580F82C3008BD0E29E9
:100D1000FCD0022AFAD10E2343750123F4E700BF69
:100D2000CA4D0300D74D0300DB4D0300EA4D03001D
:100D30001B4E030008B528B90F49104840F26A421B
:100D4000FCF7AEFFB3F1FF3F03D0012908BF4FF01E
:100D5000FF33C360531C03D0022908BF4FF0FF329A
:100D6000003918BF01210123017580F82C30026180
:100D7000BDE80840FFF7D6BDCA4D0300D74D0300BC
:100D800008B528B90449054840F2D642FCF788FF67
:100D9000C0E9072108BD00BFCA4D0300D74D0300BD
:100DA000F8B50E4628B91149114840F2EB42FCF75C
:100DB00077FF0129446A0CBF012502258AB12C4323
:100DC00044620768FFF7AEFD012E0DD1094B53F8C1
:100DD0002730D3F81C313BB13846BDE8F840FFF767
:100DE00027BC24EA05044462F8BD00BFCA4D0300D5
:100DF000D74D0300304E0300F7B528B91A491B48F8
:100E000040F21452FCF74CFF0022056880F82D20B8
:100E1000174CFFF787FD282202FB054256697289AD
:100E2000F38892B29BB29A42F9D001A9304600F001
:100E30002EFA01A90746304600F054FA28235D43F4
:100E400005F1180001212044FCF747FF631993F8CE
:100E500024202AB10022186A83F8242002F096F890
:100E6000387803B0F0BD00BFCA4D0300D74D030072
:100E70000830002038B50C4628B91549154840F20D
:100E80004552FCF70DFF0568FFF74CFD124B53F878
:100E90002500D0F81C31002BFBD04FF48E71FFF7EA
:100EA000EBFA0E4A28236B43D1180C33134401226A
:100EB000C0F844350C73C0F848254FF49071FFF723
:100EC000DBFA4FF48073C0F80433826038BD00BF92
:100ED000CA4D0300D74D0300304E030008300020F8
:100EE00010B528B90B490C4840F26D52FCF7D8FEFA
:100EF000002280F82D200468FFF714FD074B2822FC
:100F000002FB043463695889DB88C01A18BF0120CA
:100F100010BD00BFCA4D0300D74D030008300020AC
:100F200008B528B90C490D4840F28A52FCF7B8FEC2
:100F300002680B49282303FB02135B7BDBB243B936
:100F4000084B53F82230D3F81C01003818BF012099
:100F500008BD0020FCE700BFCA4D0300D74D0300C9
:100F600008300020304E03000E4B1A6942F0100288
:100F70001A61F1EE102A22F09F02E1EE102AF1EE42
:100F8000102A094A4021C2F884114FF08042012101
:100F9000D16740BF20BF5A68044B134003B920BF3C
:100FA000704700BF00ED00E000E100E03FF0439E2D
:100FB0000748027808B512B1064B01221A60FFF704
:100FC000D3FF037813B1044B01221A6008BD00BFA0
:100FD000CC3000200490004000900040704700009A
:100FE00000487047384E030073B5214E214A3178CE
:100FF000214C51B10023136013680093009B4FF400
:101000008033C4F8083302B070BD1C4B01251D604D
:101010004FF48033C4F80833D4F8043523F00303C5
:10102000C4F80435D4F8103523F00F0343F004035B
:10103000C4F81035D4F8083543F00303C4F8083574
:10104000C4F840151160136801930D49019B0920F4
:10105000FEF716FB0B4B402283F809234FF4007276
:10106000C3F880211A60084B25601D603570CAE7FF
:10107000CC3000204091004000900040049000409F
:101080001DD3010000E100E044900040024B01222A
:101090001A60D3F8000570474490004013B5044629
:1010A000FCF7AEFE0A4AC2F84045D2F8043313F406
:1010B000803308D107490B600B680193019B4FF403
:1010C0008033C2F8043302B0BDE81040FCF7AEBE76
:1010D0000090004040910040024B4FF40072C3F872
:1010E0000021704700E100E0024B4FF48032C3F86A
:1010F0000823704700900040044B002282B01A6021
:101100001B680193019B02B0704700BF40910040F3
:101110000A4A01231360D360094B4FF48032C3F8AD
:101120000823084B4FF40072C3F88020BFF34F8FA1
:10113000BFF36F8F044B00221A7070470490004079
:101140000090004000E100E0CC30002072B6054A7B
:101150001378191E18BF012101330170137000208C
:10116000704700BFCD300020044B20B11A78013AFF
:101170001A7000207047187062B6FAE7CD30002070
:1011800010B5034653E8002F02EA010043E80004CB
:1011900094F0000FF6D110BD10B5034653E8002FB0
:1011A000A2EB010043E8000494F0000FF6D110BD5B
:1011B00010B561B1B2FBF3F403FB1424A4B244B93B
:1011C000C0E9001484608281C381204610BD0E20D6
:1011D000FCE70920FAE782B050E8022FC188B2EBA1
:1011E000324F4FF0000317BF92B241EA014142EA89
:1011F000014104E04268B2EB324F08BF012340E8EE
:101200000212002AE8D18DF807309DF80730002B34
:101210000CBF1120002002B0704737B550E8013FE5
:101220009DB2C48925448489A54228BF2D1B048909
:10123000A54202BFBFF32F8F002207E0C5EA0305D6
:1012400040E80154002CE9D14FF001028DF8032051
:101250000193019B9DF803200B6002F0FF0322B174
:101260000B880068184403B030BD1846FBE70A88B5
:101270004B889A4209D150E8012FC2EA024240E865
:101280000123002BF7D1012070470020704737B5AC
:1012900050E8023F1FFAA3F5C488A54202BFBFF37E
:1012A0002F8F00220DE0C48925448489A54228BFE0
:1012B0002D1BC3EA054540E80254002CE8D14FF04D
:1012C00001028DF803200193019B9DF803200B6020
:1012D00002F0FF0322B14B880068184403B030BD10
:1012E0001846FBE70A884B889A4209D150E8022F3A
:1012F000C2EA224240E80223002BF7D101207047C6
:101300000020704770B5064D0646002455F8043B92
:101310000BB1304698470134042CF7D170BD00BFA3
:10132000DC3000200B4A0C4B5188142000FB0131AB
:10133000CB6833B90420496810700122074800F0D7
:10134000EABB07490523137002238B800122096839
:101350000023F3E7F43000200C3100200C100020B3
:101360004831002007B5002305490093054A096864
:101370000548082300F0A1FB03B05DF804FB00BFA3
:10138000483100204C4E03000C10002007B500230C
:1013900001460093034A0448082300F08EFB03B083
:1013A0005DF804FB444E03000C10002013B500232D
:1013B0000C4600930146084A0848042300F07DFBD0
:1013C00038B90749142303FB04140123237402B022
:1013D00010BD0E20FBE700BF404E03000C100020A4
:1013E0000C31002037B50A480A4B42689C881968BE
:1013F00053880325033305709BB2002000909B00A7
:1014000001EB8401044800F058FB03B030BD00BF7D
:10141000F4300020483100200C10002043880333B2
:1014200000EB8303994209D382884FF6FF739A42F7
:1014300006D00088B0FA80F040097047022070475B
:101440000120704738B5144B14220D4602FB0030C2
:101450002B68446804F58051A3B15C88033403EB26
:1014600084048C4215D22368013312D02046FFF742
:10147000D5FF012808D002280BD00028F1D12C601C
:10148000012038BD0834ECE76388033304EB8304A0
:10149000E7E70020F5E700BF0C310020426873B594
:1014A00004460D4662B3234BD9688A4228D31B6990
:1014B0009A4225D812F0030322D11F4900890989D5
:1014C00088421DD120689168884219D11B4948681B
:1014D000824203D900F5805082420DD389698A4245
:1014E0000CD901F580518A4208D201222A80B3FA30
:1014F00083F0400902B070BD1A46F7E70A23F6E709
:1015000000232B801E460196288801A9FFF79AFF29
:1015100030B92B8801339BB2012B2B80F3D9E9E73B
:10152000019B226899689142EED16360024B1B894E
:101530002381DFE70C100020F43000200C31002064
:101540002DE9F8431C461C4B1B7806460F461546F2
:101550006BB372B36CB3DFF868804FF01409A388E3
:10156000012B01D90A2020E009FB03F318F803300E
:101570002BB9A0882146FFF765FF20B92060A3881A
:101580000133A380EBE723681EB19988328891422A
:10159000EFD11FB119883A889142EAD19A68C5E91A
:1015A0000023064B1B892B810020BDE8F883022015
:1015B000FBE70520F9E700BFEC300020F430002005
:1015C0000C31002008B5074B5888191DFFF73AFF6A
:1015D00018B1BDE80840FFF705BFBDE80840FFF7B8
:1015E000A1BE00BFF43000202DE9F04FA14FDFF87D
:1015F000A89289B00646B8463B6823B99E4849463A
:10160000FFF745FE3860D8F8005029784B1E052BAF
:1016100007D8DFE813F021007900790009010901FA
:101620005D010F241422002103A80AF051F941F6AC
:101630001D539C4208BF0024D8F8003004941A7847
:10164000013A052A00F2EF81DFE812F0DB01DF0149
:10165000FF010F021B02250226B1884B00225A60AF
:101660000124DFE72B79032B1DD8DFE803F01502F7
:101670002A3583490B78022B084619D00B7D022BA3
:101680004FF0010316D114225343C2180020C8544E
:101690005068FFF77BFE03E001232B71FFF762FE2A
:1016A000002800F0BC80754B00225A600E24B9E778
:1016B0000023E8E7714A13700023536041F61D547C
:1016C000B0E770497048002302222B718A800968B4
:1016D000012200F020FAE3E76A4C00262E71206810
:1016E000674DFFF753FE694BD4F800C05A881423A6
:1016F0005343EA18EE5451682160A188C2F804C02F
:1017000011810222A280CBE7B5F814A0AA7DDFF8F0
:1017100070B1AEB1022AEB8806D9142101FB0AB1DF
:10172000DA1C088902440A81142202FB0ABAC3F5B2
:101730007F43BAF80A20FD331344AAF80A308FE732
:10174000142303FB0AB318895C6804EB8004062A9F
:1017500068D8DFE802F0274D35431D59040041F6F3
:101760001D54AA7DEB88022A06D9142101FB0AB177
:10177000DA1C088902440A81142202FB0ABAC3F562
:101780007F43BAF80A20FD331344AAF80A3049E728
:101790003F48404900234360AB690360FFF77EFE8A
:1017A000002859D00223AB75002300930423EA18C4
:1017B0002146354800F081F9002830D00E24D0E7CA
:1017C0002B69002B14BF03230123AB750023009367
:1017D00005F10C02042304F10801EAE70123AB75CB
:1017E0000022EB8800922A699B0004F10C01E0E7DB
:1017F00003290CBF05230623AB75002300930423A4
:1018000005F10802E118D4E70623AB75214B1988CE
:101810001F4B5868FFF7CAFD04460028A1D109B044
:10182000BDE8F08F0F249CE7002E7FF419AF2B79D1
:10183000012B33D0022B3FF441AF002B7FF4F1AEEC
:1018400002232B710DF10A01EB68039303A8CDE984
:101850000466FFF723FE08B90A24E3E60498BDF8FE
:101860000A108388EB8003882B81FFF79FFD0446D5
:1018700027E000BF0831002034310020EC30002088
:101880000C310020483100200C100020F4300020E2
:10189000D03000205031002004310020DFF810A2A9
:1018A00003AA53463146A81DFFF74AFE044660B915
:1018B000BAF804100498FFF779FD04460A2C3FF4A7
:1018C000FDAE002C7FF4AEAEA9E7CAE90066F5E7ED
:1018D000002E7FF4C5AE714B1A7BBAB11E731A7815
:1018E000013A062A3FF69DAE01A151F822F000BF51
:1018F00097190200BD190200DB190200E11902006C
:1019000023160200E7190200F91902001A78072AC3
:10191000E5D801A151F822F039190200DF180200C0
:10192000DF1802005F190200731902009319020008
:10193000931902005B1902001A89594901321A8170
:1019400000225A801A730A78B2FA82F252099A7205
:101950000A7DB2FA82F25209DA72012207E0514995
:1019600058688A884088033202448A8002221A70AA
:10197000B5E74B4C5A884B49142505FB02420868D1
:10198000546850608888108102228A800C60062288
:10199000EDE70722EBE79A7A32B9DA7A8AB90022C0
:1019A0001A705A805A6089E63D4900229A72CA68C4
:1019B000002AF2D1097C0029EFD05A80FFF702FEFD
:1019C00055E70022DA72364A116A0029E7D192F807
:1019D0002420002AE3D00122EFE7FFF703FD46E7CA
:1019E000FFF7A0FC43E72E4A5B88142101FB032389
:1019F0005868FFF7CBFC3AE700225A60FFF7B2FCC9
:101A000035E700238DF80C300DE001228DF80C2015
:101A10001A89ADF818209A88DB680593ADF81A206A
:101A200000238DF81C3003A8FFF76CFC0026494604
:101A30001D48C8F80060FFF755FC1C480121FFF75E
:101A4000ABFB00287FF4D8ADE9E602228DF80C202C
:101A50001A89ADF818209A88ADF81A20DA689B7DAB
:101A600005929A1F53425341DBE703228DF80C2065
:101A7000DA88ADF818201A89DB68ADF81A200593CA
:101A8000D1E704228DF80C20DB88ADF81830002354
:101A9000ADF81A30F3E70523B4E700BFF4300020B7
:101AA0000C31002048310020343100204431002026
:101AB000543100204068FFF797BD2DE9F04108B38D
:101AC00002B3D0F800E0BEF1000F1ED0FBB14568B4
:101AD000D5F80480B3FBF8F508FB1535BDB942EA2B
:101AE000010C1CF0030F14D1C568A94211D34D1E7F
:101AF000EC180569AC420CD8DEF80C40A446BDE8F1
:101B0000F04160470E20BDE8F0810820FBE7092086
:101B1000F9E71020F7E7F0B5D8B1D0F800C0BCF174
:101B2000000F18D0CAB14768D7F800E00EF1FF37B0
:101B30000F4214D1C768B94211D304694D1E0EFB80
:101B40000255A5420BD8DCF81040A446BDE8F04091
:101B500060470E20F0BD0820FCE70920FAE71020BE
:101B6000F8E7FCF74DB9FCF761B900F1804000F5EA
:101B70001C3001230360BFF36F8FBFF34F8F70479B
:101B8000054B1B68082B05D1044B1868003818BF9B
:101B90000120704700207047300100103401001010
:101BA00030B54C680D689C4229BFC0E90053002144
:101BB000E41AED1832BFC0E900514C600D60934249
:101BC00003D1201E18BF012030BD0020FCE74B6868
:101BD00010B59A420C6828BF1A46C0E90042981A0C
:101BE0000B6848601A4400380A6018BF012010BD15
:101BF00030B54C680B68A24228BF2246002A14BFA9
:101C00001D460025C0E90052A4EB02041A444C60B2
:101C10000A6014BF0120002030BD0000054B10F009
:101C2000800FA3F1900208BF134600F00F0003EBF2
:101C300000107047F831002010F0800F14BF00230F
:101C4000102300F00F00184470470000024A0023E0
:101C50001360024A137070471C7C02405D31002003
:101C600007B5094A00231370084AADF80530137010
:101C70008DF8073001238DF80430054B01A81B684F
:101C8000984703B05DF804FB5C3100208C320020E3
:101C9000883200204B68934228BF134670B51D461A
:101CA000094B0C4606462A460968184609F012FDFB
:101CB000C6E9000560682268401B60602A4400385D
:101CC000226018BF012070BD943200204B689342FF
:101CD00028BF134670B506460D461C468BB10A4B0D
:101CE00009682246184609F0F5FC30606B6874609C
:101CF0001B1B6B602B68201E23442B6018BF012028
:101D000070BD0360F2E700BF9432002008B5FFF712
:101D10009DFF084B93F89E20032A06D1BDE808409A
:101D200005486FF00101FFF72BBAD3F89030002B74
:101D3000F4D008BD68310020603100200A4AD2F892
:101D40006834C2F86834BFF36F8FBFF34F8F01213F
:101D500003B9704793FAA3F2B2FA82F201FA02F2DF
:101D600023EA0203F4E700BF0070024007B5002336
:101D70008DF804300B4BD3F82025ADF80620D3F8AE
:101D8000C034094A002B13680CBF4FF480714FF028
:101D900001210B431360054B01A81B68984703B052
:101DA0005DF804FB0070024064310020883200209E
:101DB00013B5124C0122236802FA01F10B43236090
:101DC0000F4B1B68194003060DD551B906238DF83A
:101DD00004308DF806008DF807100A4B01A81B6827
:101DE000984702B010BD0029FBD106238DF80430BE
:101DF0008DF806008DF80720EFE700BF6431002062
:101E0000603100208832002008B5054B1A78104652
:101E1000FFF712FFBDE8084001461046FFF7C8BFB4
:101E20008C32002008B50146FFF710FFFFF7F6FEE1
:101E3000837B032B0BD10846FFF7FEFE012303FA39
:101E400000F0C143BDE808400348FFF799B90368B3
:101E5000002BF0D008BD00BF603100208720FFF7C5
:101E6000E1BF8620FFF7DEBF8520FFF7DBBF8420C0
:101E7000FFF7D8BF8320FFF7D5BF8220FFF7D2BF7F
:101E80008120FFF7CFBF00002DE9F04F5A4B87B0FC
:101E90001A780093002A5AD1DFF878A1DFF85CB1F4
:101EA000564BDAF8005019680D4050D095FAA5F558
:101EB000002D4FD0B5FA85F30F2B1D464CDDA5F153
:101EC0001004E4B22046FFF7A9FE4FFA84F8B8F1F7
:101ED000000F8289064604F0080940DAD0E9003193
:101EE00004A8984700B93060454B82221A60009BD5
:101EF000059A049801211970B368A940DBF80050D5
:101F0000134425EA0101B8F1000FB360CBF80010CB
:101F10003C4B04F00F045DDAB9F1000F52D0C3F866
:101F2000A006C3F8A426042000EB8400FFF71DFEE2
:101F3000354B364A13EA280838BF904638F8143033
:101F400003F1804303F51C331A68002AFCD007B064
:101F5000BDE8F08F2025B2E743F08004B2E72949BD
:101F6000B9F1000F27D0D1F8C03413F4803F18BF67
:101F7000002371683768019304A8B847049A002ABF
:101F8000B0D0059A019B9A42ACD201214FF00208D1
:101F9000A94086F80E80C9435046FFF7F1F80623A2
:101FA0008DF80C301A4B8DF80E401B688DF80F80A1
:101FB00003A8984774E704F00F0303F5947351F8EE
:101FC0002330D6E7142101FB0433C3F80006C3F81D
:101FD0000426A8E7B9F1000F05D0C3F8A007C3F89D
:101FE000A4272820A0E7142101FB0433C3F800072D
:101FF000C3F80427F5E700BF5D31002064310020FD
:102000001C7C0240007002405E4E03007A4E0300CA
:10201000883200206031002037B50446FFF716FEF5
:10202000FFF7FCFD837B032B0DD12046FFF704FE59
:10203000012303FA00F0C1430F48FFF7A1F8FFF7AF
:1020400023FF03B030BD0568002DF8D12046FFF70F
:10205000F3FD012303FA00F0C1430748FFF790F8AE
:1020600006238DF80430054B8DF806401B688DF86B
:10207000075001A89847E2E760310020883200202D
:102080000720FFF7C9BF0620FFF7C6BF0520FFF7EF
:10209000C3BF0420FFF7C0BF0320FFF7BDBF02206E
:1020A000FFF7BABF0120FFF7B7BF000007B5FFF782
:1020B000CDFD104B93F81E21032A07D10E486FF473
:1020C0008071FFF75DF803B05DF804FBD3F81031C1
:1020D000002BF8D16FF480710748FFF751F8062301
:1020E0008DF804308823ADF80630044B01A81B6836
:1020F0009847E8E7683100206031002088320020EE
:1021000007B5FFF7A3FD0D4B93F88E20032A11D0DE
:10211000D3F8803073B90A486FF08071FFF730F858
:1021200006238DF804300823ADF80630054B01A8CE
:102130001B68984703B05DF804FB00BF68310020BE
:102140006031002088320020244B13B5D3F80044BE
:10215000C3F80044BFF36F8FBFF34F8FBFF36F8F90
:10216000BFF34F8FE1050ED51D4B01221A700023DE
:10217000ADF805308DF8073002238DF80430194B87
:1021800001A81B689847A2050DD5154A00231370B6
:10219000ADF805308DF8073003238DF80430114B6E
:1021A00001A81B689847630516D50D4B1A789AB19C
:1021B00000221A70094B0121C3F808155820FFF7B7
:1021C000D4FC04238DF80430064BADF805201B68C1
:1021D0008DF8072001A8984702B010BD007002409A
:1021E0005C3100208832002038B51A4BD3F86C449B
:1021F000C3F86C44BFF36F8FBFF34F8FBFF36F8F84
:10220000BFF34F8FFFF7BCFC38B9134A136823F0B4
:10221000011103F001130C43136001251CB9BDE843
:102220003840FFF731BE94FAA4F171B1B1FA81F3ED
:102230000F2B19460BDDA1F11000C0B205FA01F316
:1022400024EA0304FFF7B4FDE8E72021F3E743F0B5
:102250008000F3E70070024090320020054B1A78AE
:10226000012A01BF044A00201060187018BF08201E
:10227000704700BF5E3100208832002038B5454BE2
:102280004FF40062C3F80024BFF36F8FBFF34F8F8A
:10229000FFF776FC404C78B10020FFF762FC216824
:1022A0003E4B032200296AD149F2753121601A6040
:1022B00021600020FFF757FC0020FFF752FC226846
:1022C000374DC023002A5CD149F2753222602B6061
:1022D00022600020FFF747FC2E4B0122C3F80025A7
:1022E000BFF36F8FBFF34F8FD3F800241205FBD5D8
:1022F0004FF40062C3F80024BFF36F8FBFF34F8F1A
:102300000020FFF72EFC2268002A3CD149F27533E9
:1023100023602A6023600020FFF725FC214B40F258
:10232000E3721A60043340221A60BFF36F8FBFF369
:102330004F8FA3F604038022C3F81C251A4B40F2EA
:10234000FF121A60194B00251D60FFF77FFC184B28
:102350001D70184B02221A70FFF712FCC0B12846FC
:10236000FFF7FFFB21680D4B81B949F275322260FE
:1023700019602260BDE838400020FFF7F4BB1A6006
:1023800097E72B60A5E700232B60C4E71D60F1E70A
:1023900038BD00BF0070024000EC064014ED06405E
:1023A00014EC0640007802406431002060310020C7
:1023B0008C3200205E31002008B5104B00221A70CC
:1023C000D0B9FFF7DDFB0E4B0E4A00280CBF1846B4
:1023D00010460D4B0D4AE021C2F8040383F8271381
:1023E0008021C3F8841159600123C2F80435BFF37A
:1023F0006F8FBFF34F8F08BD0148EAE75C310020C3
:102400000714E0010714C00100E100E00070024081
:10241000034B1878012894BF00200120704700BFAB
:102420005E310020044B1B78012B83BF034B58689F
:10243000C0F3C010002070475E31002000E100E0D2
:1024400008B5FFF7EBFB818108BD000073B50028DC
:1024500037D01E4B1C78002C35D11D4A106001224C
:102460001A702546264615F0080F65F07F00C0B2A9
:102470000CBF40214FF400710190FFF7E1FF01987C
:10248000FFF7CCFB0135092D867306608660EAD123
:10249000402100252046FFF7D3FF2046FFF7BEFB73
:1024A0000134E4B2092C85730560856002D10020F7
:1024B00002B070BD14F0080F14BF4FF4007140213A
:1024C000E8E70720F4E70820F2E700BF5E310020CC
:1024D00088320020064A10F0800F00F00F0314BF6E
:1024E000D2F81005D2F81405D84000F0010070476A
:1024F00000700240084B094AC3F8082341F2040265
:10250000C3F804230122C3F81025C3F81425BFF330
:102510006F8FBFF34F8F704700700240F8EB1F00C2
:102520002DE9F047074600208846FFF71AFB17F011
:102530000F0503D1294B1B78BB424AD1284B294AAE
:102540001C6816683846FFF777FBE443A4B24FF0E7
:102550000109344309FA00F914EA090492463AD110
:102560003846FFF75BFB0C2255433A0603462CD551
:102570001D4AD8F80010154401F06041D8F8082031
:10258000B1F1005F02F001021AD1BAB9174A1A601C
:1025900098E8070085E8070000229A609A735D605A
:1025A000134B46EA09068022CAF80060C3F80421EA
:1025B0000020FFF7D8FA2046BDE8F0870D4AE6E78D
:1025C0000AB90D4AE3E70D4AE1E70D4A15440D4A01
:1025D000DDE71024ECE71124EAE700BF8C3200208D
:1025E00064310020603100208CB80020CF1B020035
:1025F00000E100E0F11B0200951C0200CD1C02006E
:10260000F8B80020A11B020010F0080F074B06D0FD
:10261000D3F8C00410F4803F18BF0020704700F0CA
:102620000F0000F5947053F82000704700700240CE
:1026300008B5084B1A68084BD2431B6892B21A437C
:10264000FFF7FAFA012303FA00F0104214BF18460C
:10265000002008BD6431002060310020044B40F4AC
:102660008070C3F81805BFF36F8FBFF34F8F7047AB
:1026700000700240020713D400F00F0310F0800F27
:10268000084A0BBF03F5887303F5847302EB8303D9
:1026900052F8230008BF5868431E584258417047FB
:1026A0000020704700700240064BC3F80C05BFF3D2
:1026B0004F8F40F48070C3F80C05BFF36F8FBFF3EA
:1026C0004F8F7047007002400023036043600E4B41
:1026D000D3F880240270D3F884244270D3F888247D
:1026E000D3F88C1442EA01224280D3F89024D3F824
:1026F000941442EA01228280D3F89824D3F89C34BF
:1027000042EA0323C38070470070024008B5FFF718
:1027100037FA58B9EFF3108272B64C20FFF725FA5A
:102720004C20FFF722FA82F3108808BDBDE808406C
:102730004C20FFF71ABA000013B5FFF787FA0F4BCA
:102740009A7B032A07D10E486FF48031FEF718FDFB
:10275000FFF7DCFF10E01C68002CF9D108486FF48B
:102760008031FEF70DFD06238DF80430054BADF8E2
:1027700006401B6801A8984702B010BD68310020D0
:1027800060310020883200205020FFF7EEB954203D
:10279000FFF7EBB9F8B50446FFF7F2F90646204615
:1027A000FFF74AFA012303FA00F5174FED43AEB9DC
:1027B0003046FFF7D6F904F00F043868134B640075
:1027C000054004F2C5743D60043343F8044C1E60B8
:1027D0001B68BDE8F8400020FFF7C5B90020FFF7EF
:1027E000C0F9386814F0080205EA00053D60F0D130
:1027F00004F00F04064B04F5947443F82420BFF34F
:102800006F8FBFF34F8FE4E7643100200078024000
:1028100000700240F7B504460020FFF7A2F92046F9
:10282000FFF7FCF905462046FFF706FA012314F0EE
:10283000800F2A4E03FA00F317D1326833EA0201FF
:1028400009D02046FFF7A6FF0323AB730020FFF754
:102850008AF903B0F0BD22EA030229603260204AFF
:10286000106820EA03001060EEE7220711D4802CE4
:102870001C481D4A29D004F00F0101F2DA31490049
:10288000016011681068C9B241F002010143116092
:10289000126813493268086862EA00071F42D5D0FF
:1028A00022EA03021843002332602B600323AB7338
:1028B0008DF807300D4B086006221B688DF8042048
:1028C0008DF8064001A89847C0E740F2B471016056
:1028D00011681068C9B241F00401D7E760310020E7
:1028E00064310020007802400478024088320020E1
:1028F000FFF790BF1B4BF7B5D3F800221A4C1B4EC5
:1029000022F00402C3F80022D3F8805423683778F9
:10291000DA43174B1B6892B238461A43FFF78CF91B
:10292000012303FA00F0104202D03846FFF772FF8D
:102930006FF0011105F080050D483570FEF720FCA1
:10294000236843F0010323600023ADF805308DF8C0
:10295000073005238DF80430064B01A81B68984703
:1029600003B0F0BD00700240643100208C320020C2
:102970006031002088320020544B2DE9F041D3F81B
:102980000453002229460124164600297CD1FFF772
:10299000F7F8002869D14E4B1B78002B65D19602C1
:1029A00063D54C494B4E40F2A9730B604A4B1C68EF
:1029B00014F0FF041CBF1868044040F2AA700860BD
:1029C000186810F0FF001CBF1968084040F2AB7196
:1029D0003160196811F0FF01B4461CBF1E68314018
:1029E00040F2AC76CCF800601E6834403B4E08D014
:1029F00037682743376040F2A977CCF800701C6035
:102A00001C68344F40F2AD743C601C68204008D014
:102A1000346844EA0044346040F2AA743C601860B0
:102A200018682C4840F2AE740460186801400DD05C
:102A3000CC0748BF42F40002C806264840F2AB74F7
:102A4000046019601B6848BF42F00102336833F02C
:102A500001111CBF05F08070024313F0011F04D068
:102A60006B0544BF316042F480621D4F02F40006E2
:102A700022F400044FF00108D4B9FFF705FA1EB3A1
:102A8000BDE8F041FFF736BF164891FAA1F3B3FA5B
:102A900083F39F00384404FA03F307682FB10660FC
:102AA000BFF36F8FBFF34F8F1A4321EA03016CE727
:102AB00094FAA4F5B5FA85F557F8253008FA05F526
:102AC000984724EA0504D7E7BDE8F081007002408A
:102AD0005D310020007802400478024090320020EE
:102AE0008C4E030000710240F8B5134E134A34684F
:102AF0001268240C2404144301271CB940F2FF136C
:102B00003360F8BD94FAA4F585B1B5FA85F30F2BBF
:102B10001D460DDDA5F11000C0B2030701D4FFF77B
:102B200079FE07FA05F524EA0504E6E72025F1E732
:102B300043F08000F1E700BF6431002060310020E5
:102B400038B50E4C8025C4F8845163681B0613D534
:102B5000FFF7CAFF0A4B0022C3F80425BFF36F8FAB
:102B6000BFF34F8FC4F88450BFF34F8FBFF36F8F05
:102B70004FF0FF32C3F8082338BD00BF00E100E08A
:102B80000070024008B5FFF7DBFF094BD3F80423C0
:102B9000C3F808230022C3F80025BFF36F8FBFF3EB
:102BA0004F8FFFF753F8034B01221A7008BD00BF87
:102BB000007002405E31002038B5044604F00F0575
:102BC000FFF728FE64B2124A002C4FF00103B4BF95
:102BD000D2F81015D2F8141503FA05F36FEA0303BF
:102BE000B5BF0B400B40C2F81035C2F81435BFF327
:102BF0006F8FBFF34F8F074B074810EA240438BF8D
:102C00001C460123625D9340014AC2F8083338BD77
:102C100000700240704E0300544E030038B5254A40
:102C2000254B45B2002DA8BF134600F00F01044606
:102C3000585C224A4FF0010303FA00F0C2F8040383
:102C40002ADAD2F81005C840C00731D4D2F81005EE
:102C50008B400343C2F81035BFF36F8FBFF34F8F24
:102C600031B3002D24DB14F0080521D12846FEF7EE
:102C700078FF2046FFF78EFD2046FEF7DDFF104966
:102C800001220B6802FA00F023EA00030B602846D9
:102C9000BDE83840FEF767BFD2F81405C840C0074A
:102CA00006D4D2F814058B400343C2F81435D3E799
:102CB00038BD00BF704E0300544E03000070024048
:102CC00060310020020610B504460AD4030708D478
:102CD00000F00F02074B92009B58012B01D1FFF728
:102CE00059FD054BC3F81845BFF36F8FBFF34F8FE6
:102CF00010BD00BF447402400070024000F18040EB
:102D000000F5C040002382B0036003680193019B7B
:102D100002B0704703681F2B83BF03F01F030360DB
:102D200001484FF0A04070470003005007B50190E4
:102D300001A8FFF7EFFF019B00EB8300D0F80037FD
:102D400023F44033C0F80037D0F8003743EA01419C
:102D5000C0F8001703B05DF804FB0000054B4FF00E
:102D6000FF32072843F8202084BFC01880F868206D
:102D7000704700BFD432002010B5184C94F87E3054
:102D80004BBB04F140033021FF22013911F0FF0158
:102D900003F8012BF9D1C8B2FFF7E0FF0131102988
:102DA000F9D10F4B0022A2679A800E4BE02183F8E5
:102DB00006134021C3F8801119604FF4BE70FFF76D
:102DC0009DFF094B4FF00041C3F80413012384F821
:102DD0007E30104610BD0820FCE700BFD432002032
:102DE0004C33002000E100E000600040034B93F80A
:102DF0007E00003818BF0120704700BFD432002089
:102E000037B5354B1A18044692F94000013061D1AC
:102E10008878002852D01846002250F8045B01350B
:102E200046D1181980F84020002043F82200920073
:102E300002F1804202F5C0420B78D2F81055487872
:102E400025F499151B04000525F4F85500F48010AD
:102E500003F44033C2F8105503432002D2F8105552
:102E600000F47C5003432B43C2F810354A78019498
:102E7000012A01A826D1FFF74DFF019B9A40C0F817
:102E8000082501A80194FFF745FF019B134903F5AD
:102E9000E073032240F8232024FA02F2012304F015
:102EA000070003FA00F08B5C18438854002003E00D
:102EB0000132082AB1D1042003B030BDFE2382F8CC
:102EC0004030D3E7FFF726FF019A01239340C0F873
:102ED0000C35D6E70820EFE7D43200204C33002031
:102EE00037B5174C2518014695F84000072809D832
:102EF000FFF734FF95F94030124A03F5A273002022
:102F000042F823006318FF220F4D83F84020CC08BD
:102F100001F0070301229A402B5D13420DD001A856
:102F20000191FFF7F7FE019B03F5E073022140F8E2
:102F300023102B5D23EA02022A5503B030BD00BFE7
:102F4000D4320020006000404C330020074B18446E
:102F500090F940309B0003F1804303F5C043D3F860
:102F6000102542F00302C3F810257047D432002028
:102F7000054B184490F940008000C0B200F1804039
:102F800000F5C040704700BFD4320020064B184403
:102F9000012290F9403018339B00DBB203F18043EB
:102FA00003F5C0431A607047D4320020F7B53B4E9A
:102FB0003318054693F94030002B6CDA8B78C3F355
:102FC0004003002B0BBF082400241020082084425B
:102FD00002D1042003B0F0BD56F82470013743D16C
:102FE000701946F8242080F8404013B9331983F84B
:102FF00068508B785A0717D4D80737D501A80195A0
:10300000FFF788FE019B00EB8300D0F8003723F028
:103010000203C0F800372248EA0805F00707012339
:10302000BB40875C3B4383548B780A7813F00203E0
:1030300028D0A40004F1804404F5C0442D02D4F843
:10304000103523F44F3323F44073C4F810351204C1
:10305000D4F8103505F47C5502F4403215431D4375
:10306000C4F810550020B5E70134B0E701A84A784C
:103070000195FFF74FFE019B03F5E073920040F8C6
:103080002320C8E7083C344494F8705045EA821283
:1030900084F87020E6E708209CE700BFD4320020C7
:1030A0004C33002073B5224C2618054696F9402073
:1030B000072A1ADD224492F868309B09032B0FD1AE
:1030C000019001A8FFF726FE019BD0F81015D9400A
:1030D00001F0010102312846FFF728FE02B070BD61
:1030E000012B0CBF02210321F5E7D3B2072BF5D842
:1030F000930003F1804303F5C043D3F8100540F07B
:103100000100C3F8100502F14000800080B2FFF713
:10311000F5FD0029E2D096F9403054F82330002B19
:10312000DCD0012303FA02F2024BC3F80423D5E7F3
:10313000D4320020006000400E4B034493F940203D
:10314000072A02DD0021FFF7F1BDD3B2072B10D80B
:10315000930003F1804303F5C043D3F8101521F029
:103160000101C3F81015012303FA02F2024BC3F860
:1031700008237047D432002000600040F7B50446B1
:10318000FFF7DAFF1849194E0A19E50892F940309D
:1031900092F84020072A98BF03F5A2730A469EBF03
:1031A0001349002041F8230004F00703012199404E
:1031B000735D0B420DD001A80194FFF7ABFD019B9D
:1031C00003F5E073022740F82370735D23EA0101E1
:1031D0007155144494F84000FFF7C0FDFF2384F8B4
:1031E000403003B0F0BD00BFD43200204C3300208B
:1031F000006000402DE9F04F002489B0CDE9024481
:10320000624D4FF48072012102F1804303F5C04307
:1032100090B21B68012B06D1D5F804330B4202D0C3
:10322000FFF76CFD0C430432B2F5907F4FEA410189
:10323000EAD1574B1B68012B0ED14FF4BE70FFF73C
:103240005DFD4FF0A04344F00044D3F810350293E5
:10325000504BD3F81035039314F0FF0F1AD04E4F94
:1032600001260025264210D0AB0003F1804303F570
:10327000C043D3F81005D3F8101557F8253023B103
:10328000C1F30141C0F3052098470135082D4FEAED
:103290004606E7D1002C75DA04AF002304937B6067
:1032A0004FF0FF33CDE90633DFF8EC90DFF8EC8028
:1032B00000252E4618F9012B531C4AD0C2F3C20038
:1032C0000123D4B202F03F0B02F0070203FA02F22C
:1032D00008AB191811F8083C13423AD009EB0B035C
:1032E000A40993F9403059F823A0BAF1000F08D18E
:1032F000032C2ED117F800C04CEA020C07F800C0CE
:1033000001E0032CF6D001A8CDF804B0FFF702FDD0
:10331000019B11F8181C03F5E07C114250F82C00B9
:10332000C0F3014005D0022813D1032C0BD1214654
:1033300004E003280DD1032C05D102215846FFF7E4
:10334000F5FC0135EDB2BAF1000F02D02146584626
:10335000D0470136082EADD1A5B14FF0A043029958
:10336000D3F8102503F540739142D3F8103502D1FC
:103370000399994206D002920393049A059B069200
:10338000079393E709B0BDE8F08F00BF00600040ED
:103390007C61004000030050D43200204433002000
:1033A00000F180431A68002A1BBF00220120002080
:1033B0001A6070470F4B1A78D2B902784FF08041EB
:1033C000C2F34002C1F88025027802F00102C1F880
:1033D0007825094A1168C90706D4E02182F800134C
:1033E0000121C2F88011116001221A70002070477B
:1033F0008520704764B9002000E100E0084B0122FD
:10340000C3F88020BFF34F8FBFF36F8F054A0023AF
:103410001360054A1360054A1360054A137070472C
:1034200000E100E054330020583300205C330020DA
:1034300064B90020014B02681A6070475C330020B9
:103440004FF080434FF46072C3F8042370474FF08D
:1034500080434FF46072C3F8082370474FF08043F5
:1034600010B5D3F80443620707D54FF48470FFF713
:1034700097FF10B11E4B1B689847A30608D54FF461
:103480008A70FFF78DFF18B11A4B00201B68984710
:10349000600608D54FF48C70FFF782FF18B1154B0A
:1034A00001201B689847210608D54FF48E70FFF75E
:1034B00077FF18B1104B00201B689847E20508D52C
:1034C0004FF49070FFF76CFF18B10B4B01201B6895
:1034D0009847A3050AD54FF49270FFF761FF28B112
:1034E000054BBDE810401B680220184710BD00BF07
:1034F00054330020583300205C3300202DE9F84F6E
:10350000134DDFF8508007464FF0000A04264FF0B5
:1035100001095FFA8AFB002009FA0BF4FEF721FB90
:103520002C420AD0D8F8003014EA030201BF23432A
:10353000C8F8003087F800B016460020FEF713FBED
:103540001EB1A5430AF1010AE3D13046BDE8F88F68
:10355000FFFF0F006033002010B5A1B19AB1012325
:103560008340C3F3130484B10A4C246823420ED071
:10357000C00000F1804000F5F830C0F81015C0F828
:103580001425002010BD0E20FCE70720FAE70820D4
:10359000F8E700BF60330020012303FA00F0C0F316
:1035A00013031BB1054B1B68184204D0044BC3F82E
:1035B0000405002070470820704700BF60330020DA
:1035C00000F00140012303FA00F0C0F313031BB124
:1035D000054B1B68184204D0044BC3F808050020B3
:1035E00070470820704700BF6033002000F00140A2
:1035F000074B00221A6082B01B680193019B054BA8
:10360000D3F80805044B1B68C0B202B0184700BFCE
:1036100000D1004000D0004064330020002343501C
:1036200082B043580193019B02B070472DE9F047E7
:103630000E78089F9DF824A004460D469946002E5A
:103640005DD1D0F82431D2F800803BB14FF49271B3
:10365000FFF7E4FF012363612B7016E0D0F81C3103
:103660004BB34FF48E71FFF7D9FFD0F824311BB163
:103670004FF492712046EBE711688F4211D919F887
:103680000130C0F81C3501311160B84535D1D4F88E
:10369000043193B34FF482712046FFF7BFFF002639
:1036A00004E00123BAF1000F03D0C3613046BDE846
:1036B000F0874361E9E7D0F80831002BE5D04FF4FB
:1036C0008471FFF7ABFFD0F82431002BD0D1136801
:1036D0009F42DAD9D0F8181509F80310136801339E
:1036E00013607A1E934205D10223C0F800320123F1
:1036F0002362CAE79F42FAD1C7E70126D6E74FF413
:103700009271FFF78BFF4FF48E71FFF787FF4FF435
:103710008471FFF783FFBAE72DE9FF470C460546A2
:103720004FF4827120461F46384B039316469DF88E
:103730003080FFF773FF4FF49271FFF76FFF4FF484
:103740008E71FFF76BFF4FF48471FFF767FF002363
:103750000121C4F800326B6385F82E302162A1602C
:10376000DFB11378C4F81C3569632B68E3B905F140
:10377000340A05F12E09039B002B1FDC95F82E302F
:1037800053BB0020039B002B15DC0023C4F800353D
:103790000523C4F8003503200DE0B8F1000F01D077
:1037A000E161E2E76161E0E740F28623AB60AB688C
:1037B000C4F80433002004B0BDE8F087CDE90078F8
:1037C0003346524649462046FFF730FF0028D5D001
:1037D000039B013B0393CEE7D4F8C434C4F8C4344C
:1037E000002BCED013F0010F14BF4FF40240032082
:1037F00048F2012213F0020F18BF104613F0040F15
:1038000048F2022318BF1846BCE700BFA08601009B
:103810002DE9FF470C4605461E462046354B0393CF
:103820004FF482719046FFF7F9FE4FF49271FFF763
:10383000F5FE4FF48E71FFF7F1FE4FF48471FFF740
:10384000EDFE0023012E2F686B6385F82E3008BF34
:1038500002224FF001030CBFC4F80022C4F800326A
:1038600023622360AFB905F1340A05F12E09039BE9
:10387000002B18DC95F82E301BBB0020039B002B7F
:103880000EDC0023C4F800350523C4F800350320FE
:1038900006E040F28623AB60AB68C4F80433002036
:1038A00004B0BDE8F087CDE900674346524649467B
:1038B0002046FFF7BBFE0028DCD0039B013B0393AF
:1038C000D5E7D4F8C434C4F8C434002BD5D013F0F1
:1038D000010F14BF4FF40240032048F2012213F0FD
:1038E000020F18BF104613F0040F48F2022318BF4E
:1038F0001846C3E7A0860100F0B589B091F82C30D6
:1039000001938B6A00934B6A0C4601F134022E310D
:103910000746FFF78BFEE8B994F82EE0D4F820C0F4
:10392000BEF1000F1DD1207B831E012B19D8626AC6
:10393000A3699A4215D1E26963696262CCF34011CE
:103940000328A36284F82C1006D100912046394642
:10395000FFF7E2FE09B0F0BD39462046FFF758FFF9
:10396000F8E704F10C060FCE03AD0FC533682B60EA
:10397000BEF1000F17D0D7F8C434C7F8C4349A0783
:103980000DD501238DF8083000231CF0040F84F8B6
:103990002F30DFD1D4E9003102A89847DAE75B077E
:1039A000F2D50223EEE78DF808E0EDE70149024881
:1039B000FFF7A2BF683300200030004002494FF0FB
:1039C0004020FFF799BF00BFA43300202DE9F84F36
:1039D00004793F4D4FF03C0A0AFB04FA05EB0A0755
:1039E0009B4697F82D3080460E469146002B6AD1B3
:1039F000384B006853F8241000F094FC002864D180
:103A00003168737B87F838301F298CBF01F01F03A2
:103A10000B46B860C7F804B087F82F0087F830006D
:103A200003F5E07288BF2C4F45F80A9098BF4FF01D
:103A3000A04740F20C6347F8223072681F2A1F46E5
:103A40008CBF02F01F03134603F5E0738CBFDFF851
:103A500088C04FF0A04C4CF82370D8F80030C3F861
:103A60000815C3F80C25B268C3F82425B9F1000F76
:103A70001CD0317B43F307324901002AC3F30733DB
:103A8000C9B21BDB02F16046520906F5614692009D
:103A900002F1604286F8001302F56142012103F051
:103AA0001F0301FA03F3C2F8803113603C2303FBC8
:103AB0000454012384F82D30BDE8F88F074A03F041
:103AC0000F03D154F2E70820F6E71120F4E700BF16
:103AD00068330020F04E03000003005014ED00E0B6
:103AE000026803790521C2F80015044A3C2101FB54
:103AF0000323022283F82D20704700BF6833002083
:103B000003680A490279C3F80813D3F8001221F0B8
:103B10000301C3F800120021C3F80015044B3C2137
:103B200001FB0233012283F82D20704786420400F6
:103B30006833002070B50579234E3C236B4304465F
:103B4000F35893B103681A0B43F30733002B0CDBD4
:103B500002F01F015B0901228A4020331B4941F812
:103B60002320BFF34F8FBFF36F8F2046FFF7C8FFAF
:103B7000206800F0EEFB3C2303FB056393F838302C
:103B8000DBB92168D1F808351F2B86BF03F01F036E
:103B90000F484FF0A04003F5E073022240F82320C5
:103BA000D1F80C351F2B86BF03F01F0308494FF0D7
:103BB000A04103F5E07341F823203C2303FB056596
:103BC000002385F82D3070BD6833002000E100E04F
:103BD000000300502DE9F74F2D4E0779D0F80090E3
:103BE0002C4BC9F808333C2505FB0765C7EB071CC0
:103BF00095F82F308E46144606EB8C0C03F0FF0B25
:103C000033B1AB68C9F80433112003B0BDE8F08FBD
:103C100082F00403C3F3800385F82F302A628A46BA
:103C2000BAE80F0005F10C08A8E80F00DAF8003038
:103C3000C8F80030DEF80430AB62DEF80C206A62AF
:103C40009EF80110C9F888159EF80010012917D0B8
:103C5000A1B9C4F340143C2101FB0761604681F81F
:103C60002C4000944946FFF757FD3C235F43F2196F
:103C7000F359002BC9D182F82F30C6E70124EAE7B7
:103C800085F82CB049466046FFF7C2FDEDE700BF5E
:103C90006833002086420400F0B587B004460F4622
:103CA00015460021142201A81E4607F011FE9DF8BA
:103CB00030308DF80570002B14BF2022002201A99E
:103CC000204602960495FFF785FF07B0F0BDF0B5DA
:103CD00087B004460F4615460021142201A81E464F
:103CE00007F0F6FD0123002201A920468DF80430DB
:103CF0008DF8057002960495FFF76CFF07B0F0BDD4
:103D000000280DDB4309012200F01F0002FA00F039
:103D10002033044A42F82300BFF34F8FBFF36F8F65
:103D2000704700BF00E100E00023435082B04358D9
:103D30000193019B02B070474358002B10B50A460F
:103D400014BF0124002401D0FFF7EEFFA2F580701C
:103D5000800804FA00F010BD03680BB1084618474C
:103D6000704707B5002A8DF80010416808BF4FF46E
:103D7000807201920A4342606946FFF7EDFF03B08B
:103D80005DF804FB2DE9774E01238B7291F80990C1
:103D9000534D544E8A464FF482718346FFF7CCFF51
:103DA0004FF4927104465846FFF7C6FF4FF4A671D0
:103DB00004435846FFF7C0FF4FF4A8710443584628
:103DC000FFF7BAFF4FF4B27104435846FFF7B4FF50
:103DD0004FF4B47104435846FFF7AEFF5FFA89F918
:103DE0000443002C3AD0B9F1040F5ED8DFE809F0A3
:103DF000033E4D60680014F0020302D024F0020478
:103E0000EFE7610112D5E20258BF4FF001098DF8CA
:103E100000304CBF4FF002094B46694650468DF8C2
:103E2000043024F0C364FFF797FFDAE7A3010DD550
:103E300003238DF8003004F40023002B0BBF012373
:103E400000234FF003094FF00409E6E7DBF8D02424
:103E5000CBF8D02406215046FFF783FF00238AF8D1
:103E600009908AF80A3003B0BDE8708E1E4B14EA40
:103E7000030904D024F480144FF00209B1E7DBF801
:103E8000D024CBF8D0240221E5E714EA0509F6D0C6
:103E900001238DF80030DBF84C35DBB26946504623
:103EA0000193FFF759FF24F002044FF0000998E74F
:103EB00014EA06090DD024F400244FF0040990E719
:103EC00014EA050905D004238DF80030DBF83C35F1
:103ED000E3E7DBF8D024CBF8D0240521BBE700BF13
:103EE00002000006020008060200100610B4037962
:103EF00009490C225A438C188A5852B9A27A42B9FD
:103F000003EB430300685DF8044B01EB8301FFF70B
:103F100039BF5DF8044B7047E03300201F2886BF8F
:103F200000F01F00054A4FF0A04240F2026300F586
:103F3000E07043EA810142F820107047000300500E
:103F400003498B7A13B90348FFF71CBF704700BFC2
:103F5000E03300200030004004498B7D23B90C3150
:103F60004FF04020FFF70EBF704700BFE033002046
:103F70002DE9F84F3F4F90F804A00C2303FB0A7380
:103F80000C461B7A9046002B6DD106683A4B3046A2
:103F900053F82A1000F0C6F98146002866D14FF088
:103FA000FF3146F30735C6F80005C6F80815284660
:103FB000C6F80C15FFF7A4FEC6F80813217CA0680C
:103FC000FFF7ACFF617CE068FFF7A8FFD4E90023AE
:103FD00052EA03014FEA163B3ED0003A18BF0122D5
:103FE0000BB142F00202A17C002D4FEA41115FFAB1
:103FF0008BF3C9B232DB05F160406D0900F5614019
:10400000AD0005F1604580F8001305F5614501211B
:1040100003F01F0301FA03F3C5F880312B60D4E9E4
:104020000231C6F808352378C6F80C15C6F888356D
:104030002379C6F88C350C2303FB0AFA07EB0A0335
:10404000C6F8942500229A7247F80A805A72012213
:104050001A724846BDE8F88F0122C4E7074803F00A
:104060000F03C154DBE74FF00809F2E74FF01109E5
:10407000EFE700BFE0330020F84E030014ED00E04E
:1040800037B504680579D4F80C15D4F8080502ABE7
:1040900003E903004FF0FF310023C4F8003544F377
:1040A0000730C4F80815C4F80C15FFF729FEC4F84A
:1040B0000813009B002B0CDB009B1F2B86BF03F01B
:1040C0001F03124A4FF0A04203F5E073022142F8A9
:1040D0002310019B002B0CDB019B1F2B86BF03F0E1
:1040E0001F030A4A4FF0A04203F5E073022142F891
:1040F0002310204600F02DF905490C236B43C81806
:104100000022CA50027203B030BD00BF000300504D
:10411000E033002008B503464FF4827100681A7935
:10412000FFF702FE4FF49271FFF7FEFD4FF4A67108
:10413000FFF7FAFD4FF4A871FFF7F6FD4FF4B271E7
:10414000FFF7F2FD4FF4B471FFF7EEFD0C21094BC0
:104150005143595811B10849C0F804130921C0F856
:1041600000150C2101FB0233002202215A60197252
:104170005A7208BDE033002002021806026807499F
:104180000379C2F808130021C2F80015044A0C2173
:1041900001FB032301221A72704700BF02021806B6
:1041A000E033002030B5104C03790C2505FB0343A8
:1041B0001B7A022B11D101F06043B3F1005F0ED1E5
:1041C00093B293420DD10268DBB2C2F84415C2F833
:1041D000483501235363002030BD0820FCE7102040
:1041E000FAE70920F8E700BFE033002030B5104CB3
:1041F00003790C2505FB03431B7A022B11D101F037
:104200006043B3F1005F0ED193B293420DD10268C7
:10421000DBB2C2F83415C2F838350123136300202D
:1042200030BD0820FCE71020FAE70920F8E700BFBE
:10423000E033002010B50446FFF758FE2379044A06
:104240000C2101FB0323587A431E5842584110BDEC
:10425000E033002010B50446FFF748FE2379044AF6
:104260000C2101FB0323587AC31E5842584110BD4C
:10427000E033002010B50446FFF738FE2379044AE6
:104280000C2101FB0323587A831E5842584110BD6C
:10429000E033002010B50446FFF728FE2379044AD6
:1042A0000C2101FB0323587A031F5842584110BDCB
:1042B000E03300200E4B984211D0B0F1402F10D0C7
:1042C00003F5003398420ED0A3F5803398420CD00A
:1042D000084A094B90420CBF184600207047074817
:1042E000704707487047074870470748704700BF46
:1042F000003000400020004018340020F833002037
:10430000003400200834002010340020014B1B68CA
:10431000184700BFF8330020014B1B68184700BF47
:104320000034002070B50D46FFF7C4FF044608B9FD
:10433000002070BD0020FDF714FC267916B901237A
:10434000256023710020FDF70EFC002EF0D0112017
:10435000EFE708B5FFF7AEFF10B10023036003716C
:1043600008BD000000487047004F0300FBF7C0BACB
:10437000FBF714BB014BD3F8040570470010014054
:104380004FF400320121FBF725BB000008B5F9F717
:1043900037FD064B01221A70054B4FF40032C3F86B
:1043A0000021BDE80840F9F741BD00BF882E00207C
:1043B00000E100E0024B4FF40032C3F808237047DD
:1043C00000100140044B002282B01A601B68019368
:1043D000019B02B0704700BF4411014008680028EB
:1043E00008B51ADB90420AD95200904207D2002A3F
:1043F0000ADB0A60501CBDE80840FAF74DBA0130EC
:10440000BDE80840FAF748BA6FF000430B604FF080
:104410000040BDE80840FAF73FBA014800F0A8F8AC
:104420000C4F030050F8083B834202D01846FAF7BD
:1044300049BA7047521A012A03D002B9704707F0EF
:1044400049B90B7810B403705DF8044B704700BF96
:1044500088422CD02DE9F04180464E6858F8087B00
:10446000B84514BF82680F22B24282B00D4604469E
:104470000CD32EB1012E29681AD10B783B70276816
:1044800066600023BB5502B0BDE8F08102A941F887
:10449000046DFFF7A3FF07462068804501D0FAF7B7
:1044A00011FA019B2760A360002EE9D0E2E7704774
:1044B0003846324607F00EF92768E1E7F0B40B46BC
:1044C00000F10804046053F8082B93420AD00260FC
:1044D0008A6882604A6842600022C1E900320A723A
:1044E000F0BC70471F685E689D68DA68426187604B
:1044F000C6600561EEE700BFF8B5064608460F4600
:1045000007F0BEFD7568A842024628BF2A46044649
:1045100022B13946306807F0ABF800B9281BF8BD66
:1045200008B5042000F0FEFB024B0360024A034979
:1045300000F0CAFE0C500300A54D0200E84F030036
:1045400038B50546082000F0EDFB2946044601F089
:10455000EDF82046044A054900F0B6FE204600F07A
:10456000F9FB00F09BFD00BFBD550200EC500300BD
:1045700038B50546082000F0D5FB2946044601F071
:10458000E9F82046044A054900F09EFE204600F066
:10459000E1FB00F083FD00BF11560200F85003005C
:1045A000704700BF704700BF00487047244F0300AA
:1045B00010B504210446FAF787F9204610BD00BF64
:1045C0005028F8B51CD000F00F040C2C56D8DFE8AA
:1045D00004F0074151071F555555552723071F0064
:1045E000144654F8045B45B100F07006102E08BF65
:1045F00011460D44020648BF2D681D602046F8BDD7
:10460000033222F0030454F8045B1D602046F8BD19
:10461000144654F8085BE6E7144634F9025BE2E717
:1046200000252F46144614F801CB0CF07F06BE403F
:104630001CF0800F45EA060507F10707F3D11F2F8D
:10464000D1D81CF0400FCED04FF0FF3606FA07F756
:104650003D43C9E700252F46144614F801CB0CF062
:104660007F06BE401CF0800F45EA060507F10707EC
:10467000F3D1B8E7144634F8025BB4E705F0A6FCC2
:1046800000F07000202811D00BD9402806D0502807
:104690000AD030280DD1084602F08EBE084602F03E
:1046A0007BBE08B1102804D100207047084602F0F4
:1046B00087BE08B505F08AFCF8B50C4615460746D6
:1046C00008B102F069FE28602678FF2E04F101048B
:1046D00029D1686023782B75FF2B04F1010032D0BB
:1046E000102300242B75224610F8011B01F07F03D4
:1046F0009340090644EA030402F10702F4D4044497
:10470000EC6003786B7500240130224610F8011B21
:1047100001F07F0393401C430B0602F10702F5D41E
:1047200004442C61F8BD39463046FFF7A9FF224604
:1047300001462B1D3046FFF743FF0446601C2378DB
:104740002B75FF2BCCD10023EB60DAE72DE9F04F7E
:1047500000F0030499B00023012C884617460C93FF
:1047600000F096800DD3022C40F05F82394640461F
:1047700002F0FEFD002800F09B80092019B0BDE882
:10478000F08F0207F2D40123049318AA002342F801
:104790002C8D1946009238460C2202F079F83846E2
:1047A00002F000FE05900028E0D012AB1A460599F1
:1047B00006933846FFF780FF05469DF85C00FF280A
:1047C00000F0E5803946FFF75BFF044600230DF15A
:1047D000440B1946CDF800B00F223846149402F06D
:1047E00035F8119E169B26F001069D4206F1FF3614
:1047F00080F0D4800DF13C0A0DF140099DF85D4038
:10480000FF2C4FF0000103D02046FFF739FF01468F
:104810002A4620465346FFF7D3FE9DF85D40FF2C05
:1048200005464FF0000103D02046FFF729FF01465F
:104830002A4620464B46FFF7C3FE9DF85D40FF2CFD
:1048400005464FF0000103D02046FFF719FF01464F
:104850002A4620465B46FFF7B3FE00240546214664
:1048600015F8012B02F07F038B401C43130601F166
:104870000701F5D4129B0F9A1344B3421FD9049B2E
:10488000DB0700F19180049B1C0715D500F0DEFBCF
:1048900010F008041CD018AA44F0020442F82C1DA1
:1048A0003846009219460C22049401F0F1FF76E795
:1048B000082019B0BDE8F08F404600F0A9FA109A20
:1048C0001344B34200F28880169BAB4296D8D6E7D9
:1048D00012AB009306930D22234621463846D8F8A2
:1048E000205001F0B3FF129B9D4202D0022304939B
:1048F0004BE718AA234642F82C8D214600923846F1
:104900000C2201F0C5FFD8F830300393002BD3D030
:10491000D8F828301A46D8F82C3005930DF13C0A07
:104920000DF140091346002B1C46C0F227810325D8
:1049300018A9002341F8288D1A46009138461946D7
:1049400001F0A6FF002319460122CDF800A0384649
:104950000F9401F09DFF002319460F22CDF800901F
:10496000384601F073FF109B039ACDF8009003F0D6
:10497000010400231443384619460F22109401F015
:1049800087FF022D05D0072019B0BDE8F08F002465
:104990001CE7404600F0E0FB0720EFE6049BD90748
:1049A0007FF571AF0DF140090024039400231946EF
:1049B0000D22CDF8009038460C9D01F047FF059A76
:1049C000109BC8F82C20039AC8F83020C8E9095475
:1049D000C8F820300620D1E6119B002B3FF4C6AE6C
:1049E000139A9A180392002C00F0F080169B013C59
:1049F0002344002A3FF4BAAE002B00F0F880049A5A
:104A000012F00802099200F0038147214E2288F833
:104A1000001088F801205521432288F8021088F8F8
:104A2000032046214F2288F8041088F805205221DF
:104A3000002288F8061088F80720CDE90A7A0022BB
:104A40000792CDF820900024214600E02B461D4619
:104A500015F8010B00F07F028A40060644EA0204C2
:104A600001F10701F2D41F2905D8400603D5012220
:104A70008A405242144300263146A14613F8010FE2
:104A800000F07F028A401643020601F10701F5D4C7
:104A90001F2905D8470603D501238B405B421E43DF
:104AA000002C4CD04EDC04F1010ACAEB8A72159B33
:104AB00003EB820753F82210B8F1000F01D0099BD5
:104AC0002BB151B3002E00F08B80AB19BBE70C9BD0
:104AD000119329B991E057F8041F002900F08D8047
:104AE00039445B460022404600F0DEFA0028F2D04E
:104AF000E8E7E2005242DDE914131A44089BFFF78D
:104B00005FFD109949B1B8F1000FDBD00CAB00226A
:104B1000404600F0C9FA0028D4D0049BD8074A4682
:104B2000DDE90A7ADDF820903FF540AF099B002BC4
:104B30003FF4F8AE002CBFF6FAAE00F095FA012370
:104B40000793BFE79DF85C00FF283BD000F0070308
:104B5000042B6AD801A252F823F000BF774B020061
:104B60002B4C0200714B0200774B0200F34A02000B
:104B700062005242BFE7A2005242BCE701331D4629
:104B8000DDE905123846FFF797FD9DF85C00FF2828
:104B90001AD03946FFF774FDC5EB85729200159D5A
:104BA0001490AB58154433B12A46002352F8041F21
:104BB00001330029FAD10422C8E90C25C8E90A30DA
:104BC0000325B5E6002296E70020E5E7039B002BCE
:104BD0003FF4CCAD049BDA073FF5C8AD0225A7E64C
:104BE000DDE90739DDE90A7A002B3FF4BFAD049B0C
:104BF000DD073FF5BBAD0024F0E7049B0A9FDDF81D
:104C00002090DE075546DDF82CA03FF5CFAEB7E784
:104C100098F80720012A0CBF58F8202C08F15802F8
:104C20000C920AE700F072F930E605F0CFF900BF08
:104C3000F0B4224C6368A0F108061BB350F8087C5E
:104C4000F519AB421ED822D05968002931D08D42C7
:104C500003D32EE0954205D211464A681C1D0B462F
:104C6000002AF7D195421CD023681A6899188E4201
:104C70001CD05B6840F8043C236840F8087C5E6008
:104C8000F0BC704740F8043C6660F0BC7047D3E964
:104C90000023174440F8087C40F8043C6660F0BCF0
:104CA0007047D5E900324A601F44DDE717441F60B2
:104CB000EBE70A4604341946D4E700BF203400204D
:104CC00030B4174C00F108026368082A38BF082284
:104CD00003B30732196822F007028A4204D81BE0A6
:104CE00001688A4205D9034658680028F8D130BCCB
:104CF000704704338C1A072C456808D981184D6019
:104D00008450186802601960083030BC7047016038
:104D10001D60F9E71846EAE71846231DEAE700BFD9
:104D20002034002010B500F18004204606F086F9FA
:104D300038B1034680220021184606F0C9FD8030B4
:104D400010BD2046FFF7BCFF03460028F2D100F05B
:104D50007DF900BF064A93688038984203D9D2682B
:104D60001344984201D306F071B9FFF761BF00BF49
:104D70002034002038B5084C4FF41E652846E56005
:104D800006F05CF9A06020B100236060C0E9005328
:104D900038BDE060606038BD2034002000487047B6
:104DA000D84F030010B5034B03600446FFF7F8FB30
:104DB000204610BD0C50030010B5054B036004469F
:104DC000FFF7EEFB20460421F9F77EFD204610BDDB
:104DD0000C5003000378472B01D000207047437824
:104DE0004E2BFAD18378552BF7D1C378432BF4D1CE
:104DF0000379432BF1D143792B2BEED183792B2BE4
:104E0000EBD1C07901288CBF00200120704700BF82
:104E100010B530B1044600F079F82046FFF7DAFF0C
:104E200008B900F013F954F8140C00F0FBF800BFB7
:104E30002DE9F04F85B00246FFF7CCFF50B152E9A3
:104E400006851046966AD2E90C7400F05FF8404679
:104E500000F006F9104600F059F800F005F900F0EE
:104E600055F800F0F3F800F051F800F0D3F80368BB
:104E700093F827200DF1100A012A0CBF1A6803F1DC
:104E800078024FF0000820334AF8082D27F0030B72
:104E90000193C146B1451BDA276807B12744534641
:104EA00000223946019800F0FFF8E8B93B68144940
:104EB0001B69009304AA012342F8040D3846009FA1
:104EC000B847002818BF804609F101095C44E1E7B2
:104ED000B8F1000F10D00420FFF724FF094B036046
:104EE000094A074900F0F0F900F00AFA00F04EF81C
:104EF00000F04CF800F0D2F8284600F093F800BF1C
:104F0000484F0300CC4F0300A545020038B50446C6
:104F100000F084F822780368472AA4F1200104D025
:104F20008BBB1C460160204638BD62784E2AF7D103
:104F3000A278552AF4D1E278432AF1D12279432A82
:104F4000EED162792B2AEBD1A2792B2AE8D1E27932
:104F5000012AE5D854F80C2C002A11DB01324568EF
:104F600044F80C2C8B4205F1FF3545601CBF44F81A
:104F7000103C01602046646A01F060FC204638BDA8
:104F8000C2F10102EBE700F061F800BF08B500F0E4
:104F900041F80246006870B390F82030472B06D0E5
:104FA000002313602030BDE8084001F049BC90F8B0
:104FB00021304E2BF4D190F82230552BF0D190F8BF
:104FC0002330432BECD190F82430432BE8D190F8D8
:104FD00025302B2BE4D190F826302B2BE0D190F804
:104FE0002730012BDCD84369002B05DB013B002B6C
:104FF00007D00DDB436108BD0133FBD101691160AE
:10500000F8E7036913602030BDE8084001F018BCE0
:1050100000F01CF80048704730340020004870470A
:105020003034002008B5804704F0D0FFFFF76EFF52
:1050300004F0CCFF0D460446FFF7A8FF013501D070
:1050400000F02CF82046FFF7F3FE00BF08B5034B35
:105050001868BFF35B8FFFF7E5FF00BF080600206D
:1050600008B58047FFF7F2FF08B5034B1868BFF398
:105070005B8FFFF7F5FF00BF0C060020024B18689E
:10508000BFF35B8F704700BF08060020024B186813
:10509000BFF35B8F704700BF0C0600201EB400F00A
:1050A0008DF81EBC01F08EFFF0B50278472A83B060
:1050B0000D461F461ED00023254C01932368204631
:1050C0009B68984780B1019B1B68019302262B685F
:1050D000214628461C6901AA0123A04730B1019B43
:1050E0003B60304603B0F0BD0126F0E7064630468F
:1050F00003B0F0BD43784E2BDDD18378552BDAD148
:10510000C378432BD7D10379462B15D00379432B92
:10511000D1D143792B2BCED183792B2BCBD1C37912
:10512000012BC8D850F8204C02D058300190C5E768
:10513000204654F8784CF9E743794F2BE6D1837930
:10514000522BE3D1C379002BE0D10193014CB5E799
:10515000404F0300384F030010B50446FFF75EFFD1
:105160002378472BA4F1200204D0836823BB8260FC
:10517000012010BD63784E2BF7D1A378552BF4D1C5
:10518000E378432BF1D12379432BEED163792B2B99
:10519000EBD1A3792B2BE8D1E379012BE5D854F897
:1051A000043C0133012B44F8043CE1D1836844F80A
:1051B000083C8260012010BDFFF748FF08B5FFF7EB
:1051C0002DFF836883B393F82020472A04D0002260
:1051D000826003F1200008BD93F821204E2AF6D109
:1051E00093F82220552AF2D193F82320432AEED1B6
:1051F00093F82420432AEAD193F825202B2AE6D1DC
:1052000093F826202B2AE2D193F82720012ADED812
:10521000DA69013ADA61002ADBD19A6982600022F8
:105220009A6103F1200008BDFFF710FF012810B5B7
:105230001AD8BFF35B8FA1F1280353E8002F013A7E
:1052400043E800200028F8D1BFF35B8F5AB951F82A
:105250001C3C01F158040BB1204698472046BDE89C
:105260001040FFF777BD10BD51F8140CFFF7DAFEC0
:10527000F8B5002540E91E1240F8805C0446FFF7AF
:1052800005FF44F8700CFFF7F9FE472343224E2731
:1052900055260C4904F8583C2B2304F8515C04F8BB
:1052A000577C04F8566C44F8501C04F8552C04F84C
:1052B000542C04F8533C04F8523C44F86C0CA4F110
:1052C0008000F8BD2D520200F8B505460E4617467F
:1052D000FFF7A4FE4368044601333A463146636053
:1052E0002846FFF7C5FF0446012344F8283B204623
:1052F00001F056FE2046FFF709FEFFF7A7FE00BFAC
:1053000010B5FFF78BFED0E900420132426064B174
:1053100094F82020472A0AD0002202602034204638
:1053200001F062FE2046FFF7F1FDFFF78FFE94F8D3
:1053300021204E2AF0D194F82220552AECD194F85D
:105340002320432AE8D194F82420432AE4D194F876
:1053500025202B2AE0D194F826202B2ADCD194F8A2
:105360002720012AD8D8626952426261D6E700BF7D
:1053700010B5034B0360044600F0C2F8204610BD90
:105380005450030010B5054B0360044600F0B8F814
:1053900020460C21F9F798FA204610BD545003001E
:1053A00070B582B00E46069C9442054609D0A868A6
:1053B000056806942C6A3146A44602B0BDE87040E8
:1053C000604719460192009300F062F8DDE900326F
:1053D0000028ECD0062002B070BD00BF2DE9F04FD0
:1053E0000E4681B019461F4691468346DDE90A4ABA
:1053F000DDE90C8500F04CF870B1002E2C6085F8CA
:1054000004901DDB3444A0450CBF06240124AC717C
:10541000002001B0BDE8F08F444516D0DBF808004D
:10542000D0F800C0CDE90C85CDE90A4ADCF81C4073
:105430003B464A463146A44601B0BDE8F04F6047BE
:105440000236E5D10123AB71E2E75146584600F040
:105450001FF80028E2D085F80590D9E72DE9F04142
:1054600007460C4615461E4600F084F808B1BDE814
:10547000F081B86807682146BC6933462A46A446CD
:10548000BDE8F041604700BF704700BF0020704793
:1054900081420FD008B5406803782A2B0CD04968A8
:1054A0000B782A2B08BF013106F07EFCB0FA80F0A1
:1054B000400908BD01207047002008BD70B5036891
:1054C00084B000249E69009410231546CDE902346F
:1054D00012688DF804406B46B0479DF8043003F025
:1054E0000603062B03BF009B2B600120204604B05F
:1054F00070BD00BF009890420CBF0620012070478D
:1055000010B5034B03600446FFF7BEFF204610BDF5
:10551000C850030010B5054B03600446FFF7B4FF05
:1055200020460821F9F7D0F9204610BDC8500300E5
:105530002DE9F041DDE90814069D8D4290461F4695
:1055400006460CD039463046FFF7A2FF20B10123B2
:10555000256084F80480A3710020BDE8F0810799DC
:10556000FFF796FF0028EDD084F805800020BDE805
:10557000F08100BF38B515461C46FFF789FF20B102
:10558000082206232560E260237138BD2DE9F04131
:1055900017461C4606460D46FFF77AFF08B9032C4E
:1055A00001D9BDE8F0812B683A46314628465B694F
:1055B000BDE8F041184700BF4068704710B5436828
:1055C0000C4A0D4901600446A3F10C00904282B0E0
:1055D00005D12046FEF7E4FF204602B010BD53F887
:1055E000042C511E002A43F8041CF2DC01A900F02F
:1055F00053F8EEE73C3400203051030010B5044668
:10560000FFF7DCFF2046F9F75DF9204610BD00BF2B
:1056100010B5034B03600446FFF7D0FF204610BDD2
:105620004451030010B5054B03600446FFF7C6FF65
:105630002046F9F747F9204610BD00BF445103004A
:10564000134B984210B51FD88842044614D94A001B
:10565000904238BF144604F11D02B2F5805F04F198
:105660000D000BD9A14209D204F58054C2F30B02FC
:10567000A41A9C4228BF1C4604F10D00F9F70CF94E
:105680000022C0E9014210BD0248FEF771FF00BFD1
:10569000FCFFFF3F7C510300F9F714B9884215D095
:1056A00070B5054610B30C1A20460021FFF7C8FF5D
:1056B000012C064600F10C0305D054B90D4A964260
:1056C0000ED1184670BD2A780273F7E70A4B1846C8
:1056D000704718462946224605F0FCFF0346EDE7D1
:1056E000311900223460B2600A73EAE70348FEF71A
:1056F00027FF00BF3C3400204834002050510300F5
:1057000070B5054616460C4661B1084606F0B8FC71
:105710002118324620464FF00003FFF7BFFF2860F4
:10572000284670BD4FF0FF31F3E700BF10B5084BBE
:1057300082B0044601AA40F8043BFFF7E1FF20468F
:1057400002B010BD2046FEF72BFFFFF7A7FC00BFFD
:105750003051030010B50446FFF7E8FF014B23600A
:10576000204610BD4451030081F0004102E000BF1B
:1057700083F0004330B54FEA41044FEA430594EA11
:10578000050F08BF90EA020F1FBF54EA000C55EA4C
:10579000020C7FEA645C7FEA655C00F0E2804FEA1D
:1057A0005454D4EB5555B8BF6D420CDD2C4480EAFF
:1057B000020281EA030382EA000083EA010180EA2F
:1057C000020281EA0303362D88BF30BD11F0004F7D
:1057D0004FEA01314FF4801C4CEA113102D04042B3
:1057E00061EB410113F0004F4FEA03334CEA1333EE
:1057F00002D0524263EB430394EA050F00F0A78006
:10580000A4F10104D5F1200E0DDB02FA0EFC22FA00
:1058100005F2801841F1000103FA0EF2801843FAF4
:1058200005F359410EE0A5F120050EF1200E012AE5
:1058300003FA0EFC28BF4CF0020C43FA05F3C01823
:1058400051EBE37101F0004507D54FF0000EDCF19C
:10585000000C7EEB00006EEB0101B1F5801F1BD345
:10586000B1F5001F0CD349085FEA30004FEA3C0C49
:1058700004F101044FEA445212F5800F80F09A803F
:10588000BCF1004F08BF5FEA500C50F1000041EB43
:10589000045141EA050130BD5FEA4C0C404141EB47
:1058A000010111F4801FA4F10104E9D191F0000F6E
:1058B00004BF01460020B1FA81F308BF2033A3F1F1
:1058C0000B03B3F120020CDA0C3208DD02F1140CE8
:1058D000C2F10C0201FA0CF021FA02F10CE002F123
:1058E0001402D8BFC2F1200C01FA02F120FA0CFC1C
:1058F000DCBF41EA0C019040E41AA2BF01EB045165
:10590000294330BD6FEA04041F3C1CDA0C340EDC62
:1059100004F11404C4F1200220FA04F001FA02F3A5
:1059200040EA030021FA04F345EA030130BDC4F163
:105930000C04C4F1200220FA02F001FA04F340EA58
:105940000300294630BD21FA04F0294630BD94F009
:10595000000F83F4801306BF81F480110134013DF0
:105960004EE77FEA645C18BF7FEA655C29D094EA61
:10597000050F08BF90EA020F05D054EA000C04BFDF
:105980001946104630BD91EA030F1EBF00210020CA
:1059900030BD5FEA545C05D14000494128BF41F069
:1059A000004130BD14F580043CBF01F5801130BDCD
:1059B00001F0004545F0FE4141F470014FF0000058
:1059C00030BD7FEA645C1ABF194610467FEA655C09
:1059D0001CBF0B46024650EA013406BF52EA0335AB
:1059E00091EA030F41F4002130BD00BF90F0000F99
:1059F00004BF0021704730B54FF4806404F13204D5
:105A00004FF000054FF0000150E700BF90F0000F8D
:105A100004BF0021704730B54FF4806404F13204B4
:105A200010F0004548BF40424FF000013EE700BF84
:105A300042004FEAE2014FEA31014FEA02701FBF14
:105A400012F07F4393F07F4F81F06051704732F046
:105A50007F4208BF704793F07F4F04BF41F400219D
:105A6000704730B54FF4607401F0004521F00041FB
:105A70001CE700BF50EA010208BF704730B54FF085
:105A800000050AE050EA010208BF704730B511F086
:105A9000004502D5404261EB41014FF4806404F1BE
:105AA00032045FEA915C3FF4D8AE4FF003025FEA44
:105AB000DC0C18BF03325FEADC0C18BF033202EBC8
:105AC000DC02C2F1200300FA03FC20FA02F001FA22
:105AD00003FE40EA0E0021FA02F11444BDE600BFC5
:105AE00070B54FF0FF0C4CF4E06C1CEA11541DBF74
:105AF0001CEA135594EA0C0F95EA0C0F00F0DEF83F
:105B00002C4481EA030621EA4C5123EA4C5350EA23
:105B1000013518BF52EA033541F4801143F4801374
:105B200038D0A0FB02CE4FF00005E1FB02E506F005
:105B30000042E0FB03E54FF00006E1FB03569CF05A
:105B4000000F18BF4EF0010EA4F1FF04B6F5007F60
:105B500064F5407404D25FEA4E0E6D4146EB0606D2
:105B600042EAC62141EA55514FEAC52040EA5E505B
:105B70004FEACE2EB4F1FD0C88BFBCF5E06F1ED805
:105B8000BEF1004F08BF5FEA500E50F1000041EB3C
:105B9000045170BD06F0004646EA010140EA0200E9
:105BA00081EA0301B4EB5C04C2BFD4EB0C0541EA0B
:105BB000045170BD41F480114FF0000E013C00F320
:105BC000AB8014F1360FDEBF002001F0004170BD44
:105BD000C4F10004203C35DA0C341BDC04F114045D
:105BE000C4F1200500FA05F320FA04F001FA05F2E9
:105BF00040EA020001F0004221F0004110EBD370B6
:105C000021FA04F642EB06015EEA430E08BF20EAE1
:105C1000D37070BDC4F10C04C4F1200500FA04F384
:105C200020FA05F001FA04F240EA020001F0004116
:105C300010EBD37041F100015EEA430E08BF20EA89
:105C4000D37070BDC4F1200500FA05F24EEA020ED1
:105C500020FA04F301FA05F243EA020321FA04F000
:105C600001F0004121FA04F220EA020000EBD370B7
:105C70005EEA430E08BF20EAD37070BD94F0000FB7
:105C80000FD101F00046400041EB010111F4801FEB
:105C900008BF013CF7D041EA060195F0000F18BF9C
:105CA000704703F00046520043EB030313F4801FD8
:105CB00008BF013DF7D043EA0603704794EA0C0F92
:105CC0000CEA135518BF95EA0C0F0CD050EA4106A8
:105CD00018BF52EA4306D1D181EA030101F0004125
:105CE0004FF0000070BD50EA410606BF104619464D
:105CF00052EA430619D094EA0C0F02D150EA013659
:105D000013D195EA0C0F05D152EA03361CBF104699
:105D100019460AD181EA030101F0004141F0FE4138
:105D200041F470014FF0000070BD41F0FE4141F4BC
:105D3000780170BD70B54FF0FF0C4CF4E06C1CEABC
:105D400011541DBF1CEA135594EA0C0F95EA0C0F71
:105D500000F0A7F8A4EB050481EA030E52EA03352C
:105D60004FEA013100F088804FEA03334FF080554D
:105D700045EA131343EA12634FEA022245EA11157A
:105D800045EA10654FEA00260EF000419D4208BF2B
:105D9000964244F1FD0404F5407402D25B084FEAD8
:105DA0003202B61A65EB03055B084FEA32024FF484
:105DB00080104FF4002CB6EB020E75EB030E22BFE1
:105DC000B61A754640EA0C005B084FEA3202B6EBA1
:105DD000020E75EB030E22BFB61A754640EA5C0050
:105DE0005B084FEA3202B6EB020E75EB030E22BFE0
:105DF000B61A754640EA9C005B084FEA3202B6EBE1
:105E0000020E75EB030E22BFB61A754640EADC009F
:105E100055EA060E18D04FEA051545EA16754FEA01
:105E200006164FEAC30343EA52734FEAC2025FEA1F
:105E30001C1CC0D111F4801F0BD141EA00014FF0AE
:105E400000004FF0004CB6E711F4801F04BF01437F
:105E50000020B4F1FD0C88BFBCF5E06F3FF6AFAE9B
:105E6000B5EB030C04BFB6EB020C5FEA500C50F12B
:105E7000000041EB045170BD0EF0004E4EEA1131AE
:105E800014EB5C04C2BFD4EB0C0541EA045170BDB5
:105E900041F480114FF0000E013C90E645EA060EF9
:105EA0008DE60CEA135594EA0C0F08BF95EA0C0F27
:105EB0003FF43BAF94EA0C0F0AD150EA01347FF46F
:105EC00034AF95EA0C0F7FF425AF104619462CE746
:105ED00095EA0C0F06D152EA03353FF4FDAE1046A9
:105EE000194622E750EA410618BF52EA43067FF4FA
:105EF000C5AE50EA41047FF40DAF52EA43057FF48A
:105F0000EBAE12E74FF0FF3C06E000BF4FF0010C94
:105F100002E000BF4FF0010C4DF804CD4FEA410CF8
:105F20007FEA6C5C4FEA430C18BF7FEA6C5C1BD0C5
:105F300001B050EA410C0CBF52EA430C91EA030F46
:105F400002BF90EA020F0020704710F1000F91EAA3
:105F5000030F58BF994208BF90422CBFD8176FEA71
:105F6000E37040F0010070474FEA410C7FEA6C5C3F
:105F700002D150EA013C07D14FEA430C7FEA6C5C46
:105F8000D6D152EA033CD3D05DF8040B704700BF72
:105F90008446104662468C461946634600E000BFC0
:105FA00001B5FFF7B7FF002848BF10F1000F01BD92
:105FB0004DF808EDFFF7F4FF0CBF012000205DF85D
:105FC00008FB00BF4DF808EDFFF7EAFF34BF0120E2
:105FD00000205DF808FB00BF4DF808EDFFF7E0FF7B
:105FE00094BF012000205DF808FB00BF4DF808EDCC
:105FF000FFF7CEFF94BF012000205DF808FB00BF33
:106000004DF808EDFFF7C4FF34BF012000205DF814
:1060100008FB00BF4FEA410C7FEA6C5C02D150EAFA
:10602000013C0AD14FEA430C7FEA6C5C02D152EA90
:10603000033C02D14FF0000070474FF00100704761
:106040004A0011D212F5001211D20DD56FF47873F7
:10605000B3EB62520ED44FEAC12343F0004343EA4C
:10606000505323FA02F070474FF00000704750EA97
:10607000013002D14FF0FF3070474FF00000704701
:106080004FEA4102B2F1E04324BFB3F5001CDCF15A
:10609000FE5C0DD901F0004C4FEAC0024CEA507092
:1060A000B2F1004F40EB830008BF20F001007047C1
:1060B00011F0804F21D113F13872BCBF01F00040C4
:1060C000704741F480114FEA5252C2F11802C2F1F6
:1060D000200C10FA0CF320FA02F018BF40F0010077
:1060E0004FEAC1234FEAD32303FA0CFC40EA0C0029
:1060F00023FA02F34FEA4303CCE77FEA625307D166
:1061000050EA01331EBF4FF0FE4040F4400070479C
:1061100001F0004040F0FE4040F40000704700BF36
:106120007BB972B90029BEBF00204FF0004106E0E4
:1061300008BF00281CBF6FF000414FF0FF3001F096
:1061400043B9ADF1080C6DE904CE002909DB002B41
:106150001ADB00F04DF8DDF804E0DDE9022304B0BD
:106160007047404261EB4101002B1BDB00F040F81F
:10617000DDF804E0DDE9022304B0404261EB4101B7
:10618000524263EB43037047524263EB430300F018
:106190002FF8DDF804E0DDE9022304B0404261EBB2
:1061A00041017047524263EB430300F021F8DDF8F0
:1061B00004E0DDE9022304B0524263EB430370477D
:1061C00053B94AB9002908BF00281CBF4FF0FF315E
:1061D0004FF0FF3001F0F8B8ADF1080C6DE904CED6
:1061E00000F006F8DDF804E0DDE9022304B07047B2
:1061F0002DE9F047089E04468846002B4BD18A4281
:10620000154667D9B2FA82F24AB1C2F1200701FA03
:1062100002F320FA07F7954047EA030894404FEA53
:10622000154E230CB8FBFEF71FFA85FC0EFB1788F2
:1062300043EA084307FB0CF1994209D9EB1807F12F
:10624000FF3080F01B81994240F21881023F2B44BD
:106250005B1AA4B2B3FBFEF00EFB103344EA034416
:1062600000FB0CFCA44509D92C1900F1FF3380F088
:106270000781A44540F2048102382C4440EA0740DB
:10628000A4EB0C0400271EB1D4400023C6E9004350
:106290003946BDE8F0878B4209D9002E00F0EB802B
:1062A0000027C6E9000138463946BDE8F087B3FA51
:1062B00083F7002F47D18B4202D3824200F2FA804B
:1062C000841A61EB030301209846002EE0D0C6E952
:1062D0000048DDE702B9FFDEB2FA82F2002A40F0A0
:1062E0008F80491B4FEA154E1FFA85F80127B1FB35
:1062F000FEFC230C0EFB1C1143EA014308FB0CF1CE
:10630000994207D9EB180CF1FF3002D2994200F202
:10631000CD808446591AA3B2B1FBFEF00EFB1014D7
:1063200043EA044408FB00F8A04507D92C1900F102
:10633000FF3302D2A04500F2B6801846A4EB080451
:1063400040EA0C409FE7C7F1200CBB4022FA0CFE4C
:106350004EEA030E01FA07F420FA0CF521FA0CF3C9
:106360004FEA1E482543B3FBF8F92C0C08FB193300
:106370001FFA8EFA44EA034309FB0AF49C4202FA2C
:1063800007F200FA07F10BD91EEB030309F1FF3006
:1063900080F087809C4240F28480A9F10209734416
:1063A0001B1BADB2B3FBF8F008FB103345EA034406
:1063B00000FB0AFAA24508D91EEB040400F1FF33E2
:1063C0006BD2A24569D90238744440EA0940A0FB67
:1063D0000289A4EB0A044C45C2464B4654D351D023
:1063E000002E69D0B1EB0A0564EB030404FA0CFC3F
:1063F000FD40FC404CEA0505C6E90054002747E78C
:10640000C2F1200320FA03F7954001FA02F021FAC5
:1064100003F34FEA154E3843010CB3FBFEF71FFAA6
:1064200085F80EFB173341EA034107FB08F38B4263
:1064300004FA02F407D9691807F1FF3C2FD28B4206
:106440002DD9023F2944CB1A81B2B3FBFEF00EFBDB
:10645000103341EA034100FB08F38B4207D9691866
:1064600000F1FF3C17D28B4215D902382944C91AD2
:1064700040EA07473BE73746304609E70746E7E685
:106480001846FBE64145ABD2B8EB020A69EB0E02B7
:1064900001381346A4E76046E9E7184695E76746E2
:1064A000D1E781467CE702382C4447E7ACF1020C87
:1064B0002B442FE7384608E73746E9E603685A00D9
:1064C0004CBF43F0004323F000431844704700BF23
:1064D00061B32DE9F84F01F1FF3A90460646D146E7
:1064E000002707EB090404EBD4746410E50071196C
:1064F0000846FFF7E3FFA245834605F10800304454
:1065000009D0FFF7DBFFC34500F1FF3005D8404558
:1065100009D2671CE5E7C34505D9A74202D004F1BB
:10652000FF39DEE700210846BDE8F88F08467047CE
:10653000012807D0022807D0044B00280CBF1846BA
:106540000020704702487047024870471D6C0200E7
:10655000216C0200256C020030B5254B83B0044647
:106560008D1E4BB301A92846AFF30080F0B101990D
:106570002A46FFF7ADFF0146C0B1FFF79FFF4B680A
:10658000A064012B2ED0002B01F1040026DBFFF7C5
:1065900095FF0023C4E913030368002B12DBFFF708
:1065A0008DFF00232061184603B030BD0023236116
:1065B0000923184603B030BD0E490F48091AC91007
:1065C0000191D5E7C3F30360FFF7B2FF002814BFC2
:1065D000002309232061184603B030BD0123C4E91C
:1065E0001303D9E7002323610523184603B030BD08
:1065F00000000000EC5B0300045A03000368DA07A4
:1066000010B5044606D49B0700F1480009D500F0F8
:106610005FFC2368590709D51A070ED5DB0613D589
:1066200010BD00F04DFC23685907F5D404F1D000EB
:1066300000F056FC23681A07F0D404F5A87000F0A7
:1066400057FC2368DB06EBD404F5E870BDE8104086
:1066500000F092BC036803B103441846704700BFC2
:1066600009207047704700BF70B504460D4608E02A
:106670002B6C63612A46236921460120984708282C
:1066800008D1296C2046FFF767FF06460028EFD0A7
:1066900003F09CFC0728FBD13046296CFFF7E2FF92
:1066A000281D00F001FC00BF2DE9F0470C1D054638
:1066B00017460FCCADF5727D03AE0FC60FCC0FC6DB
:1066C0000FCC0FC694E80F0002ACD5F80C80D5F8BB
:1066D000189086E80F000023236021E0236C6B6193
:1066E0004FF4F07221467AA804F0F4FF2B697AAADD
:1066F000294630469847889BCDE900498246636425
:1067000031462B462A460120C0470746F8B94FF4C8
:10671000F0727AA9204604F0DDFFBAF1080F1CD10F
:10672000216C2846FFF718FF002F08BF09260746EF
:1067300018BF0A260028D1D0A36B46F01001CDE97E
:1067400000492A46636401202B46C04700B109274F
:1067500038460DF5727DBDE8F087BAF1070FF6D126
:106760003846216CFFF77EFF03A800F09DFB00BFB9
:10677000406C7047F0B5CB6B0B640D1D0F460646A1
:106780000FCDF9B001AC0FC40FCD0FC40FCD0FC4A6
:1067900095E80F004FF0FF3584E80F00009506E004
:1067A00033696A46314698470828044608D110994B
:1067B0003046FFF7D1FE0028F2D0092079B0F0BDB5
:1067C0006846FFF71BFF062CF7D139463046FFF726
:1067D0004BFF00BF30B4DD6BC160826119461D64A0
:1067E000002230BC60E700BF70B5C66843690B6427
:1067F000BEB903690A4604460D4601460220984781
:10680000072807D0082803D129462046FFF72CFF88
:1068100003F0DCFB3046296CFFF724FF281D00F055
:1068200043FB0122FFF740FF03F0D0FBC2681AB11F
:10683000CA6B0A64002237E79CE700BF704700BFBD
:10684000836813B10146012018477047042907D80F
:10685000DFE801F00308060808000BB90F2A03D986
:10686000022070470120704700EB820218465368EF
:10687000009A1360704700BF10B584B0002303ACCA
:106880000A4600941946FFF7E1FF039804B010BDD3
:10689000042907D8DFE801F00308060808000BB94F
:1068A0000F2A03D9022070470120704700EB8200B5
:1068B000009A126842601846704700BF10B584B055
:1068C00004AC002344F8042D0A4600941946FFF74F
:1068D000DFFF04B010BD00BFF0B5D36B1364151D0E
:1068E00007460E460FCDADF50F7D17AC0FC40FCD8B
:1068F0000FC40FCD0FC495E80F004FF0FF3584E8AB
:106900000F00169510E016A8FFF7D8FF314616A81D
:10691000B84716AA694678B9049B08209847052805
:1069200004460AD0092807D026996846FFF714FEC6
:106930006A460C210028E6D0092416A8FFF75EFE5F
:1069400020460DF50F7DF0BD2DE9F04F0D46C96CC9
:1069500089B00C1D164600F0030B0A6806941F460A
:10696000002B68D0130CD9B212048DF81D3002230D
:1069700004EB810405928DF81C302B6DBBF1020FE6
:1069800008BFAC6B13F0010346D1019300F008037C
:106990000093D4F80090B9F1000F00F0F380022FBB
:1069A00045D0B4F80090B4F802800434AB6C28F001
:1069B000010A0F2130469A44FFF75EFF824534D822
:1069C00029F001035344834294BF002001204FEA81
:1069D000480808F0020809F0010948EA0908B8F176
:1069E000010F3AD031D3B8F1020F1AD1236823F046
:1069F000004ABBF1000F66D130B1009A002A6CD07A
:106A0000BAF1000F00F09080002B00DA04340AF194
:106A1000010304EB8304BCE7304605A900F046FB04
:106A200078B1092009B0BDE8F08F0020CFE7D4F895
:106A300004800834BAE7120203230592ADF81C3033
:106A40009BE7082009B0BDE8F08FBBF1000F02D032
:106A5000002840F0B48004349BE7BBF1000F18D14C
:106A6000A8B1D4E90023991C4FEAD272D9D005F11C
:106A700058010133049100F0B580201DFFF7EAFDB5
:106A800004AB01462846FEF70FFB002867D1083407
:106A90007FE70D213046D5F82080FFF7EDFE8045D9
:106AA000F5D1AB6A9C42F2D12046FFF707FD0F21DA
:106AB00002463046FFF702FF30462A460021FFF724
:106AC000FDFE0720AEE70D213046D5F82080FFF708
:106AD000D3FE804532D0236896E7BAF1000F23D069
:106AE00005F1580304F10408CDF808B0DDF8009072
:106AF0000397A3461C4602E05745B94640D040469E
:106B00000494FFF7A7FD04AB014600222846FEF7D8
:106B1000CBFA09F1010708F104080028ECD0D145AF
:106B20005C46DDE902B7D6D130460D21FFF7A4FE61
:106B3000049B2862C5E90934062073E7AB6A9C42CE
:106B4000C9D104224FF00008A318C5E90AA8C5E975
:106B50000C23236843454DDB0123019357E780460F
:106B60000D213046FFF788FEB8F1020F28623ED1B2
:106B70002B46049A43F82C2F6B62AC62062051E737
:106B80005C46D1E705A9304600F090FA00287FF472
:106B900048AF019B002B3FF454AF0F213046FFF765
:106BA0006BFE0E2102463046FFF788FE30461A4A39
:106BB0000F21FFF783FE072009B0BDE8F08F2046C4
:106BC000FFF77CFC04340746AC632846FEF7C4FAA2
:106BD00000283FF426AF30463A460F21FFF76EFEFD
:106BE00007201FE730460D21FFF746FE2862049B71
:106BF0006B62C2E70AF1010004EB8000FFF75EFC64
:106C00000F2102463046FFF759FE30462A464146DC
:106C1000FFF754FE072005E7314E0200002393E6FC
:106C2000012391E602238FE62DE9F0410546C4B029
:106C3000042906D8DFE801F04D2B05030900032BDA
:106C40005FD0022044B0BDE8F081002BF9D1102ABA
:106C5000F7D82B68DC0600F1F48022AC20460192C4
:106C600000F094F9A86B019A0023012606FA03F1BB
:106C7000114203D0016844F8231004300133042B7F
:106C8000F4D1A863204600F077F90020DAE7012B61
:106C90004FEA124697B252D0052BD2D106EB070825
:106CA000B8F1200FCDD80F2E40F29980B846002FB2
:106CB00040F0DB80AA6BAA630F2E40F2BE80B8F1D1
:106CC000000F02D002A800F00BF9002044B0BDE88C
:106CD000F081002BB5D1AC6B97B2281D012606FAC6
:106CE00003F1394203F1010302D021680160043449
:106CF000102B00F10400F2D112F40050E5D1AC6386
:106D0000A0E7160C97B2F319102B9AD82B681A0724
:106D10005DD422AC204600F00DF904EBC601AB6B4C
:106D20003FB103EBC702186841F8040B04339342E8
:106D3000F9D12046AB6300F0DBF8002082E7F219BE
:106D4000102A3FF67EAF0F2E3FF67BAF2A68D107A1
:106D500008D5284622F0030240F8482B019300F0A2
:106D6000B3F8019B019322AC204600F0ADF8A96B6B
:106D7000019B002F00F095807F0004EBC6044FF0CC
:106D80000008043C01EB870251F8040B44F8040F9F
:106D90009142F9D1B8F1000F0FD002AC102E31465C
:106DA00038BF102104EBC101843902EBC80452F84A
:106DB000040B41F8040F9442F9D1012B7FF47BAF0F
:106DC00022AC0432AA63204600F07AF87DE723F073
:106DD00008032B6005F5A87000F0ACF899E7B8F14E
:106DE000100F2A6843D9D007A8F110080BD5284600
:106DF00022F0010242F0020240F8482B019300F019
:106E00006BF82A68019B510725D40F2E04D822A8BD
:106E1000019300F061F8019B019302AC204600F061
:106E200063F8C6F110010029AA6B019BB6DD22AC04
:106E30004F0004EBC6041146A3E722A800F048F86F
:106E40003DE723F010032B6005F5E870019200F098
:106E50009DF8019A01E7284622F0040240F8D02B61
:106E6000019300F041F8019BCFE72A68CBE7D007F8
:106E70000AD5284622F0010242F0020240F8482BCF
:106E8000019300F029F8019B019322AC204600F009
:106E900023F8B846A96B019B002F7FF46DAF0A461B
:106EA00009E70A468DE700BF00F1340191E8380098
:106EB0009C46A6464CF8045D90E8FF0FE54600BDF1
:106EC00090EC210B704700BF80EC210B704700BF96
:106ED00090EC200B704700BF80EC200B704700BF88
:106EE000D0EC200B704700BFC0EC200B704700BFF8
:106EF000F0EC0201F0EC0211F0EC0221F0EC0231B6
:106F0000F0EC0241F0EC0251F0EC0261F0EC0271A5
:106F1000F0EC0281F0EC0291F0EC02A1F0EC02B195
:106F2000F0EC02C1F0EC02D1F0EC02E1F0EC02F185
:106F3000704700BFE0EC0201E0EC0211E0EC02213E
:106F4000E0EC0231E0EC0241E0EC0251E0EC0261E5
:106F5000E0EC0271E0EC0281E0EC0291E0EC02A1D5
:106F6000E0EC02B1E0EC02C1E0EC02D1E0EC02E1C5
:106F7000E0EC02F1704700BFB0FC0181B0FC019170
:106F8000B0FC01A1B0FC01B1704700BFA0FC0181C1
:106F9000A0FC0191A0FC01A1A0FC01B1704700BFC1
:106FA000EC4600B52DE900502DE9FF1F4FF000031E
:106FB0002DE90C0001A9FFF7DDFBDDF840E012B080
:106FC000704700BFEC4600B52DE900502DE9FF1FCA
:106FD0004FF000032DE90C0001A9FFF705FCDDF8D7
:106FE00040E012B0704700BFEC4600B52DE90050FC
:106FF0002DE9FF1F4FF000032DE90C0001A9FFF759
:1070000015FCDDF840E012B0704700BFEC4600B55B
:107010002DE900502DE9FF1F4FF000032DE90C0072
:1070200001ABFFF7D7FBDDF840E012B0704700BFBF
:10703000EC4600B52DE900502DE9FF1F4FF000038D
:107040002DE90C0001AAFFF747FCDDF840E012B083
:10705000704700BF027A82B9437AABB14268013B04
:1070600010B4437213680321141D01721A024460A4
:1070700002605DF8044B180E70470368013A027213
:107080001A020260180E7047B020704700B585B034
:1070900003AA0023009219460C22FFF7D7FB03989E
:1070A00005B05DF804FB00BFF0E700BF2DE9F04339
:1070B000054685B00E464FF000083046FFF7CAFF80
:1070C000B028044600F0B180070620D500F0F00398
:1070D000802B65D0902B36D0A02B78D0B02B47D00A
:1070E000C02B00F08A8000F0F803D02B0BD100F009
:1070F0000702013242F40022052301212846FFF74E
:1071000093FD0028D9D0092005B0BDE8F0830DF12A
:107110000C09002319468700CDF800900D2228465F
:10712000FFF794FBFFB2039BCDF800900437600695
:107130004CBFDF1BFF18002319460D22284603977A
:10714000FFF7A6FBB9E700F00D030D2BDBD003AF73
:10715000002300F00F02194600972846FFF776FB40
:107160000023009719460D222846FFF791FBA4E75C
:10717000B1285FD0B22800F0CC80B3287ED000F0D8
:10718000FC03B42BBFD000F007020132012342F40C
:10719000002219462846FFF747FD00288DD0B2E7A8
:1071A0003046FFF757FF24020443B4F5004FAAD03E
:1071B00024010023A2B219462846FFF735FD002816
:1071C000A1D114F4004F18BF4FF0010875E7C24376
:1071D00002F007034FF47F621A41010702F47F6255
:1071E0004FF0000348BF42F4804219462846FFF79B
:1071F0001BFD00283FF461AF85E7C62851D0C728A2
:107200005AD000F0F803C02B69D0C82875D0C9281F
:107210007FF479AF3046FFF71DFF020300F00F0047
:1072200002F470220130024366E7B8F1000F14D077
:10723000002069E73046FFF70DFF00283FF463AFF9
:1072400010F0F0037FF45FAF024619462846FFF7BF
:10725000EBFC00283FF431AF55E703AC43460E2268
:10726000414600942846FFF7F1FA00942846434629
:107270000F224146FFF70CFB404645E73046FFF73B
:10728000E9FE010300F00F0001F47021421C01230C
:107290000A4328461946FFF7C7FC00283FF40DAF04
:1072A00031E73046FFF7D6FE010300F00F0001F48E
:1072B0007021421C0323EBE73046FFF7CBFE02466A
:1072C00000283FF420AF10F0F0037FF41CAF04213E
:1072D0002846FFF7A9FC00283FF4EFAE13E700F0C3
:1072E0000F020132032342F4202219462846FFF7F9
:1072F0009BFC00283FF4E1AE05E73046FFF7AAFE0D
:1073000000F0F00200F00F031032013343EA0232C2
:10731000F2E600230DF10C090D221946CDF800907C
:107320002846FFF793FA3046FFF794FE02064FF027
:1073300002070CD5039B00F07F00B84003443046A1
:107340000393FFF787FE030607F10707F2D4039BB9
:10735000CDF8009000F07F0403F50172BC400023DB
:10736000144419460D2228460394FFF791FAA4E627
:1073700010B5C36C84B05A6803208DF80C00DC791A
:107380008DF80D4012020833084601A901920293BC
:10739000FFF78CFE04B010BD08B5FFF785FE806CCA
:1073A00008BD00BF08B5FFF77FFEC06CC37900EBD6
:1073B0008300083008BD00BF08B502F007FE00BF1B
:1073C00008B5FFF7F9FF00BF704700BF00B585B0F3
:1073D000234A0190019B23F0004393421DDDB3F14A
:1073E000FF4F08DBDDED017A77EEE77A17EE900AC2
:1073F00005B05DF804FB02A901F060FC00F0030297
:10740000012A14D0022A22D0D2B101220399029873
:1074100002F076F907EE900AE8E7002101F0A6FDF8
:1074200007EE900A17EE900A05B05DF804FB039989
:10743000029802F065F907EE900AF1EE677AD5E757
:107440000399029801F092FD07EE900ACEE70399A6
:10745000029801F08BFD07EE900AF1EE677AC5E71E
:10746000D80F493F82B00190019A22F00041CB0D24
:107470007F3B162B20DC002B10462EDB23491941C5
:107480000A4224D0DFED227A9DED017A77EE277A49
:10749000F5EEC07AF1EE10FA19DD002A04DA4FF4A5
:1074A000000242FA03F3184420EA010307EE903A7F
:1074B00017EE900A02B07047B1F1FF4FDDED017A8F
:1074C000F6D377EEA77A17EE900A02B07047DDED9B
:1074D000017A17EE900A02B07047DFED0D7A9DED4C
:1074E000017A77EE277AF5EEC07AF1EE10FAEEDD4A
:1074F000002A02DBDFED077ADAE7FFEE007A0029E7
:1075000018BFB0EE677AF0EE477AD1E7FFFF7F0051
:10751000CAF249710000000000B585B0244A01900C
:10752000019B23F0004393421EDDB3F1FF4F08DBC4
:10753000DDED017A77EEE77A17EE900A05B05DF897
:1075400004FB02A901F0BAFB00F00300012816D0E9
:10755000022823D0D0B10399029801F007FD07EE6D
:10756000900AF1EE677AE7E70022002102F0C8F8FE
:1075700007EE900A17EE900A05B05DF804FB039938
:10758000029801F0F3FC07EE900AD5E70122039977
:10759000029802F0B5F807EE900ACDE701220399B0
:1075A000029802F0ADF807EE900AF1EE677AC3E7B1
:1075B000D80F493F00F0B4BA2DE9F04F8BB01D460B
:1075C00006460F46144600F099FB294B93F900A09C
:1075D000BAF1FF3F8046894635D022462B462046E9
:1075E0002946FEF717FD70BB32463B46304639460A
:1075F000FEF710FD834630BB0022002320462946BB
:10760000FEF7D6FCF8B11B4BCDF820B00122CDE936
:107610000267CDE90445CDE90023BAF1000F17D088
:107620000022002310461946FEF784FBBAF1020F30
:10763000CDE906010ED102F0EFFC21230360089B87
:1076400083B9DDE90689404649460BB0BDE8F08FB5
:10765000CDE90667684602F041FA0028EBD0089BA6
:10766000002BEED002F0D8FC089B0360E9E700BFD6
:1076700010060020945103002DE9F04FDFF82C9301
:107680008DB006460F4614461D4600F049FC99F998
:107690000080B8F1FF3FCDE9000136D022462B46ED
:1076A00020462946FEF7B6FC834670BB32463B4671
:1076B00030463946FEF7AEFC8246002840F0A280F4
:1076C0003046394600220023FEF772FC10B3002238
:1076D000002320462946FEF76BFC8346002867D02E
:1076E0009FEDA77B0122AC4BCDF828A00292CDE9FB
:1076F0000467CDE906458DED087B0393B8F1000FD3
:1077000041D09FEDA17B8DED007BDDE900010DB047
:10771000BDE8F08FDDE9000102F0DAF980460028CB
:1077200000F08D804FF0000A4FF0000BDDE9000102
:1077300052465B46FEF73CFC0028E6D03046394610
:1077400002F0C6F90028E0D02046294602F0C0F930
:107750000028DAD099F900308F4A039204210022E0
:10776000022BCDE90467CDE90645CDE908AB0291CE
:107770000A9203D002A802F0B1F950B902F04CFC11
:107780002223036005E002A802F0A8F9002800F017
:107790009B800A9B1BB102F03FFC0A9B03609DED9E
:1077A000087B8DED007BDDE900010DB0BDE8F08FB9
:1077B0002046294602F08CF90028A6D0002200239A
:1077C00020462946FEF7FEFB00289ED0724A99F912
:1077D0000030CDF828B00121CDE90467CDE9064598
:1077E000CDE90212002B74D06C490020022BCDE9A8
:1077F000080172D102F010FC212303600A9B002BC8
:10780000CDD0C8E70022002320462946FEF7D0FB52
:1078100000283FF47AAF624B5F49CDF828B00022D0
:107820000120B8F1020FCDE904670290CDE90645C9
:10783000CDE908230391A6D1CDE9002365E73046C1
:10784000394602F045F900283FF46CAF204629463E
:1078500002F03EF900283FF465AFDDE90023104651
:107860001946FEF7D7FB99F900A000286BD1032336
:10787000DFF824C10A902946204602930022494B92
:10788000CDF80CC0CDE90645CDE90467FEF728F92F
:1078900004460D46BAF1000F25D1DFF814B14FF0C0
:1078A000604A0022002330463946CDE908ABFEF796
:1078B00089FB38BB02A802F011F900289ED102F022
:1078C000ABFB2223036099E702F0A6FB21230360B0
:1078D0005FE79FED2B7B8DED087B02A802F0FEF8A1
:1078E00000288BD186E79FED2A7B002200233046BB
:1078F00039468DED087BFEF765FBA0B9BAF1020FA2
:10790000DDD0D7E72046294602F0F0F822462B4684
:10791000FEF74EFBA0B9244B99F900A04FF060424E
:10792000CDE90823EAE72046294602F0DFF822469F
:107930002B46FEF73DFB18B9184B0022CDE9082372
:1079400099F900A0DAE70122134BCDF828800292C2
:10795000CDE90467CDE906450393BAF1000FB8D02D
:107960000022002310461946FEF7E4F9BAF1020F8F
:10797000CDE908013FF43EAFAFE700BFAFF30080B1
:107980000000000000000000000000000000F03FC8
:10799000000000000000F07F9C5103000000F0FF99
:1079A0000000F03F0000E03FFFFFEFC7100600209F
:1079B000FFFFEF472DE9F04F8BB004460D4601F075
:1079C00003F8294B93F900A0BAF1FF3F06460F4692
:1079D00012D022462B4620462946FEF71BFB834643
:1079E00050B94FF000084FF00009204629464246A2
:1079F0004B46FEF7E7FA20B9304639460BB0BDE8F2
:107A0000F08F0122194BCDF820B00092CDE904454A
:107A1000CDE902450193BAF1000F17D042464B461B
:107A200040464946FEF786F9BAF1020FCDE9060154
:107A30000ED102F0F1FA21230360089B73B9DDE94E
:107A40000667304639460BB0BDE8F08FCDE90689B0
:107A5000684602F043F80028EFD1EAE702F0DCFACA
:107A6000089B0360EBE700BF10060020A051030055
:107A700001F06AB810B52DED028B8AB008EE100A3D
:107A800001F06CFA234B93F90040631C09D0B4EE6B
:107A9000488AF1EE10FA04D6B5EEC08AF1EE10FA7B
:107AA00003D40AB0BDEC028B10BD01231A4A009327
:107AB00018EE100A002301920893FDF7B9FF002287
:107AC000CDE90401CDE902010023ACB1104619460D
:107AD000FEF730F9022CCDE906010FD102F09CFA35
:107AE00021230360089B7BB9DDE90601FEF7C8FA94
:107AF0000AB0BDEC028B10BDCDE90623684601F04B
:107B0000EDFF0028EED1E9E702F086FA089B03605A
:107B1000EAE700BF10060020A851030000000000A3
:107B20002DE9F84F1D465342134325F00049DFF875
:107B3000C8C149EAD3736345144606460F4626D8A2
:107B4000C0F1000848EA000821F0004A4AEAD87863
:107B5000E04503468B461AD805F1404808F58018E1
:107B600058EA0208AE4643D04FEAA57808F002086A
:107B70005AEA030348EAD17811D1B8F1020F55D07F
:107B8000B8F1030F09D14AA1D1E9000105E032465D
:107B90003B4620462946FDF7EDFDBDE8F88F59EA42
:107BA000020329D0E1452ED0E24525D0AAEB0909F0
:107BB0004FEA2959B9F13C0F3CDC002D3EDA19F1AE
:107BC0003C0F3BDA00200021B8F1010F4ED0B8F194
:107BD000020F3ED0B8F1000FDFD037A3D3E9002366
:107BE000FDF7C6FD36A3D3E90023FDF7C1FDD4E7B9
:107BF000BDE8F84F01F0D4BDBBF1000F12DB32A19C
:107C0000D1E90001C9E7CA4534D0B8F1020F0DD05F
:107C1000B8F1030FB7D0B8F1010F4FF0000036D024
:107C20000021BAE72AA1D1E90001B6E724A1D1E9F0
:107C30000001B2E724A1D1E90001C5E722462B46A5
:107C400030463946FEF776F801F03EFF01F0A8FD18
:107C5000BAE719A3D3E90023FDF78AFD02460B46D4
:107C600017A1D1E90001FDF783FD96E701F100437B
:107C7000194692E7B8F1020F14D0B8F1030F0DD0F6
:107C8000B8F1010F06D014A1D1E9000185E74FF04A
:107C9000004182E712A1D1E900017EE712A1D1E9FA
:107CA00000017AE712A1D1E9000176E7AFF3008085
:107CB000182D4454FB2109C0075C143326A6A13CAF
:107CC000182D4454FB210940182D4454FB21F93F41
:107CD000182D4454FB21F9BF182D4454FB21E93FD2
:107CE000182D4454FB21E9BFD221337F7CD902C037
:107CF000D221337F7CD902400000F07F2DE9F0478C
:107D000023F0004E5EEA020620D07E4E21F00048AD
:107D1000B04589461ADC564216437B4F4EEAD6766A
:107D2000BE42144612D8F0451D4694468246074688
:107D300001F0004612DC0FDB90420DD30ED1734BE5
:107D4000F60F03EBC603D3E9000105E0FDF7C8FE1B
:107D500002460B46FDF7EEFFBDE8F087B8F5801F41
:107D60003BDB4FEA2852A2F2FF32BEF5801F80F2C1
:107D70008F80BEF1000F40F09F80002C23466449A5
:107D800004DD5B00002B01F1FF31FADC614B9A420C
:107D900070DBC9F3130343F480135E4881425BDB5D
:107DA000C5F3130444F48014501A07E052EA0503A3
:107DB00021D0EB0F03EB42036F0001381A1BA7EB36
:107DC0000C05F8B1674538BF02F1FF32002AEDDA41
:107DD000FA0F02EB43037F00EFE7B8F1000F5CD12D
:107DE000BAF1000F53464A4ABFDD5B00002B02F197
:107DF000FF32FADCB9E7454BF60F03EBC606D6E9CE
:107E00000001A9E7674538BF02F1FF32002ABCBF75
:107E10003D461A4652EA0503EDD03F48824208DC4F
:107E2000EB0F03EB4202824201F1FF314FEA4505BD
:107E3000F6DD384B99424EDA5B1A142B54DC01F212
:107E40001E41DD4002FA01F142FA03F31E4341EA0A
:107E50000502314610467FE7401A1F2826DC01F252
:107E60001E450EFA00FE24FA05F504FA00FC45EA68
:107E70000E0499E79F1A1F2F27DC02F21E4308FA0F
:107E800007F82AFA03F30AFA07F743EA080384E734
:107E90004FEA2E51A1F2FF3178E71E4A4FEAC8237C
:107EA0005B00002B02F1FF32FADC5EE71B4D6D1A1E
:107EB000AC404FF0000C77E716494FEACE235B0049
:107EC000002B01F1FF31FADC60E7144B9B1A0AFA30
:107ED00003F3002761E7A2F58012164301F2FF3396
:107EE00046EA0351284637E71F2B07DC01F21E4103
:107EF00002FA01F125FA03F20A43AAE7074B591ADD
:107F00000A41A6E7FFFFEF7F0000F07FB0510300BA
:107F1000EDFBFFFF02FCFFFFFFFF0F00E2FBFFFF97
:107F20002DE9F04F23F0004555EA020493B00DD03F
:107F30006B4E21F00044B4420F4682460BDD04F143
:107F4000404404F5801454EA0A0350D165490020E6
:107F500013B0BDE8F08F9B46944647D0B542EEDCA7
:107F60005F4EB5425DD0002F80468946CDE90023A3
:107F70005BDB0026BCF1000F0ED1594B9D423FD078
:107F8000584B9D4200F08880BBF1804F00F09C80F0
:107F9000554B9B4500F0B8834046494601F094FD9F
:107FA000BAF1000F06D1002C59D04E4B27F04042B9
:107FB0009A4254D0FF0F013F56EA070373D04B4B50
:107FC0009D4240F39B8003F104739D4240F33E8445
:107FD000474B9C4272DDBBF1000F72DD3EA3D3E93B
:107FE000002310461946FDF77BFDB1E728B1414853
:107FF00013B0BDE8F04F01F073BDA542F7DCAFE769
:1080000004F1404303F5801353EA0A039ED0384B32
:108010009C4240F38383BBF1000F52DBDDE900019A
:1080200096E7BCF1000F9ED089E7334B9D4231DCCF
:10803000A3F154739D429CDD2B15A3F2FF33142B47
:1080400040F3A583C3F134032CFA03F202FA03F3DD
:1080500063458ED102F00102C2F102068AE7BBF14C
:10806000000F05DA02460B4600201E49FDF762FEAE
:10807000002FBFF66DAF04F1404404F5801454EABC
:10808000060300F03F84012E7FF462AF01F100434C
:1080900019465DE702266DE7BBF1000FC0F2488389
:1080A0004046494654E742464B4610461946FDF7BE
:1080B0005FFB02460B46FDF73DFE49E7BBF1000FB3
:1080C0008CDB0020002143E742464B4640464946B0
:1080D000FDF706FD3CE700BF9C7500883CE4377E59
:1080E0000000F07F0000F03F0000E03F0000E041B2
:1080F000FFFFEF3F0C560300FFFF3F43B4F5801F27
:1081000080F261830022D24BFDF7EAFC6FF0340C61
:108110000C462315CF4DC4F31302A3F2FF3342F0F4
:108120007F546344AA420B9344F4401440F33F83CA
:10813000C94B9A4240F304849FEDAF7B8DED087BE1
:108140008DED107B9FEDAE7B0B9B8DED067B0133A0
:108150000B93A4F580140025DDE906232146824611
:10816000FDF706FBA346DDE9062380468946504617
:108170002146CDE90CABFDF7FDFA02460B46002087
:10818000B649FDF7D7FD0A460146CDE90E12134662
:10819000494602464046FDF7A3FC631043F00053F6
:1081A00082468B4603F500238C46CDE904AB591972
:1081B000D3460023CDE902BC0293DDE902AB0020E7
:1081C00004460D4602460B4650465946FDF788FCCC
:1081D00002460B4640464946FDF7CAFADDE906234A
:1081E0008046894620462946FDF7C2FA02460B46DC
:1081F000DDE90C01FDF7BCFA52465B46FDF770FC69
:1082000002460B4640464946FDF7B2FADDE90E2329
:10821000FDF766FCDDE90445CDE9060122462B4663
:1082200020462946FDF75CFC77A3D3E900230446EA
:108230000D46FDF755FC76A3D3E90023FDF79AFA26
:1082400022462B46FDF74CFC73A3D3E90023FDF730
:1082500091FA22462B46FDF743FC71A3D3E9002394
:10826000FDF788FA22462B46FDF73AFC6EA3D3E9C8
:108270000023FDF77FFA22462B46FDF731FC6CA365
:10828000D3E90023FDF776FA2246804689462B463D
:1082900020462946FDF724FC02460B464046494647
:1082A000FDF71EFC524604460D465B46DDE904011F
:1082B000FDF760FADDE90623FDF712FC22462B46A6
:1082C000FDF758FA5246804689465B465046594665
:1082D000FDF706FC0022624BCDE90C01FDF74AFADE
:1082E00042464B46FDF746FA02980D4604462246A2
:1082F0002B4650465946FDF7F3FB002282468B463B
:10830000574B20462946FDF733FADDE90C23FDF7EC
:108310002FFA02460B4640464946FDF729FADDE9A9
:108320000423FDF7DDFB2246804689462B46DDE926
:108330000601FDF7D5FB02460B4640464946FDF7D0
:1083400019FA8046894602460B4650465946FDF7C3
:1083500011FA029838A3D3E9002304460D46FDF72D
:10836000BFFB5246CDE904015B4620462946FDF796
:10837000FFF902460B4640464946FDF7F9F930A39E
:10838000D3E90023FDF7ACFB2FA3D3E900238046FC
:10839000894620462946FDF7A3FB02460B46404688
:1083A0004946FDF7E7F9DDE91023FDF7E3F98046DB
:1083B0000B988946FDF72AFB424682468B464B4680
:1083C000DDE90401FDF7D6F9DDE90823FDF7D2F96F
:1083D00052465B46FDF7CEF9029852465B4604468C
:1083E0000D46FDF7C5F9DDE90823FDF7C1F9DDE923
:1083F000042337E0AFF3008000000000000000001D
:10840000000000000000F03FEF4E454A287ECA3FC2
:1084100065DBC9934A86CD3F01411DA96074D13FF8
:108420004D268F515555D53FFFAB6FDBB66DDB3F0A
:10843000033333333333E33F000000E009C7EE3F3B
:10844000FD033ADC09C7EE3FF5015B14E02F3EBEA9
:10845000000040438E98030079B60B000000F03F07
:1084600000000840FDF784F90B46024649464046A5
:10847000FDF77EF9013E56EA070382468B4600F07F
:108480005E819FEDD37B8DED047BDDE9001200233F
:108490000E461746CDE902670293DDE902670846FA
:1084A0003B4611463246FDF763F922462B46FDF75F
:1084B00017FBDDE900238046894650465946FDF703
:1084C0000FFB02460B4640464946FDF753F932463C
:1084D000804689463B4620462946CDE90089FDF77E
:1084E000FFFA0B46024606460F4640464946FDF750
:1084F00041F9D14B994204460D468A4640F3248106
:1085000001F13F4303F5E003034340F0FF81B2A3D1
:10851000D3E90023DDE90001FDF72CF9324680465E
:1085200089463B4620462946FDF722F902460B467E
:1085300040464946FDF764FD002840F0E781A84623
:108540004FEA2853A3F2FE324FF4801313415344F1
:10855000C3F30A52B94DA2F2FF321541C3F313041B
:1085600023EA05010020C2F1140B44F48014BAF18F
:10857000000F02460B4644FA0BFB30463946B8BFA3
:10858000CBF1000BFDF7F4F806460F463246DDE965
:1085900000013B46FDF7EEF84FEA0B5A0D4600246A
:1085A0008FA3D3E9002320462946FDF799FA3246E6
:1085B000804689463B4620462946FDF7D9F80246C3
:1085C0000B46DDE90001FDF7D3F887A3D3E90023CB
:1085D000FDF786FA86A3D3E9002306460F46204618
:1085E0002946FDF77DFA02460B4630463946FDF72F
:1085F000C1F806460F4602460B4640464946FDF77F
:10860000B9F842464B4604460D46FDF7B1F802461E
:108610000B4630463946FDF7ABF822468046894680
:108620002B4620462946FDF75BFA73A3D3E90023C6
:1086300006460F46FDF754FA71A3D3E90023FDF770
:1086400097F832463B46FDF74BFA6FA3D3E9002378
:10865000FDF790F832463B46FDF742FA6CA3D3E9AA
:108660000023FDF785F832463B46FDF739FA6AA349
:10867000D3E90023FDF77EF832463B46FDF730FA9A
:1086800002460B4620462946FDF772F806460F467D
:1086900002460B4620462946FDF722FA0022CDE984
:1086A00000014FF0804330463946FDF761F802463D
:1086B0000B46DDE90001FDF73DFB424606460F464D
:1086C0004B4620462946FDF70BFA42464B46FDF73E
:1086D00051F802460B4630463946FDF749F8224626
:1086E0002B46FDF745F802460B4600205449FDF79E
:1086F0003FF88A44BAF5801FC0F232815146DDE965
:108700000423FDF7EDF923E4002FFFF645AC4046C6
:10871000494613B0BDE8F04F00F056B9BBF1000F69
:10872000BFF6CFACDDE90034184604F100410FE498
:1087300042464B4600204249FDF7FCFA08E49FED13
:10874000387B8DED047BA0E63E4B21F00048984538
:1087500040F3EA803C4B0B4403430AD132463B468C
:10876000FDF706F8DDE90023FDF740FC00283FF4A3
:10877000E7AEDDE904012CA3D3E90023FDF7B0F94E
:1087800029A3D3E90023FDF7ABF9FFF7E1BBBCF167
:10879000000F40F0D280C3F1140345FA03F202FA4D
:1087A00003F3AB4200F0E0806646FFF7E9BB9FEDC4
:1087B000207B8DED087B8DED107B9FED057B0025EB
:1087C0008DED067BC8E44FF0000CA2E4AFF300800F
:1087D000000000000000F03FFE822B654715973C2B
:1087E00000000000432EE63FEF39FAFE422EE63F3E
:1087F000396CA80C615C20BED0A4BE726937663E9D
:10880000F16BD2C541BDBB3E2CDE25AF6A56113F90
:1088100093BDBE166CC1663F3E5555555555C53F77
:10882000000000000000F0BF59F3F8C21F6EA50160
:108830000000000000000000FFFF8F40FFFF0F005E
:108840000000F03FFFCB904000346F3F5A4B9C42FA
:108850007FF734AC594B9C423FF7BDAB0022574BDE
:10886000FCF786FF44A3D3E9002304460D46FDF739
:1088700037F943A3D3E9002382468B462046294695
:10888000FDF72EF90022CDE902014D4B2046294685
:10889000FDF726F902460B463BA1D1E90001FCF7A2
:1088A00067FF22462B46FDF71BF902460B460020C8
:1088B0004449FCF75DFF2246804689462B46204608
:1088C0002946FDF70DF902460B4640464946FDF79D
:1088D00007F92FA3D3E90023FDF702F902460B465F
:1088E000DDE90201FCF744FF02460B46804689465B
:1088F00050465946FCF73EFF002004460D465246BE
:108900005B46AFE502460B46FFF7CFBBDDE904014E
:1089100021A3D3E90023FDF7E3F81FA3D3E9002344
:10892000FDF7DEF8FFF714BB264B98453FF708AE7E
:10893000DDE902239246934631E60026FFF72CBB81
:108940009FED177B8DED087B9FED177B8DED107BE9
:108950009FED177B4FF480258DED067BFFF7FCBB69
:108960005A4601F051F9CAE602F00102C2F10206CC
:10897000FFF706BBAFF30080000000604715F73F2C
:1089800044DF5DF80BAE543E555555555555D53F12
:10899000FE822B654715F73F9C7500883CE4377EC7
:1089A0000000004003B8E23F06D0CF43EBFD4C3E51
:1089B000000000000000F83FFEFFEF3F0000F03F26
:1089C0000000D03F0000E03F5E4A8A432DE9F041BD
:1089D00004460D4600F0958000290B460646844665
:1089E00056DD0F1500F0A580C3F31303A7F2FF3780
:1089F00043F480134FEADC72F80702EB43034FEABB
:108A00004C0504D5ED0F05EB43034FEA8C0500261A
:108A10007F10B44616224FF400110CEB010098426F
:108A20004FEAD5744FEA450503DC1B1A00EB010C35
:108A30000E44013A04EB43034FEA5101EDD11046D5
:108A4000964620244FF0004209E051D05B00013CE3
:108A500003EBD5734FEA52024FEA450537D0634521
:108A600002EB0E01F1DD002901EB020E0ADBE0460C
:108A7000A3EB0C03A94288BF03F1FF336D1A104426
:108A8000C446E3E7BEF1000FF1DB0CF10108EFE7AC
:108A900021F00042024329D0002942D10146CA0AEE
:108AA000153B4905002AFAD012F4801001D044E0A9
:108AB00060465200D40200F1010CF9D5CCF120043B
:108AC00001FA0CFCE1401F1A41EA02038CE72B4338
:108AD00021D14408731003F17F53F20703F500130B
:108AE00048BF44F0004403EB07512046BDE8F08145
:108AF000A942ABD8002901EB020EC3DB9846002344
:108B0000BCE702460B46FCF7EBFF22462B46FCF780
:108B100031FEBDE8F081411C16BF421C01365408ED
:108B2000D8E70246FCF724FE02460B46FDF702F9A1
:108B3000DCE71A4631463B46B6E78C4620244FF028
:108B4000FF30BFE70000F07F30B583B007EE900A3A
:108B50000191019B23F00042B2F1FF4F17DC20F09E
:108B60000041B1F1FF4F054611DCB3F17E5F3FD00C
:108B70009C1704F0020444EAD07481B9022C4CD052
:108B80009FED437A032C08BFF0EE477A03E09DED9A
:108B9000017A77EE277A17EE900A03B030BDF2B172
:108BA000B2F1FF4F29D0B1F1FF4F18D08A1AD21578
:108BB0003C2A35DC002B36DA3C3234DADFED357A0C
:108BC000012C47D0022C3CD0002CE4D0DFED326ADF
:108BD0009FED327A77EEA67A77EEC77ADBE7DFEDA4
:108BE000307A9FED307A002DB8BFF0EE477AD2E7A9
:108BF00003B0BDE8304001F085B8B1F1FF4F30D08F
:108C0000022C0AD0032C39D0DFED277A9FED217A90
:108C1000012C18BFF0EE477ABDE7DFED207ABAE706
:108C2000DFED1F7ACCE7019807EE100AC7EE877ACE
:108C300017EE900A01F044F901F064F807EE900A8B
:108C4000BEE7DFED156A9FED157A77EEA67A77EE2F
:108C5000677AA0E717EE903A03F1004307EE903AE7
:108C600099E7022C10D0032C0BD0DFED107A9FED8A
:108C7000107A012C18BFF0EE477A8CE7DFED047A0A
:108C800089E7DFED0C7A86E7DFED0B7A83E700BF3B
:108C9000DB0F49C0000000002EBDBB33DB0F494095
:108CA000DB0FC93FDB0FC9BF00000080DB0F49BFEE
:108CB000DB0F493FE4CB16C0E4CB164070B5994AB0
:108CC00020F00044944286B06BDD974A94420646F9
:108CD0001CDC002824F00F04DFED947A944A07EEA0
:108CE000100A64DD944277EE677A00F0D5809FED3C
:108CF000917A77EEC76A012077EEE67AC1ED006AD5
:108D000077EEC77AC1ED017A06B070BD8A4A944207
:108D10000D4660DDB4F1FF4F80F2B480E215863A73
:108D2000A4EBC25307EE903ABDEEE77ADFED836A1B
:108D3000B8EEC77A77EEC77A8DED037A67EEA67A3A
:108D4000BDEEE77AB8EEC77A77EEC77A8DED047A92
:108D500067EEA67AF5EE407AF1EE10FACDED057ADF
:108D600040F0CC80B5EE407AF1EE10FA0CBF012352
:108D70000223734901910221009103A8294600F0C2
:108D80007FF9002E11DA95ED007AD5ED017AB1EE7A
:108D9000477AF1EE677A404285ED007AC5ED017AB7
:108DA00003E0002208604A60002006B070BD9442D3
:108DB00077EE277A00F08F809FED5E7A77EE876AF4
:108DC0004FF0FF3077EEE67AC1ED006A77EE877AF2
:108DD000C1ED017AE9E701F073F89FED5A6A9FED62
:108DE000535ADFED546A07EE100AF6EE007AE7EE0A
:108DF000067AFDEEE77AB8EEE76A17EE900AF1EE32
:108E0000465AF0EE477A1F28E5EE857A26EE267A56
:108E100054DD77EEC76A16EE903AE415C3F3C753F4
:108E2000E31A082B54DD9FED487ADFED486AB0EE77
:108E3000675AA5EE875A77EEC57AE5EE877AD6EEC1
:108E4000267A75EE676AB0EE677A16EE903AC3F34B
:108E5000C753E41A192C53DCC5ED006AF0EE457ACD
:108E600077EEE67A002E77EEC77AC5ED017A9CDAC6
:108E7000F1EE666AF1EE677AC5ED006AC5ED017A3A
:108E8000404292E707EE900A77EEE77A0020C1EDC4
:108E9000017AC1ED007A88E7DFED2B6A9FED2B7A2E
:108EA00077EEE67A012077EEC76A77EEE67AC1EDD3
:108EB000006A77EEC77AC1ED017A76E7421E244B4D
:108EC00053F8223024F0FF029A4277EEC76AA2D00C
:108ED000C5ED006AC4E7DFED1C6A9FED1C7A77EEF2
:108EE000A67A4FF0FF3077EE876A77EEE67AC1ED2B
:108EF000006A77EE877AC1ED017A56E7032338E7F7
:108F0000DFED146ADFED144AF0EE457AE5EEA67A5D
:108F100035EE677AA5EEA67A96EE247A77EEC76AE2
:108F2000D6E700BFD80F493FE3CB1640800FC93FBB
:108F3000D00FC93F43443537800F49430000804379
:108F40004052030084F9223F0044353708A3852EA0
:108F5000C051030000A3852E32318D2407EE900A04
:108F6000F1EEE77A17EE900A704700BF20F0004359
:108F7000B3F1485F06EE100A06EE901A2EDAFDEE07
:108F8000C67A17EE903A002B5FD026EE067ADFED18
:108F9000343A9FED344ADFED344A9FED345ADFED29
:108FA000347ADFED345AA7EE234AE7EE044AA7EEFF
:108FB000245AE7EE057AE7EE275A65EE875A66EE01
:108FC000C66AB6EE006AE7EE256AF7EE007AD7EEDB
:108FD000066A77EEE67A17EE900A704726EE067A72
:108FE000DFED1F3A9FED1F4ADFED1F4A9FED1F5A2D
:108FF000DFED1F7ADFED1F5A1F4AA7EE234A934287
:10900000E4EE074AA4EE875AE5EE077AE7EE875AC0
:1090100065EE875AD3DD194A93421BDC03F17F4387
:1090200007EE903AB7EE005A35EE675A66EEC66A1A
:10903000B6EE006AE7EE256AD7EE067A77EEE67AB4
:1090400075EE677A17EE900A7047F7EE007A17EE22
:10905000900A7047B6EE075AF5EE027AE6E700BFCF
:109060004ED747ADF6740F317CF293B4010DD03773
:10907000610BB6BAABAA2A3D9999993E0000483FC8
:109080002DE9F04F2DED048BD7B003F1FF3902939A
:10909000D31E48BF131DBA4C649D0591DB1023EA13
:1090A000E37354F82560039303F10108A2EBC808A9
:1090B00016EB09028646A3EB090316D41A449FED6A
:1090C000B17A6598511C1AAA002BA4BF50F823400E
:1090D00007EE904A03F10103ACBFF8EEE77AF0EE39
:1090E000477A8B42E2EC017AEED1029B002E4FEAE6
:1090F00083044FEA860A1DDB1AAB181943AA73468C
:10910000191902EB0A0742ADF446B9F1000FDFED81
:109110009D7A09DB02466346F3EC016A32ED017A7F
:109120008B42E6EE877AF7D1E5EC017ABD4200F199
:109130000400EAD1AAF1080306ADEB1804939FEDF1
:10914000939ADFED918A009605ABB34674449A4436
:1091500042AF76464FEA8B0356AA1A44BBF1000F82
:1091600052ED146A16DD07EB8B02294666EE897A0A
:10917000B0EE667AFDEEE77A32ED016AF8EEE77A54
:10918000BA42A7EEE87A77EE866ABDEEC77AA1EC1E
:10919000017AEBD1414616EE900A019300F094FE5D
:1091A00008EE100AF4EE007A68EE277A17EE900ABD
:1091B000FEF758F907EE100AF2EE007AA7EE678A7A
:1091C000B8F1000F019BFDEEC89AF0EE487AB8EEB8
:1091D000E98A37EEC88A40F3C6800BF1FF3CC8F13C
:1091E000080255F82C1041FA02F000FA02F2891A2E
:1091F00045F82C1019EE90CA8444C8F1070209EE14
:1092000090CA41FA02F2002A48DD19EE901ABBF129
:10921000000F01F1010109EE901A40F33682D5F8F2
:1092200000C0BCF1000F40F09B80BBF1010F20D0CB
:10923000AE4601205EF8041F00F1010C002900F089
:109240009980E6468C467146CCF5807C8B4545F886
:1092500020C00CDD55F821002B4405EB810100E016
:109260000868C0F1FF0041F8040B9942F8D14FF0B3
:10927000010CB8F1000F0EDDB8F1010F00F02E81E6
:10928000B8F1020F07D10BF1FF3155F8213003F08F
:109290003F0345F82130022A00F00981B5EE408AEB
:1092A000F1EE10FA40F08680009B0BF1FF3C634525
:1092B0000EDC0BF18041013905EB8101002051F8F2
:1092C0000439514540EA0300F9D1002840F00F81EC
:1092D000009B013B55F82330002B40F0FC80049BA1
:1092E0004FF0010C53F804290CF1010C002AF9D0BD
:1092F000DC440BF1010EE64530DC039B029A0EEBD9
:1093000003015A4403EB0C0B1AAB01F1804103EB50
:109310008202659B013903EB810107EB8E0E03EBA3
:109320008B0B51F8043F9FED177A07EE903AF8EE59
:10933000E77A1046B9F1000FE0EC017A09DB334619
:1093400001E072ED017AF3EC016AA342A6EEA77A7E
:10935000F7D15945AEEC017A0246E2D1E346F9E68F
:109360000121002070E715D10BF1FF3255F82220C2
:10937000121248E7E34560467FF45CAF8C4678E71D
:109380008455030000000000000080430000803B83
:109390000000C93FF6EE007AB4EEE78AF1EE10FA6B
:1093A00080F25D81B5EE408AF1EE10FA4FF00002D6
:1093B0003FF47AAFC8F1000118EE100A0192009E46
:1093C00000F082FD5FED106A019A07EE100AB4EE1C
:1093D000E67AF1EE10FAC0F25B815FED147A67EE87
:1093E000277A0BF10103FDEEE77A08F10808F8EEA1
:1093F000E77AA7EEE67AFDEEE77ABDEEC77A17EEDA
:10940000101A45F82B1017EE901A45F82310414614
:109410004FF07E50CDE9002300F056FD019B009AED
:10942000002B07EE100AC0F24A819F0042A907F103
:10943000040E5FED2A6A0F44381D05EB0E0171ED35
:10944000017AF8EEE77AA94267EE877A27EE267A64
:1094500060ED017AF3D10DF1B8081FED336AC4460F
:1094600003F101090025002EC0F20481A24CDFEDBA
:10947000A37A3846B0EE467A002103E0A94208DC20
:10948000B4EC017AF0EC016A01318E42E6EE877AA3
:10949000F4DA01354D45ECEC017AA7F10407E2D18D
:1094A0006499032955D8DFE801F0CAB7B75DF7EE34
:1094B000007A37EEC88ABCF1000F3FF4EFAE17EE2A
:1094C000900A4146019200F0FFFC07EE900A019AD3
:1094D00038EE678AE2E64FF0010C09E70BF1FF3145
:1094E00055F8213003F07F0345F82130D3E655F8D5
:1094F0002C10009E6346A8F10808002987D10CF1C2
:109500008041013905EB810151F80409013BA8F1C3
:1095100008080028F8D07AE7DFED787A002A40F0D2
:10952000BF809DED2E7A0599002BC1ED007A77EE74
:10953000677A0BDD2FA80121B0EC017A01318B4253
:1095400077EE877AF8DA002A40F0B680059BC3ED03
:10955000017A19EE903A03F0070057B0BDEC048B86
:10956000BDE8F08F002B40F3C4809C0056A9214435
:109570000DF1B80803F1804051ED286A013808EB7D
:10958000830171ED017A37EEA67A884577EEC77AC6
:1095900081ED007A77EEA67AF0EE476AC1ED017AA6
:1095A000EFD1012B40F3A58056AB1C448000031D76
:1095B00054ED286A43442FA973ED017A37EEA67A59
:1095C000994277EEC77A83ED007A77EEA67AF0EECD
:1095D000476AC3ED017AEFD10830DFED487A08EB36
:1095E000000308F1080833ED017A984577EE877A91
:1095F000F9D1DDED2E6A9DED2F7A2AB1F1EE666A82
:10960000B1EE477AF1EE677A059BC3ED006A83ED10
:10961000017AC3ED027A9CE7002BFFF67DAF2EA8FE
:1096200000EB8301DFED357A043131ED017A8842B8
:1096300077EE877AF9D1002A3FF473AF30E0DFED9F
:109640002F7AC6443EED017AF04577EE877AF9D15C
:109650000AB1F1EE677A059BC3ED007A79E719EE5E
:10966000902ABBF1000F02F1010209EE902A3ADDC7
:109670000222D4E5DFED217A01354D45ECEC017A8B
:10968000A7F104077FF4EFAE0AE74FF0000CF0E516
:10969000BDEEC77A5B4617EE101A45F82B10B6E6FA
:1096A000DDED2E6A0599B1EE677A002B76EEE77A4A
:1096B00081ED007A3FF73EAFF1EE677A46E76499B5
:1096C00003293FF646AF01A050F821F0DD960200D5
:1096D000199602001996020065950200DFED077ADF
:1096E000002AB6D1B7E7F7EE007A37EEC88A022231
:1096F000D4E5DFED027A7CE75C5503000000000052
:1097000020F00043B3F1485F07EE900A06EE101A0E
:1097100004DABDEEE77A17EE103A23B327EEA77A04
:109720009FED174ADFED174A9FED175ADFED175AE5
:10973000DFED176AE7EE044A27EE874AA4EE875A60
:10974000E5EE075AE5EE876A82B166EEC46AF6EE88
:10975000005AE6EE256ADFED0F5A96EE876AA4EE10
:10976000256A77EEC67A17EE900A70479FED0A6A6F
:10977000A7EE266AE6EE047A17EE900A704700BF5D
:10978000D3C92E2F342FD7B21BEF3836010D50B965
:109790008988083CABAA2A3EABAA2ABE000000007A
:1097A0002DE9F84FBE4B21F000469E4204460D467F
:1097B0008A460EDDBB4B9E4200F3B18000F0AC80C8
:1097C000BAF1000F40F3EA8099A1D1E90001BDE8A8
:1097D000F88FB54B9E4200F3BA80A3F1DE739E4230
:1097E00040F3A5804FF0FF3B22462B4620462946FA
:1097F000FCF776F902460B4680468946FCF770F97D
:109800008DA3D3E9002306460F46FCF769F98CA324
:10981000D3E90023FBF7AEFF32463B46FCF760F985
:1098200089A3D3E90023FBF7A5FF32463B46FCF7AB
:1098300057F987A3D3E90023FBF79CFF32463B4649
:10984000FCF74EF984A3D3E90023FBF793FF3246DC
:109850003B46FCF745F982A3D3E90023FBF78AFFD7
:1098600042464B46FCF73CF97FA3D3E900238046F0
:10987000894630463946FCF733F97DA3D3E9002306
:10988000FBF776FF32463B46FCF72AF97AA3D3E989
:109890000023FBF76DFF32463B46FCF721F978A326
:1098A000D3E90023FBF764FF32463B46FCF718F987
:1098B00075A3D3E90023FBF75BFF32463B46FCF779
:1098C0000FF902460B4640464946FBF753FF224636
:1098D0002B46FCF705F9BBF1FF3F02460B4661D072
:1098E000724B734E4FEACB0B5B44D3E90023FBF77B
:1098F0003FFF22462B46FBF73BFFB34402460B4695
:10990000DBE90001FBF734FFBAF1000F0DDA01F1DA
:1099100000431946BDE8F88F00283FF451AF2246B6
:109920002B4620462946FBF725FFBDE8F88F58A3B4
:10993000D3E90023FBF71EFF00225E4BFCF760FB20
:1099400000283FF44FAF20462946BDE8F88F00F0CD
:10995000BBF8594B9E4204460D4629DCA3F5502323
:109960009E424EDC02460B46FBF704FF0022514BA1
:10997000FBF7FEFE002206460F464FF080432046CE
:109980002946FBF7F7FE02460B4630463946FCF700
:10999000D1F94FF0000B04460D4625E73EA1D1E971
:1099A0000001C2E720462946FBF7E2FEBDE8F88F3A
:1099B000424B9E421ADC0022414BFBF7D9FE0022AB
:1099C00006460F463E4B20462946FCF789F8002202
:1099D000384BFBF7CFFE02460B4630463946FCF7C4
:1099E000A9F94FF0020B04460D46FDE602460B4670
:1099F00000203449FCF79EF94FF0030B04460D4656
:109A0000F2E600222B4BFBF7B3FE002206460F4680
:109A1000284B20462946FBF7ADFE02460B46304652
:109A20003946FCF787F94FF0010B04460D46DBE69B
:109A3000182D4454FB21F93F11DA22E33AAD903F4F
:109A4000EB0D76244B7BA93F513DD0A0660DB13F75
:109A50006E204CC5CD45B73FFF8300922449C23FDD
:109A60000D5555555555D53F2F6C6A2C44B4A2BFA2
:109A70009AFDDE522DDEAD3F6D9A74AFF2B0B33F6A
:109A8000711623FEC671BC3FC4EB98999999C93FE2
:109A90009C7500883CE4377E182D4454FB21F9BFA7
:109AA000FFFF0F440000F07FFFFFDB3FB0550300D6
:109AB000905503000000F03FFFFFF23FFF7F03409F
:109AC0000000F83F0000F0BF21F000431946704746
:109AD00041F0004101F58010C00F70470020704731
:109AE00000200149704700BF0000F87F2DE9F041D8
:109AF000C1F30A57A7F2FF35132D82B002460B4679
:109B00000C464FEAD178064633DC002D4EDB3C494B
:109B1000294103EA0100104326D049080B4052EACC
:109B200003060CD04FF48023132D24EA010143FADD
:109B300005F444EA01040CBF4FF000460026314909
:109B400001EBC8082346D8E900453246204629469D
:109B5000FBF710FECDE9000122462B46DDE90001AE
:109B6000FBF706FE02460B461046194602B0BDE85A
:109B7000F081332D07DDB5F5806FF5D1FBF7FAFDE8
:109B800002460B46F0E7A7F213474FF0FF31F940CA
:109B90000842E9D049080842D1D04FF0804320EA7A
:109BA000010143FA07F741EA0706C8E721F000413F
:109BB0000143D9D0C3F3130101434E420E43114D6B
:109BC0005C0C360B640406F4002305EBC80243EA80
:109BD0000401D2E900450B46024629462046FBF720
:109BE000C9FDCDE9000122462B46DDE90001FBF766
:109BF000BFFD21F00041024641EAC873B4E700BF4F
:109C0000FFFF0F00D0550300F8B5C1F30A53044617
:109C10000D460E4617460BBB21F000460346334364
:109C20001BD0354B0022FBF75BFF344B9F420446B1
:109C30000D4635DBC1F30A530E46363B3B4440F23A
:109C4000FE72934232DC002B11DD26F0FF4626F433
:109C5000E00646EA035520462946F8BD40F2FF7269
:109C60009342EBD102460B46FBF784FDF8BD13F19E
:109C7000350F28DA4CF250339F4222462B460ADD3C
:109C800019A1D1E9000100F093F917A3D3E900234A
:109C9000FBF726FFF8BD16A1D1E9000100F088F915
:109CA00013A3D3E90023FBF71BFFF8BD22462B4685
:109CB0000DA1D1E9000100F07BF90BA3D3E900234A
:109CC000FBF70EFFF8BD26F0FF4626F4E00636331C
:109CD00046EA0355204629460022094BFBF700FFC0
:109CE000F8BD00BFAFF300809C7500883CE4377E70
:109CF00059F3F8C21F6EA50100005043B03CFFFFAE
:109D00000000903C38B520F00044B4F1A14F07EEBC
:109D1000900A05460DDBB4F1FF4F5CDC9FED557AF0
:109D2000DFED557A0028C8BFF0EE477A17EE900AAB
:109D300038BD524B9C4261DCB4F1445F50DB4FF0C4
:109D4000FF3327EEA76A9FED4E1A9FED4E2ADFEDF7
:109D50004E1ADFED4E2A9FED4E3ADFED4E3A9FED63
:109D60004E4ADFED4E4A9FED4E5A9FED4E7ADFEDA3
:109D70004E5A66EE066A5A1CA6EE812AE6EEA12A23
:109D8000A2EE263AE2EEA63AA3EE264AE3EEA64A71
:109D9000A4EE265AA4EEA67AE5EE265A27EE267AF7
:109DA000A5EE867A27EE277A3FD04049404A9B00AD
:109DB0001944D1ED006A37EE667A134437EE677ABC
:109DC000D3ED007A77EEC77A002DB8BFF1EE677A4F
:109DD00017EE900A38BD77EEA77A17EE900A38BDD5
:109DE0009FED347A37EE877AF7EE006AB4EEE67AC2
:109DF000F1EE10FAA3DD17EE900A38BD00F060F81E
:109E00002D4B9C4207EE100A14DCA3F5D0039C42B4
:109E100025DCF0EE007AFFEE006AE7EE276A002309
:109E200037EE277AC6EE877A8BE777EEC77A17EE9A
:109E3000900A38BD214B9C420BDCF7EE087AF7EE16
:109E4000006AE7EE276A022337EE677AC7EE267AC2
:109E500077E7FFEE006AC6EE877A032371E7F7EE35
:109E6000007A77EE676A37EE277A0123C6EE877AA3
:109E700067E700BFDB0FC93FDB0FC9BFFFFFDF3E56
:109E8000D769853C59DA4B3D21A215BD6BF16EBDFA
:109E9000356B883D95879DBD6E2EBA3D388EE3BDEE
:109EA0002549123ECDCC4CBEABAAAA3EF0550300CC
:109EB000E0550300CAF24971FFFF973FFFFF1B40C7
:109EC00020F00040704700BF00B52DED028B83B03D
:109ED0000190019B33F000421DD0B2F1FF4F0FD231
:109EE000B2F5000F20D3D20D0A44FE2A2CDC002A42
:109EF0003DDD23F0FF4343EAC25307EE903A03E00F
:109F000007EE900A77EEA77A17EE900A03B0BDEC41
:109F1000028B5DF804FBDDED017A17EE900A03B0C9
:109F2000BDEC028B5DF804FB9DED017ADFED1B7A41
:109F30001B4B67EE277A9942CDED017A10DB019B2E
:109F4000C3F3C752193ACFE79FED168A019918EE6D
:109F5000100A00F035F807EE900A67EE887AD3E72A
:109F6000DFED117A9DED017A67EE277ACCE712F1E9
:109F7000160F06DA4CF250339942E5DC9FED0A8A5F
:109F8000E4E7193223F0FF4343EAC2539FED077A17
:109F900007EE903A67EE877AB6E700BF0000004C04
:109FA000B03CFFFFCAF249716042A20D00000033CD
:109FB00003F0004321F0004242EA0301704700BF72
:109FC00001F0004120F000400843704708B506202A
:109FD00001F082FE0120F4F74FFA00BF00B50A4CF1
:109FE0002668054685B01C46F06852B1074B0091C3
:109FF000CDE9013206492B46224600F03DFAFFF733
:10A00000E5FF044B1A46F2E7140600200056030051
:10A01000105603000C560300014B1868704700BF30
:10A020001406002070B5002948D005460C4610B132
:10A03000836B002B48D0626EB4F90C30D00740D44B
:10A04000990530D52146284600F05CF8E36A0646BB
:10A0500033B1E169284698470028B8BF4FF0FF3672
:10A06000A3891A063CD4216B41B104F14003994203
:10A0700002D02846F3F70EFE00232363616C21B162
:10A080002846F3F707FE0023636400F0E9F9636EE6
:10A090000022DB07A2811FD5A06D00F051FF00F068
:10A0A000E5F9304670BDA06D00F04CFFB4F90C30FE
:10A0B000002BC7D1666E16F0010616D0002630467A
:10A0C00070BD002BFAD0BDE700F04CF9626EB4F918
:10A0D0000C30D007F5D4B3E7A06D00F035FFDBE717
:10A0E00021692846F3F7D6FDBDE7A06D00F02CFFEF
:10A0F000304670BD024B01461868FFF793BF00BFA2
:10A1000014060020B1F90C309AB22DE9F0410C464A
:10A110001107804644D4626843F40063002AA38197
:10A1200059DDA56A002D53D000229BB2D8F80060FB
:10A13000E169C8F8002013F4805240F083800123C5
:10A140004046A847421C4AD0A389A56AE1695B073B
:10A1500005D56268236B801A0BB1E36BC01A024607
:10A1600000234046A847471C45D0B4F90C3022696B
:10A17000226023F400630022A381DB04626000D527
:10A180002065216BC8F8006011B304F140039942C7
:10A1900002D04046F3F77EFD00202063BDE8F08149
:10A1A0002669AEB12568266092070CBF636900235B
:10A1B000AD1BA3600AE02B463246676AE169404660
:10A1C000B8470028A5EB000506442BDD002DF2DC86
:10A1D0000020BDE8F081E26B002AA2DCF8E7D8F8A5
:10A1E0000030002BB0D01D2B01D0162B2CD1C8F87D
:10A1F00000600020EDE7D8F800101D291AD8154B93
:10A20000B4F90C20CB40DB4313F0010314D12569D2
:10A2100022F40062C4E90053D504A281B1D500291B
:10A22000AFD1ADE7A38943F04003A3814FF0FF30E6
:10A23000BDE8F081B4F90C2042F04002A2814FF059
:10A24000FF30C6E7206D82E7A38943F04003A38176
:10A25000BFE700BF0100402038B50D46044608B1F5
:10A26000836BA3B1B5F90C00B8B16B6EDB0701D4F9
:10A2700081051AD520462946FFF744FF6B6EDA07A1
:10A28000044602D4AB899B050AD5204638BD00F0B0
:10A2900069F8B5F90C000028E7D10446204638BD1E
:10A2A000A86D00F051FE204638BDA86D00F04AFEB2
:10A2B000E0E700BF20B1054B01461868FFF7CCBFAF
:10A2C000034B0449186800F0DDBD00BF14060020F0
:10A2D0004457030059A2020010B5002304468181AF
:10A2E000C281C0E9003383604366C0E904338361FF
:10A2F000194608225C3001F0EBFA07480749084A82
:10A30000084BE362C4E90740C4E9091204F15800AC
:10A31000BDE8104000F012BE15BD020039BD0200BC
:10A3200075BD020095BD0200014900F0ABBD00BF44
:10A3300025A0020070B54A1E682505FB02F50E46F1
:10A3400005F17401F3F764FC044640B100210C30C0
:10A35000666005F168022160A06001F0B9FA20464C
:10A3600070BD00BF10B50446124800F0EBFDA26BB3
:10A37000D2B904F53B731048C4F8E8320321C4F89D
:10A38000E022E063C4F8E41260680421FFF7A4FF50
:10A3900001220921A068FFF79FFF02221221E06835
:10A3A000FFF79AFF0123A3630248BDE8104000F0C5
:10A3B000CBBD00BF7CB9002029A3020070B50646C2
:10A3C000244800F0BFFD244B1D68AB6B83B305F53B
:10A3D0003875D5E90134013B05D525E0013B5A1C10
:10A3E00004F1680420D0B4F90C20002AF6D100252D
:10A3F0001A4BE36004F15800656600F09FFD1548B4
:10A4000000F0A2FD2560C4E90155C4E90455A56129
:10A410002946082204F15C0001F05AFAC4E90C55FF
:10A42000C4E91155204670BD2C682CB12546D0E7F3
:10A430002846FFF797FFCAE704213046FFF77AFF67
:10A44000044628600028F1D1024800F07DFD0C236D
:10A450003360E7E788B90020445703000100FFFF9D
:10A46000014800F06FBD00BF88B90020014800F02E
:10A470006BBD00BF88B900200EB410B583B005AB2A
:10A48000064C53F8042B01930146206803F0ECF8C6
:10A4900003B0BDE8104003B0704700BF14060020B1
:10A4A000F0B5134683B00F4601AA1946064604F0DC
:10A4B000F5FF002836D005463046FFF77FFF0446FB
:10A4C00000282FD039464FF4DB73019A304601F053
:10A4D00049FA071E30DB636EDB0715D51C4B1D499F
:10A4E0001D4AE781C4E90743C4E909121B4BA58152
:10A4F000E905E3620FD4636EDA0702D4A3899B05F2
:10A5000014D5204603B0F0BDA3899805E6D4A06D0C
:10A5100000F018FDE2E7304602230022214600F059
:10A520006BF9E8E70024204603B0F0BDA06D00F011
:10A530000BFD204603B0F0BD0025FFF791FFA5817C
:10A54000A06D00F0FDFC2C46FFF790FFD9E700BF9F
:10A5500015BD020039BD020075BD020095BD0200A7
:10A56000024B0A4601461868FFF79ABF14060020FE
:10A57000F8B5244F0C460646F3F78DFFBB685D68BF
:10A58000C4F57E610F3125F00305294421F47F6174
:10A5900021F00F01A1F58054B4F5805F07DB0021A5
:10A5A000304601F093FABB682B44984204D0304601
:10A5B000F3F775FF0020F8BD6142304601F086FADE
:10A5C00001300DD0104BBA6819682D1B45F00105FC
:10A5D0003046091B55601960F3F761FF0120F8BD93
:10A5E0000021304601F072FABA68831A0F2BDEDDC3
:10A5F000064C0549246843F00103001B53600860C2
:10A60000D5E700BFAC0B00204C340020B40F002075
:10A61000002953D0F8B50C460646F3F73CFF54F832
:10A6200004CC714F2CF00101A4F108056B18B86837
:10A630005A68984222F0030253D01CF0010F5A606E
:10A6400003EB02003BD154F808CC4068A5EB0C05A5
:10A6500007F1080EAC687445614400F0010075D044
:10A66000D5F80CC0C4F80CC0CCF8084060B341F079
:10A6700001036B606950B1F5007F50D34B0A042B86
:10A6800070D88B0903F13904E40003F1380238195A
:10A690003B590838984278D05A6822F003028A421F
:10A6A00071D99B689842F7D1C368C5E902039D60E0
:10A6B000C5603046BDE8F840F3F7F1BE704740682A
:10A6C00000F001000028D2D19868484C1144A04203
:10A6D00041F0010262D0DB68C36098606A60695033
:10A6E000C9E71CF0010F0A4407D154F8083CED1AE1
:10A6F0001A44D5E90213CB6099603D4B1B6842F0C8
:10A70000010193426960BD6004D83A4B3046196834
:10A71000FFF72EFF3046BDE8F840F3F7C0BEC9088A
:10A7200078684A1C012389108B40034307EBC20160
:10A7300057F832007B600839C5E9020147F832500A
:10A74000C5603046BDE8F840F3F7A9BE002845D102
:10A750000A44D3E9021342F00100CB6099606860BB
:10A76000AA50D7E7142B08D9542B1ED80B0B03F192
:10A770006F04E40003F16E0289E703F15C04E40076
:10A7800003F15B0283E718468EE793107968012294
:10A7900002FA03F30B437B60034686E7C7E90455DF
:10A7A000C5E902006A606950B4E7B3F5AA7F06D82C
:10A7B000CB0B03F17804E40003F1770267E740F282
:10A7C0005452934206D88B0C03F17D04E40003F14C
:10A7D0007C025CE74FF47E747E2258E741F0010270
:10A7E0006A60196096E700BFAC0B0020B40B002034
:10A7F000B80F00207C34002000F000B82DE9F04FA5
:10A800000C4697B091461F46064618B1836B002B45
:10A8100000F08F80626EA389D20702D49D0540F1BB
:10A82000A18003F48473B3F5847F00F09680D4F89C
:10A830002880B8F1000F7FD0012F13D0022F00F035
:10A840008780002F00F08480636E1622D907326063
:10A8500002D4A3899A0577D54FF0FF35284617B063
:10A86000BDE8F08F21463046FFF7F6FCA38913F4CC
:10A87000805240F03181E1693B463046C047411C7F
:10A88000054600F0DC80A38922695F0740F1E8807B
:10A890006368216BED1A09B1E06B2D1AA9444FF0E2
:10A8A000010A0027002A00F0E580B4F90C3040F6D8
:10A8B0001A019AB20A4208D1520566D4944A9045C8
:10A8C00000F0FB8043F40063A38121463046FFF78C
:10A8D000C3FC002840F0BF803B464A46E169304651
:10A8E000C047013000F0B780216B41B104F1400353
:10A8F000994202D03046F3F7CDF900232363A389B0
:10A900002269226023F402630021A381616008228E
:10A9100004F15C0000F0DCFF656E15F0010503D169
:10A92000A3899B0540F193800025284617B0BDE818
:10A93000F08FFFF717FD6DE7636E1D22D8073260B9
:10A940008AD4A3899A0587D4A06D00F0FDFA83E725
:10A950004FF0000A22695546A4E721463046FFF72A
:10A960007BFC64E7A06D00F0EDFAA38959E7019A3A
:10A97000B4F90C3002F47042B2F5004FA2D143F4A6
:10A9800080634FF48062A381E264002F40F08880EE
:10A99000CB46BAF1000F72D1A389DB047ED45246B4
:10A9A0000123E1693046C047451C8ED06368216BA6
:10A9B000C51A1A46002968D0E06B2D1AA26BD4F88C
:10A9C00010C01D44A2EB0C02AD1A0244AB4580F24C
:10A9D0008580E56CE1696D4205EA0B052A46002396
:10A9E0003046C04701303FF470AF2369216B2360CC
:10A9F0000023636041B104F14003994202D0304624
:10AA0000F3F748F900232363A389BBEB050B23F07D
:10AA10002003A38110D02146304600F0CBFF002850
:10AA20007FF453AF63685B45FFF44FAF2268A3EB3D
:10AA30000B035A44C4E900230822002168E7636E2F
:10AA4000DA073FF509AFA3899B053FF505AFA06D78
:10AA500000F07AFA02E7636ED9077FF5FAAEFBE6FB
:10AA600018077FF51BAF2368002B3FF417AF9B1A25
:10AA70001D4413E72146304600F096FA15E7216B96
:10AA800011B16368E06B99E762682068D4F810C080
:10AA9000A0EB0C002D1A0244002197E7206D85E7FA
:10AAA0006A46B4F90E10304600F034F800287FF4FE
:10AAB0000CAF049B09EB030B6BE7B4F90E100029F4
:10AAC000FFF600AF6A46304600F024F800283FF455
:10AAD0004EAFB4F90C30F5E6256DD5E6AB185B4505
:10AAE0007FF677AFABEB05050CEB0503521BC4E912
:10AAF000003241B104F14003994202D03046F3F7ED
:10AB0000C9F800232363A38923F02003A38193E7DB
:10AB100075BD020038B50B46074C05461146184670
:10AB200000232360F3F7B5FE431C00D038BD236833
:10AB3000002BFBD02B6038BD68B900209368002B38
:10AB400000F0E4802DE9F04FB1F90C309BB20C46D7
:10AB5000190783B08246904635D522699AB313F01F
:10AB60000202D8F800603DD00027D4F824B0D4F811
:10AB70001CC0DFF8C0923D464D452B463A4628BFE3
:10AB80004B4661465046D5B1D847002840F3C680B1
:10AB9000D8F808301B1A07442D1AC8F80830002BC3
:10ABA00000F0B080D4F81CC0D4F824B04D452B463A
:10ABB0003A4628BF4B4661465046002DE4D1D6E9BF
:10ABC00000750836D8E72146504603F065FC00289A
:10ABD00040F02A81B4F90C30D8F800609BB213F031
:10ABE0000202C1D113F001095DD1A76820684D466A
:10ABF000002D54D09A0540F19B80AF42BB4600F235
:10AC0000D88013F4906F2FD0D4E9041707EB4707CF
:10AC1000A0EB010B07EBD777681C7F105844B842B4
:10AC20003A4684BF07463A465B0540F1D380114659
:10AC30005046F2F7EDFF002800F0F0805A462169F7
:10AC4000019000F047FDA289019B22F4906242F03E
:10AC50008002A281A7EB0B0203EB0B00676123616B
:10AC60002060A2602F46AB465A46494600F0CCFD14
:10AC7000A2682368D21B5B442F46A2602360002594
:10AC8000D8F80830DB1BB944C8F80830002B39D09D
:10AC9000B4F90C30A76820689BB2002DAAD1D6E980
:10ACA00000950836A4E733469146104617464E46AF
:10ACB0009B46002F6BD0002871D0D4E90412206885
:10ACC000B9454B4628BF3B46884203D9A568154481
:10ACD000AB4271DC9A4200F393801346656AE169E6
:10ACE00032465046A847051E18DDB9EB05090FD0BE
:10ACF0000120D8F808305B1B2E447F1BC8F80830B1
:10AD0000002BD6D1002003B0BDE8F08F00207047A3
:10AD100021465046FFF7A0FA0028EAD0B4F90C30DB
:10AD200043F040034FF0FF30A38103B0BDE8F08F44
:10AD30002369834215D36169A94212D83C4B676AE3
:10AD40009D4294BF2B466FF000434A4693FBF1F3BC
:10AD5000504601FB03F3E169B847071EDEDDED1B3A
:10AD60008EE7AF4228BF2F463A46494600F04CFDD9
:10AD7000A3682268DB1B3A44A3602260002BEED15B
:10AD800021465046FFF768FA0028E8D0C6E70BF1E5
:10AD9000080353E902679B460833002FF9D03A466F
:10ADA0000A21304600F014FC38B30130A0EB06094C
:10ADB00083E72F46AB4657E731462A4600F024FD8D
:10ADC00023682B44236021465046FFF745FA0028AC
:10ADD0008BD0A3E75046F2F7ABFE034600287FF482
:10ADE00039AF21695046F2F755FFB4F90C300C2207
:10ADF00023F08003CAF8002092E707F101095CE71D
:10AE00001A463146019300F0FFFC019BA1682268BD
:10AE1000C91A1A44A16022601D4666E70C23CAF8CD
:10AE20000030B4F90C307BE74FF0FF306BE700BF28
:10AE3000FEFFFF7F00FCFF7F2DE9F04110F5387722
:10AE40001BD088460026D7E90154013D0FD4A389C1
:10AE5000012B05F1FF35204605D9B4F90E30013339
:10AE600001D0C04706436B1C04F16804EFD13F6872
:10AE7000002FE8D13046BDE8F0813E463046BDE8BF
:10AE8000F08100BF2DE9F84310F538771FD08846D0
:10AE900006464FF00009D7E90154013D11D4A389BA
:10AEA000012B05F1FF352146304606D9B4F90E30A5
:10AEB000013302D0C04749EA00096B1C04F1680461
:10AEC000EDD13F68002FE6D14846BDE8F883B9468A
:10AED0004846BDE8F88300BF70B50D4E0D4D761B9A
:10AEE000B61006D00024013455F8043B9847A6421A
:10AEF000F9D1094E094D761B04F0B8FFB61006D003
:10AF00000024013455F8043B9847A642F9D170BD9E
:10AF1000C00F0020C00F0020EC0F0020C00F002049
:10AF2000044B054A1B685B6B002B08BF134693F864
:10AF30002801704714060020400A0020704700BF17
:10AF4000704700BF704700BF704700BF70B50C4628
:10AF5000B1F90E10002996B015461E460FDAA289E7
:10AF6000002312F08000336004D14FF480632B6023
:10AF700016B070BD402218462A6016B070BD6A46F1
:10AF8000FFF7C8FD0028EADB019B03F47043A3F53B
:10AF90000053B3FA83F35B094FF480624FF400600F
:10AFA00033602A6016B070BD8A8992070B4606D5B9
:10AFB00001F1430201211A60C3E90421704770B511
:10AFC00082B001AB6A460C460546FFF7BFFF009909
:10AFD00006462846F2F71CFEB4F90C30D8B11649E3
:10AFE000E963019A0099206043F08003A381C4E9DA
:10AFF00004011AB93343A38102B070BD2846B4F9E5
:10B000000E1004F007FBA0B1A38923F0030343F063
:10B0100001031BB2EEE79A05EED423F0030304F11B
:10B02000430243F002030121A3812260C4E9042109
:10B03000E2E7B4F90C30DDE729A30200024B014638
:10B040001868F2F7E5BD00BF14060020024B014668
:10B050001868F2F71FBE00BF140600202DE9F04F5C
:10B0600001F10B05162D83B0064623D8102900F2F6
:10B07000B980F3F710FA102518230220C54F3B447E
:10B08000A3F108025C68944200F06681636823F0D3
:10B0900003032344D4E902515A68E96042F00102F3
:10B0A0008D6030465A60F3F7FAF90834204603B051
:10B0B000BDE8F08F35F0070500F19480A94200F259
:10B0C0009180F3F7E8F9B5F5FC7FC0F083816B0A56
:10B0D00000F08F80042B00F24681AB0903F13900A8
:10B0E00003F1380CC300AB4F3B44A3F108015C688B
:10B0F000A14206D10CE0002A80F21D81E468A14241
:10B1000006D0636823F003035A1B0F2AF3DD604661
:10B110003C69DFF894C2644571D0636823F003038F
:10B120005A1B0F2A00F34481002AC7E904CC80F29D
:10B130002681B3F5007F80F06981DB08591C7A68AD
:10B1400057F83180C4F808804FF0010E9B100EFABA
:10B1500003F307EBC10E1343AEF10802E2607B601C
:10B1600047F83140C8F80C408210012494409C42BA
:10B170004BD81C4206D120F0030064001C4200F1B1
:10B180000400FAD007EBC009CE468046DEF80C304A
:10B190009E4507D122E1002A80F22981DB689E4585
:10B1A00000F01C81596821F003014A1B0F2AF2DDCF
:10B1B000D3E9028E5C1945F001055D6042F001059E
:10B1C000C8F80CE03046CEF80880C7E90444C4E96A
:10B1D00002CC65605A500193F3F761F9019B03F1CA
:10B1E000080463E700240C232046336003B0BDE865
:10B1F000F08F4FF4007340204FF03F0C73E77B68F3
:10B200008210012494409C42B3D9BC68636823F047
:10B210000309A94503D3A9EB05030F2B7BDC5E4B88
:10B22000DFF888A11A68DAF80030013305EB02086C
:10B2300000F0488108F5805808F10F0828F47F686D
:10B2400028F00F084146304600F040FCB0F1FF3FC7
:10B25000834600F0048104EB0900584500F2FD80AC
:10B260004E4A13684344136000F04D81DAF8001031
:10B2700001311BBFABEB00001B18CAF800B0136014
:10B280001BF0070300F03481C3F10801C3F58053BC
:10B290008B440833D844C8F30B08A3EB0808414695
:10B2A0003046019200F012FC431C019A00F04681E6
:10B2B000A0EB0B01414441F001011368C7F808B04D
:10B2C0004344BC42CBF80410136015D0B9F10F0F02
:10B2D00040F230816068A9F10C0121F0070100F013
:10B2E000010004EB010C08434FF0050E0F296060CC
:10B2F000CCE901EE00F23A81294A2A481168BC687B
:10B300008B42016888BF136062688B4222F003029F
:10B3100088BF0360A7E0621943F0010345F001050F
:10B3200065603046BA605360F3F7B9F808342046D8
:10B3300003B0BDE8F08F2344E1685A68A56842F085
:10B340000102E96030468D605A60F3F7A8F80834CE
:10B35000204603B0BDE8F08FDC68A34208BF02308E
:10B360003FF4D6AE92E6142B71D9542B00F2AD8087
:10B370002B0B03F16F0003F16E0CC300B3E6234403
:10B3800030465A6842F001025A600834F3F787F8F1
:10B390008CE600BFAC0B00207C3400204C34002035
:10B3A0007434002078340020B40B0020B40F002047
:10B3B000611945F0010E42F00105C4F804E0304681
:10B3C000C7E90411C1E902CC4D60E250F3F767F818
:10B3D00008346BE6E80805F108034FE608F10108B8
:10B3E00018F0030F0EF1080E7FF4D0AE52E01944AE
:10B3F0001C464A68DB6854F8085F42F001024A6064
:10B400003046EB609D60F3F74AF84FE65A0A042A8B
:10B4100035D9142A6FD802F15C01C9005B3207EB01
:10B42000010E7958AEF1080E8E4558D04A6822F0C8
:10B4300003029A4202D989688E45F7D1D1F80CE00F
:10B440007B68C4E9021ECEF80840CC608CE603F1AC
:10B450005C0003F15B0CC30045E6BC4272D0BC68E3
:10B46000626822F003029542A2EB050302D80F2B7B
:10B470003FF751AF3046F3F712F8002416E69A0969
:10B4800002F13901C9003832C9E7D9F8009099456D
:10B4900040F0838010F0030FA9F1080300F1FF30A2
:10B4A000F3D17B6823EA04037B6064009C423FF68F
:10B4B000ACAE1CB9A9E6640008F104081C42FAD03D
:10B4C00040465FE608F11008BCE6B3F5AA7F26D82F
:10B4D000EB0B03F1780003F1770CC30003E67B6804
:10B4E00092104FF0010808FA02F213437B60A8E7BC
:10B4F0004FF48053CEE6542A29D81A0B02F16F017B
:10B50000C9006E328BE7C0F30B0100297FF4AEAEA9
:10B5100009EB0802B96842F001024A60ECE640F229
:10B52000545293421CD8AB0C03F17D0003F17C0C08
:10B53000C300D8E50123CBF804309BE701214FF08D
:10B540000008BAE6164A1368434413608EE6B2F563
:10B55000AA7F14D8DA0B02F17801C90077325EE7CE
:10B560004FF47E737F204FF07E0CBCE504F10801A0
:10B5700030460192F2F78EFB019A1368BCE640F266
:10B5800054518A4205D89A0C02F17D01C9007C32DF
:10B5900045E74FF47E717E2241E77B6885E700BF77
:10B5A0004C34002082B049B15AB16BB113780B60B2
:10B5B0001278101C18BF012002B0704701A9002AA0
:10B5C000F3D1104602B070476FF00100F4E700BFFE
:10B5D00001F0FF01102A2BDB10F0070F08D010F844
:10B5E000013B013A8B422DD010F0070F42B3F6D148
:10B5F000F0B441EA012141EA014122F007047FF061
:10B6000000070023F0E80256083C85EA010586EAB7
:10B61000010685FA47F5A3FA87F586FA47F6A5FAF3
:10B6200087F68EB9EED1F0BC01F0FF0102F00702FF
:10B6300032B110F8013B013A83EA010313B1F8D1AA
:10B640000020704701387047002D06BF354603388B
:10B65000073815F0010F07D1013015F4807F02BFC4
:10B66000013015F4C03F0130F0BC0138704700BF15
:10B67000032A70B414D940EA0105AD0704460B460D
:10B6800022D11D682668AE421946204603F1040304
:10B6900004F1040418D1043A032A20461946F0D8CC
:10B6A000541E72B102780B789A4208BF641806D013
:10B6B0000CE010F8012F11F8013F9A4206D1A14287
:10B6C000F7D1002070BC7047541EEBE7D01A70BC55
:10B6D000704700BF844641EA000313F003036DD1B5
:10B6E000403A41D351F8043B40F8043B51F8043B45
:10B6F00040F8043B51F8043B40F8043B51F8043B4C
:10B7000040F8043B51F8043B40F8043B51F8043B3B
:10B7100040F8043B51F8043B40F8043B51F8043B2B
:10B7200040F8043B51F8043B40F8043B51F8043B1B
:10B7300040F8043B51F8043B40F8043B51F8043B0B
:10B7400040F8043B51F8043B40F8043B51F8043BFB
:10B7500040F8043B51F8043B40F8043B51F8043BEB
:10B7600040F8043B403ABDD2303211D351F8043B8B
:10B7700040F8043B51F8043B40F8043B51F8043BCB
:10B7800040F8043B51F8043B40F8043B103AEDD23A
:10B790000C3205D351F8043B40F8043B043AF9D28B
:10B7A000043208D0D2071CBF11F8013B00F8013B5E
:10B7B00001D30B8803806046704700BF082A13D36B
:10B7C0008B078DD010F003038AD0C3F10403D21A83
:10B7D000DB071CBF11F8013B00F8013B80D331F8B7
:10B7E000023B20F8023B7BE7043AD9D3013A11F837
:10B7F000013B00F8013BF9D20B7803704B784370A2
:10B800008B788370604670478842F0B40DD98B18EE
:10B8100083420AD9841832B1224613F8014D02F846
:10B82000014D9942F9D1F0BC70470F2A49D940EA3D
:10B8300001039B0747D1A2F110031B0901F1200767
:10B8400007EB031701F1100400F1100554F8106C18
:10B8500045F8106C54F80C6C45F80C6C54F8086CF6
:10B8600045F8086C54F8046C45F8046C1034BC427C
:10B8700005F11005EAD1013302F00F051B01032D7C
:10B880001944034421D91F1F0E462C46043C56F888
:10B8900004CB47F804CF032CF8D82C1F24F0030462
:10B8A00004342344214402F00302002ABBD0013BAC
:10B8B0000A4411F8014B03F8014F9142F9D1F0BC51
:10B8C00070470346F1E70346F1E72A46EDE700BF7C
:10B8D000F0B4860743D0541E002A3ED0CAB20346B5
:10B8E00002E014F1FF3438D303F8012B9D07F8D19F
:10B8F000032C2BD9CDB245EA05250F2C45EA054589
:10B9000016D9A4F110073F0903F1200606EB07162C
:10B9100003F1100242E9045542E902551032B242E5
:10B92000F8D104F00F040137032C03EB07130DD9F2
:10B930001E462246043A032A46F8045BFAD8221F20
:10B9400022F003020432134404F003042CB1C9B200
:10B950001C4403F8011B9C42FBD1F0BC7047144609
:10B960000346C5E770B50D46084C114606461A4613
:10B97000284600232360F3F77FF8431C00D070BDF6
:10B980002368002BFBD0336070BD00BF68B9002076
:10B99000024B0A4601461868F2F7CAB8140600209E
:10B9A000838903F00903092B01D000207047FEF7BB
:10B9B00081BC00BFF8B50C46054610B1836B002B67
:10B9C00040D0B4F90C309AB2970407D4626E43F4B5
:10B9D000005322F400526266A3819AB200219606B7
:10B9E000616038D450071AD4D10662D512074ED4FC
:10B9F00043F00403A3812369002B55D0B4F90C70E4
:10BA0000BEB2B3072AD12269226028466369256A3B
:10BA1000E169A8470028606017DD0020F8BD216BB0
:10BA20000029E8D004F14003994202D02846F2F7F9
:10BA300031F9E36B636000202063002BDBD0A36B44
:10BA40002360F8BDFEF78EFCBBE7B4F90C3016D1CD
:10BA500043F02003A3814FF0FF30F8BD194B1A4982
:10BA600018680123A38106F00906FFF7E5F9092EFE
:10BA7000A781C8D121462846FEF744FBC3E743F01F
:10BA800040030022A38162604FF0FF30F8BD2146E1
:10BA90002846FEF7E1FB0028DDD1B4F90C30A060A8
:10BAA000A06123F00803A3E721462846FFF77CFAAC
:10BAB000A4E743F0400309222A604FF0FF30A3813E
:10BAC000F8BD00BF44570300A1B9020038B5074CC8
:10BAD0000023054608462360F2F7B8FC431C00D05B
:10BAE00038BD2368002BFBD02B6038BD68B900201F
:10BAF00000290CBF022200224FF4806300F000B83E
:10BB00002DE9F0435D4C256883B00446884616460F
:10BB10001F4615B1AB6B002B7ED0022E05D0012E37
:10BB200000F2A980002FC0F2A680636EDA0735D537
:10BB300021462846FEF790FB216B41B104F14003FA
:10BB4000994202D02846F2F7A5F800232363B4F9FE
:10BB50000C3000221806A261626061D423F44A63AB
:10BB600023F00303022EA3811FD10025616E002064
:10BB700004F1430243F00203A060C9074FF0010043
:10BB8000A3812260C4E9042004D49B0502D4A06DE3
:10BB9000FFF7DAF9284603B0BDE8F083A3899B05D7
:10BBA000C6D4A06DFFF7CEF9C2E701AB6A462146C5
:10BBB0002846FFF7CBF9A3891843A081002F36D17F
:10BBC000009F3846FFF73AFA8046002842D0A38902
:10BBD00043F08003A381AB6B7BB3009AB4F90C30C4
:10BBE000C4F80080BA421CBF43F40063A381012E55
:10BBF00004BF43F00103A3819BB213F00802C4E920
:10BC000004871ED1A260656E15F00105BDD0002528
:10BC1000284603B0BDE8F0832846FEF7A3FB7CE787
:10BC200021692846F2F736F8B4F90C3096E7B8F1F6
:10BC3000000FC6D0AB6B002BCFD12846FEF792FB8E
:10BC4000CBE7DA0704D57F420022A761A260DAE7DA
:10BC5000A760D8E7DDF80090B94504D1B4F90C30FD
:10BC60004FF0FF3582E74846FFF7E8F980460028A5
:10BC7000F4D04F46ABE74FF0FF358BE714060020BA
:10BC80001F2938B522D8D0F8DC3205460C466BB1F6
:10BC900053F8212052B1012A12D0511C12D0002594
:10BCA000204643F824509047284638BD284600F0E7
:10BCB0002FF8224601462846BDE8384000F014B867
:10BCC000002038BD16230360012038BD1623036011
:10BCD0004FF0FF3038BD00BF024B01461868FFF738
:10BCE000CFBF00BF1406002038B50B46074C0546F1
:10BCF000114618460023236004F0B0F8431C00D01E
:10BD000038BD2368002BFBD02B6038BD68B90020FC
:10BD100004F09CB810B50C46B1F90E1003F0B6FF54
:10BD2000002803DB236D0344236510BDA38923F49E
:10BD30008053A38110BD00BF2DE9F0411646B1F933
:10BD40000C201F46D3050C460546B1F90E1007D549
:10BD50000022022303F07EFCB4F90C20B4F90E108B
:10BD600022F48052A2813B4632462846BDE8F0418B
:10BD700002F07CBB10B50C46B1F90E1003F06AFC62
:10BD8000A389421C0EBF23F4805343F480532065E3
:10BD9000A38110BDB1F90E1002F0E4BB0000000059
:10BDA000A2EB0300704700BF02780B78012A28BF7E
:10BDB0009A42F5D16DE9044540EA0104CDE90267F4
:10BDC0006FF0000C4FEA447212B380EA010414F0E1
:10BDD000070F6AD100F0070420F0070004F0030504
:10BDE00021F007014FEAC505F0E8042314F0040F21
:10BDF000F1E804670CFA05F462EA040266EA040654
:10BE00000AD063EA0403624667EA0407664603E071
:10BE1000F0E80423F1E8046782FA4CF582EA0604AC
:10BE2000A4FA8CF46CBB83FA4CF583EA0705A5FAF7
:10BE30008CF595B950E9022351E9026782FA4CF575
:10BE400082EA0604A4FA8CF483FA4CF583EA070527
:10BE5000A5FA8CF52543DBD09CB92DBAB5FA85F44B
:10BE600024F0070427FA04F1DDE9026723FA04F35A
:10BE700003F0FF0001F0FF01FDE80445A0EB010025
:10BE8000704724BAB4FA84F424F0070426FA04F1C3
:10BE9000DDE9026722FA04F202F0FF0001F0FF017F
:10BEA000FDE80445A0EB0100704714F0030F3CD1FE
:10BEB00010F0030428D150F8082B51F8083B82FAFF
:10BEC0004CF582EA0305A5FA8CF55DB950F8042C0F
:10BED00051F8043C82FA4CF582EA0305A5FA8CF588
:10BEE000002DE8D02DBAB5FA85F424F0070423FA22
:10BEF00004F122FA04F202F0FF0001F0FF01FDE874
:10BF00000445A0EB010070474FEAC40420F0030091
:10BF100050F8082B21F0030151F8083B0CFA04F407
:10BF200062EA040263EA0403C9E710F003041AD0CA
:10BF3000A1EB040120F00300E40750F8042B06D025
:10BF40000FD28B785FFAA2F4E41A06D12BB1CB782A
:10BF50005FFAB2F4E41A00D11BB920465DF8104B29
:10BF6000704701F1040150F8042BCC0721F00301C4
:10BF700051F8043B48D824D222F07F4482FA4CF591
:10BF800094EA1325A5FA8CF50AD165B951F8043B5A
:10BF900084EA0204B4EB036F0ED150F8042BEBE7F4
:10BFA0004FEA132355E035F07F454DD10878FDE881
:10BFB0000445C0F1000070474FEA126203F0FF032E
:10BFC00047E002EA1C4482FA4CF594EA1345A5FACC
:10BFD0008CF50AD165B951F8043B84EA0204B4EB4C
:10BFE000034F0CD150F8042BEBE74FEA134330E03A
:10BFF00015EA1C4528D10B884FEA124229E04FEA86
:10C00000124203EA1C4324E002F0FF0482FA4CF5DA
:10C0100094EA1365A5FA8CF50AD165B951F8043B89
:10C0200084EA0204B4EB032F09D150F8042BEBE7A8
:10C030004FEA13630DE015F0FF0F05D10B684FEACF
:10C04000122223F07F4304E04FF00000FDE8044596
:10C05000704712BA1BBA82FA4CF482EA0304A4FABB
:10C060008CF5B5FA85F402FA04F203FA04F34FEA08
:10C070001260FDE80445A0EB13607047000000006B
:10C0800090F800F06DE9024520F007016FF0000C18
:10C0900010F0070491F820F040F049804FF00004C0
:10C0A0006FF00700D1E9002391F840F000F108009B
:10C0B00082FA4CF2A4FA8CF283FA4CF3A2FA8CF3D3
:10C0C0004BBBD1E9022382FA4CF200F10800A4FA3A
:10C0D0008CF283FA4CF3A2FA8CF3E3B9D1E904238E
:10C0E00082FA4CF200F10800A4FA8CF283FA4CF3C5
:10C0F000A2FA8CF37BB9D1E9062301F1200182FA7F
:10C100004CF200F10800A4FA8CF283FA4CF3A2FA84
:10C110008CF3002BC6D0002A04BF04301A4612BA92
:10C12000B2FA82F2FDE8024500EBD2007047D1E995
:10C13000002304F00305C4F100004FEAC50514F024
:10C14000040F91F840F00CFA05F562EA05021CBFF5
:10C1500063EA050362464FF00004A9E770B404786F
:10C16000A4B10D7806464DB1A5420AD00A4601E0B9
:10C17000A34206D012F8013F002BF9D1801B70BCFE
:10C18000704710F8014F002CEDD1F7E72046F6E795
:10C190002DE9F04FC5B00C460C9191460F930D90D0
:10C1A00003F04AFA036818931846FFF769FFA3895A
:10C1B00017901D0603D52369002B00F01D879FED06
:10C1C000947B00238DED147BCDE928330DF1D0084D
:10C1D0001393169319930A93CDF89C80C246CB46CD
:10C1E0009BF80030002B00F09980252B5C4602D193
:10C1F0001CE0252B03D014F8013F002BF9D1A4EB50
:10C200000B0585B1DDE9283201332A44072BCAF832
:10C2100000B0CAF80450CDE9283277DC0AF1080AE8
:10C220000A9B2B440A932378002B77D000231A46CD
:10C230008DF87F3019460B931F464FF0FF3063781F
:10C24000099004F1010B0BF1010B9946A9F12003B0
:10C25000582B00F27583DFE813F0C30273037303F6
:10C26000BE02730373037303730373037303B20296
:10C27000AD02730367034C0373036C03B600B6008F
:10C28000B600B600B600B600B600B600B60073033E
:10C2900073037303730373037303730373037303EE
:10C2A00073033703E4027303E4027303730373033A
:10C2B0007303DF0273037303A50073037303730334
:10C2C000730373037500730373038D0273037303A6
:10C2D00073037303730373037303730373037303AE
:10C2E0007C012F01E402E402E4022A012F0173031E
:10C2F00073031D0173030901A700CA00C50073037E
:10C30000E1007303770073037303CB0227AADDE90F
:10C310000C1003F0D1FC40B9C24681E7299B23B140
:10C320000D980C9927AA03F0C7FC0C9B9B8913F06E
:10C33000400F0A9B18BF4FF0FF330A930A9845B08D
:10C34000BDE8F08F47F01007BE0640F127850F9D2E
:10C35000073525F0070303F10802D3E900450F92E2
:10C360000123099A002601328DF87F6000F02884AD
:10C3700027F08002079254EA050240F0C080099A33
:10C38000002A40F0B386002B40F0D68417F001035A
:10C390000E9300F0488544AB1A46302302F8413D25
:10C3A0001192CDE047F0100717F0200300F0008550
:10C3B0000F9D073525F0070303F10802D3E9004577
:10C3C0000F920023CDE7A9F1300300201BF8019B59
:10C3D00000EB800003EB4000A9F13003092BF5D9F5
:10C3E0000B9033E747F020079BF800302BE70F9ABC
:10C3F000094B14681693043247F63003ADF88030C9
:10C4000047F002070F92002502234FF07809A8E7B2
:10C4100000000000000000007C5703000F9A136822
:10C42000119300248DF87F40151D002B00F00E861F
:10C43000099A531C00F0B68621461198FFF7C8F8F8
:10C44000002800F09C87119B0994C31A0E930F9546
:10C45000079723EAE3739DF87F6008931294002EF8
:10C4600000F08980089B0133089384E0002A41F0A2
:10C47000AE800F9AB90652F8043B0F9200F1128574
:10C48000FA0600F109867F0640F10686BDF82820ED
:10C490001A80A5E69BF800306C2B03BF9BF8013097
:10C4A00047F020070BF1010B47F01007CBE647F0F0
:10C4B00040079BF80030C6E6002A41F06A80BC06BF
:10C4C00040F10A820F9D073525F00703D3E90045A7
:10C4D00003F108020F92002C75F10003C0F2AF8443
:10C4E000099B9DF87F60013300F0B48427F080023F
:10C4F000079254EA05024FF001033FF440AF012BCD
:10C5000000F06283022B00F08283414600E0114676
:10C51000E20842EA4572E80804F0070305461446BB
:10C52000303354EA050001F8013C01F1FF32EED14D
:10C5300007981192C00700F15984A8EB02030E93EB
:10C54000099B0E9A9342B8BF134608930023129397
:10C5500085E70F9900230A688DF87F301E468DF815
:10C56000A82001230A1DCDE90773CDE90E322AABBD
:10C57000099612961193079B13F0020702D0089BAD
:10C5800002330893079B299C13F0840310933FD137
:10C590000B9B089A9D1A002D3ADD102D289B29DD52
:10C5A00052462146AA461026DDE90C5406E0AAF1BF
:10C5B000100ABAF1100F02F1080218DD0133BB486E
:10C5C0001031072BCDE92831C2E90006EFDD27AA9B
:10C5D0002946204603F070FB00287FF4A6AEAAF19E
:10C5E000100ABAF1100FDDE928314246E6DC554663
:10C5F0000C4692460133AD4A2C44072BCDE9283432
:10C60000CAE9002500F34C859DF87F600AF1080A0D
:10C6100076B1289B013301340DF17F010122072BF4
:10C62000CDE92834CAE9001200F3DB820AF1080AD6
:10C630006FB1289B0133023420A90222072BCDE9D8
:10C640002834CAE9001200F3D7820AF1080A109BC5
:10C65000802B00F0E781099B0E9A9D1A002D31DD99
:10C66000102D289A924F22DD534621461026DDE9EF
:10C670000CA404E0103D102D03F1080315DD013278
:10C680001031072ACDE92821C3E90076F2DD27AA77
:10C690005146204603F010FB00287FF446AE103DC3
:10C6A000102DDDE928214346E9DC9A460C4601328B
:10C6B0002C44072ACDE92824CAE9007500F3BC827E
:10C6C0000AF1080A079BDF0500F15081289B119AA7
:10C6D000CAF800200E9ACAF8042001331444072B2C
:10C6E0002994289300F30E820AF1080A079B5A073F
:10C6F00031D50B9B089A9D1A002D2CDD102D289BFF
:10C700001FDD1026DDE90C9704E0103D102D0AF125
:10C71000080A16DD0133654A1034072BCDE92834A9
:10C72000CAE90026F1DD27AA4946384603F0C4FAD3
:10C7300000287FF4FAAD103D102DDDE92834C24603
:10C74000E8DC0133594A2C44072BCDE92834CAE9E7
:10C75000002500F35E83DDE90A3208998A42ACBF06
:10C760009B185B180A93002C40F0958100232893B6
:10C77000C24635E5002A40F01A874E4B1693B9069B
:10C780003DD50F9D073525F00703D3E9004503F19B
:10C7900008020F92FE0740F1D18054EA050300F031
:10C7A000CD8030238DF880308DF8819047F00207DE
:10C7B0000223D6E59BF8003001222B2143E50F9898
:10C7C0009BF8003004680B94002C00F10400C0F2C8
:10C7D0000D840F9037E547F001079BF8003032E5F4
:10C7E0009BF8003000297FF42EAD012220212AE59C
:10C7F000002A40F0F086304B1693B906C1D40F9B47
:10C80000FA0653F8044B0F9300F111837B0640F1B5
:10C810000E83A4B20025BDE747F008079BF800305F
:10C8200011E5002A40F0C7860F9D073525F0070562
:10C8300095ED007B52EC171B22F000431B938DED0E
:10C840001A7A05F10804DDE91A014FF0FF321B4B9B
:10C850000F948DED147BF9F7DDFB002840F0318358
:10C860004FF0FF32154BDDE91A01F9F7B5FB00284F
:10C8700040F0278300220023DDE91401F9F7A2FB31
:10C88000002840F02A859DF87F600D4A0D4B03215A
:10C89000002027F08004B9F1470FD8BF1A46CDE930
:10C8A0000810079411920E911290D8E59C5703003E
:10C8B000AC570300685703007C570300FFFFEF7F6E
:10C8C0005C57030058570300002A40F0788647F071
:10C8D0001007BC063FF5F6AD0F9BF80653F8044B66
:10C8E0000F9300F1A682790640F1A38224B2E517E6
:10C8F000F1E59BF80090B9F12A0F0BF1010000F06F
:10C900002286A9F13003092B834600F20C85002012
:10C910001BF8019B00EB800003EB4000A9F1300302
:10C92000092BF5D9099091E49BF8003047F00407F2
:10C9300089E447F080079BF8003084E4022310E587
:10C94000002A40F04086B9F1000F3FF4E7AC002325
:10C9500001221E468DF87F30099312932AAB08926C
:10C960008DF8A89007970E92119304E6B9F1650F20
:10C9700040F3D38000220023DDE91401F9F718FB0E
:10C98000002800F06981289BB14ACAF800200133D1
:10C9900001340122072BCDE92834CAF8042000F322
:10C9A000D1830AF1080A219B139A299C934280F2B1
:10C9B0002B82289B189ACAF80020179ACAF80420DC
:10C9C00001331444072BCDE9283400F334830AF1F2
:10C9D000080A139B5D1E002D7FF788AE102D289A44
:10C9E0009C4F40F3888323461026DDE90C4905E07F
:10C9F0000AF1080A103D102D40F37C8301321033F8
:10CA0000072ACDE92823CAE90076F1DD27AA2146C5
:10CA1000484603F051F900287FF487ACDDE928236C
:10CA2000C246E7E70B9B089A9D1A002D7FF713AECD
:10CA3000102D289A874F22DD534621461026DDE926
:10CA40000CA404E0103D102D03F1080315DD0132A4
:10CA50001031072ACDE92821C3E90076F2DD27AAA3
:10CA60005146204603F028F900287FF45EAC103DC3
:10CA7000102DDDE928214346E9DC9A460C460132B7
:10CA80002C44072ACDE92824CAE9007500F33D8328
:10CA90000AF1080ADFE527AADDE90C1003F00CF91A
:10CAA00000283FF463AE40E427AADDE90C1003F050
:10CAB00003F900287FF439AC219B299CC2461BB99D
:10CAC000139A002A00F07883289A1899CAF800105F
:10CAD0001799CAF8041001320C44072A29942892A5
:10CAE00000F358840AF1080A002BC0F29184139BCA
:10CAF000119901321C44072ACDE92824CAE9001300
:10CB00007FF7F2AD27AADDE90C1003F0D5F8002875
:10CB10007FF40BAC299CC246E8E5139A289B012AB6
:10CB200004F1010403F101050AF1080640F34A810A
:10CB30000123119ACAF80020072DCDE92854CAF81C
:10CB4000043000F3BB82179B189A01351C44072D53
:10CB5000CDE92854C6E9002300F3BC8208366B1CDB
:10CB60001F46B946139F0E93013F00220023DDE9C3
:10CB70001401099706F1080AF9F71AFA002840F09B
:10CB8000E180119B776001333C44B9F1070F3360BA
:10CB90002994CDF8A09000F33E8206F1100305F130
:10CBA000020956469A46199A7260144423ABB9F1A9
:10CBB000070F2994CDF8A09033607FF797ADA1E7D8
:10CBC000012B07977FF49EAC002D08BF0A2C80F044
:10CBD000478144AB303403F8414D119301230E9348
:10CBE000AEE427AADDE90C1003F066F800287FF414
:10CBF0009CAB299CC2461BE527AADDE90C1003F07B
:10CC00005BF800287FF491AB299CC2461FE5169F74
:10CC10004246230904F00F0043EA057329091C4624
:10CC20000D463B5C02F8013D54EA0503F1D1A8EB47
:10CC3000020311920E9383E427AADDE90C1003F09E
:10CC40003BF800287FF471AB299CC2463AE500BF4F
:10CC500098570300AC570300219B002B40F36182DF
:10CC6000DDE912329342A8BF1346002B1D460EDDAC
:10CC7000289B119ACAF8002001332C44072B2994D1
:10CC8000CAF80450289300F31D830AF1080A129B86
:10CC9000002DA8BF5B1B002B1D4600F38381219B49
:10CCA000139A9342C0F2E781079AD00700F1E3811B
:10CCB000139A1298D31A151A9D42A8BF1D46002D2B
:10CCC0000FDD289A1199CAF80450013201442C440E
:10CCD000072ACAF80010CDE9282400F328830AF1B6
:10CCE000080A002DACBF5D1B1D46002D7FF7FEAC72
:10CCF000102D289ABF4F40F3FE8123461026DDE910
:10CD00000C4905E00AF1080A103D102D40F3F281AC
:10CD100001321033072ACDE92823CAE90076F1DD74
:10CD200027AA2146484602F0C7FF00287FF4FDAA43
:10CD3000DDE92823C246E7E7099B0E93CDF844803E
:10CD4000FFF7FEBB099A002A7FF72DAF102AA94FE3
:10CD500040F3F483334692464FF0100922460E9D6D
:10CD6000DDE90C6407E00833AAF1100ABAF1100FEC
:10CD700040F3F28101351032072DCDE92852C3E985
:10CD80000079F0DD27AA3146204602F095FF002801
:10CD90007FF4CBAADDE928524346E5E70F9BFD0669
:10CDA00053F8044B0F9376D500250123FFF7D9BA2A
:10CDB0000F9A52F8044B0F9217F0100279D0002509
:10CDC000FFF7CFBA079AD1073FF5B2AE012211990A
:10CDD000CAF80010072DCDE92854CAF8042000F342
:10CDE0001A8103F102090AF1100ADCE6302B00F087
:10CDF0003C81119A0239302302F8013CA8EB01036F
:10CE00000E931191FFF79CBB079BDE073FF5D1AD59
:10CE10006CE427AADDE90C1002F04EFF00287FF435
:10CE200084AA299C97E4CDF84480FFF789BB0025AC
:10CE3000B0E4E517002C75F10003BFF651AB099B78
:10CE400064424FF02D0665EB450501338DF87F6098
:10CE50007FF44CAB002D08BF0A2C0797FFF4B9AE46
:10CE60004746204629460A220023F9F7A9F930321D
:10CE700007F8012D2046294600230A22F9F7A0F9D8
:10CE800004460D4654EA0503EBD1A8EB07031197BE
:10CE90000E93FFF755BB780648BFA4B200250123C7
:10CEA000FFF75FBA0A9A1046D117C3E90001FFF7EE
:10CEB00097B917F040031CBF1346A4B20025FFF733
:10CEC00050BADDE9140102460B46F9F7A3F8002831
:10CED00040F00D83099B5A1C29F0200600F04C827B
:10CEE000472E00F06E81159B47F48072002B07924D
:10CEF000C0F210829DED147B8DED1C7B00231093FE
:10CF0000B9F1660F00F02682B9F1460F00F0648295
:10CF1000452E00F05B8125A822A921AA0223099CA5
:10CF20000292CDE9031000930194DDE91C230D98D2
:10CF300001F0BEFBB9F1670F119040F03683FB079B
:10CF400040F16B81119B099A9C1800220023DDE9B6
:10CF50001C01F9F72DF8002800F0D0812346119A22
:10CF60009B1A1393472E219B129300F05F81B9F116
:10CF7000660F40F06381129B002B099B40F3D78220
:10CF8000002B40F0C082FD0700F1BD82129B089388
:10CF90000E93109B002B40F07C8109939DF87F60DD
:10CFA000FFF75DBA102B289A124F40F3EF8023460B
:10CFB0001026DDE90C4905E00AF1080A103D102DA4
:10CFC00040F3E38001321033072ACDE92823CAE970
:10CFD0000076F1DD27AA2146484602F06DFE0028C2
:10CFE0007FF4A3A9DDE92823C246E7E764420B9456
:10CFF0000F909BE4AC57030040210D98F0F708FE1A
:10D000000C9B18601861002800F0C7820C9A40231E
:10D010005361FFF7D4B827AADDE90C1002F04CFEEB
:10D0200000287FF482A9DDE928340DF1D80A03F144
:10D0300001094646B7E527AADDE90C1002F03CFEDF
:10D0400000287FF472A9299CC246C2E4099B119E64
:10D050000996062B28BF062308930E93BB4B0F950A
:10D06000079712961193FFF7FAB9119BA8EB0303E8
:10D070000E93FFF765BA289A1899CAF80010179905
:10D08000CAF8041001320C44072A2994289200F3AC
:10D0900029810AF1080A0BE60A9A1A60FFF7A0B87C
:10D0A00027AADDE90C1002F007FE00287FF43DA955
:10D0B0009DF87F60299CC246FFF7AABA27AADDE93E
:10D0C0000C1002F0F9FD00287FF42FA9DDE92854A7
:10D0D000464638E527AADDE90C1002F0EDFD0028F0
:10D0E0007FF423A9DDE92854464638E5012B7FF477
:10D0F00009AA6EE51C4601322C44072ACDE92824F2
:10D10000CAE900757FF7F0AAFCE427AADDE90C1054
:10D1100002F0D2FD00287FF408A9299CC246FFF73F
:10D120009ABA289A8A49CAF80010013201340121BA
:10D13000072ACDE92824CAF804103FF7B5AC0AF154
:10D14000080ABCE427AADDE90C1002F0B5FD0028AE
:10D150007FF4EBA8C24626E414461E46CDF824A070
:10D1600005F1010903F10802099BCDF8A0901C44C8
:10D17000B9F1070F2994C6E900733FF74CAF09F1E5
:10D18000010902F1080A16460DE51C4601322C443D
:10D19000072ACDE92824CAE9007500F32E810AF197
:10D1A000080A7CE511980994FEF76AFF0797CDE914
:10D1B0000E050346FFF74DB9079AD5077FF596AAE6
:10D1C00082E4002B08BF012309938CE6099B25A864
:10D1D0005D1C22A921AA0223CDE90310029200932B
:10D1E0000195DDE91C230D9801F062FA1190B9F167
:10D1F000470F40F0C881FB0740F1BE81119BB9F198
:10D20000460F03EB05047FF4A0AE119B1B78302B77
:10D2100000F05F81219D2C4497E6219A259B129274
:10D22000119A472EA3EB0203139307D1129BDA1C2A
:10D2300002DB099A9A4233DAA9F10209129B8DF8AE
:10D240008C90013B002B2193BDBF129BC3F10103C6
:10D250002D222B22092B8DF88D2000F306813033EF
:10D2600030228DF88F308DF88E2024AB23AA9B1AA4
:10D27000139A1993012A13440E9340F34E810E9B87
:10D28000179A13440E9323EAE3730893002312932F
:10D290007FE62D2600238DF87F600993FFF7E2B823
:10D2A000DDE912318B42C0F28380F80740F10A8138
:10D2B000129B179A13440E9323EAE37308934FF0DB
:10D2C000670966E627AADDE90C1002F0F5FC0028E4
:10D2D0007FF42BA8299CC246D9E42D268DF87F60C7
:10D2E000FFF7D3BA27AADDE90C1002F0E5FC00280D
:10D2F0007FF41BA8219B299CC246D9E4259BA3420D
:10D30000BFF42DAE30215A1C25921970259B9C42EA
:10D31000F9D824E6DDE9141202F100431D932D2310
:10D320001C911093ECE500230993FEF78FBF27AA09
:10D33000DDE90C1002F0C0FC00287EF4F6AF219B62
:10D34000139A299CD31AC246CBE400BF905703001E
:10D3500098570300099D019525A822A921AA032316
:10D36000CDE90310029200930D98DDE91C2301F032
:10D370009FF91190441948E706230993B3E5099BE7
:10D3800008930E9309900F95079712909DF87F6070
:10D39000FFF765B827AADDE90C1002F08DFC002824
:10D3A0007EF4C3AF219BDDE92824C246FFF79CBB76
:10D3B000179A139B1344129A0E93002A06DC129BB1
:10D3C0000E9AC3F101031A4413460E9223EAE37343
:10D3D00008934FF06709DCE525A822A921AA0323B9
:10D3E000099D0292CDE9031000930195DDE91C230C
:10D3F0000D9801F05DF9119000E727AADDE90C1006
:10D4000002F05AFC00287EF490AF299CC24646E404
:10D410005D421033724F1CDA1026DDF8349004E0C0
:10D420000AF1080A103D102D13DD01321034072ACD
:10D43000CDE92824CAE90076F2DD27AA0C994846EE
:10D4400002F03AFC00287EF470AFDDE92824C246E1
:10D45000E8E701322C44072ACDE92824CAE90075FF
:10D460007DDC0AF1080AFFF742BB0DF19B04204660
:10D470005C4D00E01046A5FB0312D20802EB8201CE
:10D48000A3EB410303F130011346092B00F8011C03
:10D4900000F1FF32EEDC30330238D9B2844202F8B8
:10D4A000011C73D90DF18E00134601E013F8011B26
:10D4B00000F8011B9C42F9D127AB9B1A0DF18E029B
:10D4C0001344D3E623EAE37208920E934FF0670900
:10D4D0005FE500220023DDE91C01F8F769FD002863
:10D4E0007FF498AEC5F1010521952C442DE5159BDF
:10D4F0003D4A002BB6BF2D269DF87F608DF87F60DA
:10D500003A4BFFF7C4B9129B179A1344099A1A446D
:10D5100022EAE2730E9208933BE517F0010312939F
:10D520007FF4ADAE0E9B23EAE373089331E53BB97C
:10D53000FC0705D4012308930E932AE5524613E60F
:10D54000179B0133E2E70F9D9BF801302C6883465F
:10D5500044EAE474281D09940F90FEF774BE27AACC
:10D56000DDE90C1002F0A8FB00287EF4DEAEDDE958
:10D570002824C246FFF7BBBA219A259B1292119A22
:10D580009B1A139352E6119B5C19DEE40DF18E0396
:10D590006CE68DF87F10FEF792BF0D9A0C23136096
:10D5A0004FF0FF330A93FEF7C9BE099D1FE68DF8C1
:10D5B0007F10FFF7E2B88DF87F10FFF735B98DF8CF
:10D5C0007F10FFF784B98DF87F10FFF7BCB98DF895
:10D5D0007F10FEF74EBF8DF87F10FFF70CB900BF2C
:10D5E000AC570300CDCCCCCC64570300605703008C
:10D5F0002DE9F84F4B6E9C0492462DD59368126826
:10D6000043B30E46074602F1080959E9025B5FEA97
:10D610009B0815D0043D002401E0A0450ED0324601
:10D6200055F8041F384601F0C3FF431C04F1010400
:10D63000F3D10023CAE90133BDE8F88FDAF80830E6
:10D640002BF0030BA3EB0B03CAF8083009F1080910
:10D65000002BDAD10020ECE7FDF770FA0023CAE9CD
:10D660000133BDE8F88F00BF2DE9F04FADB01C4687
:10D6700002919146CDE9070318B1836B002B00F0AE
:10D68000A383029BB3F90C105B6ED8078AB202D455
:10D69000930540F12185970408D40298436E41F424
:10D6A000005223F400538281436692B2160740F180
:10D6B0000081029B1B69002B00F0FB8002F01A0323
:10D6C0000A2B00F068830023CDE910330DF1700AB6
:10D6D0000A930493CDF83CA0D34699F80030002B70
:10D6E00000F01E84252B4C4602D11EE0252B03D0D2
:10D6F00014F8013F002BF9D1A4EB09058DB1DDE948
:10D70000103201332A44072BCBF80090CBF8045099
:10D71000CDE9103200F3E4800BF1080B049B2B449D
:10D7200004932378002B00F0FB8300214FF00003CB
:10D7300062788DF83730084606910F4604F10109EA
:10D740004FF0FF3809F10109A2F12003582B00F234
:10D750004083DFE813F0DA023E033E03D5023E03C6
:10D760003E033E033E033E033E03C902E7023E037F
:10D77000E202EC023E03DA00CB00CB00CB00CB0090
:10D78000CB00CB00CB00CB00CB003E033E033E03DF
:10D790003E033E033E033E033E033E033E03B4020C
:10D7A0003E033E033E033E033E033E033E033E0371
:10D7B0003E033E039D003E033E033E033E033E0305
:10D7C00059003E033E039F023E033E033E033E03D9
:10D7D0003E033E033E033E033E033E0398017B01AE
:10D7E0003E033E033E0376017B013E033E03690197
:10D7F0003E0355019F00250120013E0300013E0329
:10D800005B003E033E03DF0047F01007BB0640F11C
:10D81000A882089C073424F0070303F10802089249
:10D82000B8F1FF3F4FF00002D3E900458DF83720F3
:10D830004FF0010340F0CA80002203970992012BA8
:10D8400000F0F983022B00F08583514600E0314659
:10D85000E20842EA4572E80804F007030546144668
:10D86000303354EA050201F8013C01F1FF36EED1F4
:10D87000039AD70740F17E83302B00F07B83023977
:10D88000302306F8013CAAEB010305930E4674E32E
:10D8900047F0100717F0200300F06D82089C073452
:10D8A00024F0070303F10802D3E90045089200239E
:10D8B00084E0029D0798294600F0EEFD002800F064
:10D8C0006482029A536EDD0703D493899C0540F16C
:10D8D0003E844FF0FF33049304982DB0BDE8F08FE1
:10D8E000002A40F0B8831092D34617E7A2F1300324
:10D8F000002419F8012B04EB840403EB4404A2F187
:10D900003003092BF5D906941EE747F0800799F8F4
:10D91000002017E7002940F0AE84C54B0A93BC06EF
:10D9200040F1C081089C073424F00703D3E9004587
:10D9300003F108010891FB0740F1498254EA05030D
:10D9400000F0458230238DF838308DF8392047F0CB
:10D950000207022332E0089B1E684FF000028DF898
:10D9600037201C1D002E00F0F983B8F1FF3F00F0B6
:10D970003D84424600213046FDF72AFE002800F093
:10D980004D84831B05939DF83730089403970993C2
:10D990004FF00008F1E247F0200799F80020D1E6A7
:10D9A000089AA34B14680A93043247F63003ADF883
:10D9B000383047F002070892002502234FF000029A
:10D9C000B8F1FF3F8DF837203FF436AF00220992BF
:10D9D00027F08002039254EA05027FF430AFB8F1D9
:10D9E000000F40F0D783002B40F0318317F0010384
:10D9F000059300F07A832CAE302306F8413DBCE25B
:10DA0000002940F03C84089AB80652F8043B08927A
:10DA100000F17A83F90600F1B9837A0640F1B68302
:10DA2000BDF810201A8058E699F800206C2A03BF30
:10DA300099F8012047F0200709F1010947F0100784
:10DA400080E647F0400799F800207BE6002940F087
:10DA50000E84BB0640F13B81089C073424F0070389
:10DA6000D3E9004503F108020892002C75F1000388
:10DA7000C0F204839DF837300993B8F1FF3F00F0FE
:10DA8000D9820123A4E7089B4FF000011A688DF8A2
:10DA900037100433012101918DF848200893059136
:10DAA00012AE03974FF00008039B13F0020302D05D
:10DAB000019A02320192DDE91012039C481C14F015
:10DAC00084048446099438D1069C019D641B002C73
:10DAD00033DD102C574D40F39583DC4610279B46D1
:10DAE000634607E001F1020E08330146103C102C9A
:10DAF00011DD481C103207281192C3E9005710901D
:10DB0000F0DD002A40F04582103C102C11464FF009
:10DB1000010E5346EDDC19465B468B462244BEF1AE
:10DB2000070F1192CBE90054CDF840E000F3568284
:10DB30000BF1080B0EF1010C71469DF837400BF10B
:10DB40000800002C00F0748101320DF1370401212E
:10DB5000BCF1070FCDE910C2CBE9004140F34E8282
:10DB6000002A40F05581002B40F04E828C461EA8C2
:10DB70001146D346099B802B00F07481059BA8EBCE
:10DB80000305002D32DD102D2B4C40F32D83102783
:10DB9000DDF81C8007E001F1020C0BF1080B1946BF
:10DBA000103D102D11DD4B1C1032072B1192CBE9CB
:10DBB00000471093EFDD002A40F01C81103D102D2E
:10DBC0004FF0010C1146D346EDDC0BF108012A445D
:10DBD000BCF1070F1192CBE90045CDF840C000F32E
:10DBE0001F820CF1010C01F108008B46059BCDF85A
:10DBF00040C01A44BCF1070F1192CBE9006340F317
:10DC00006F81002A40F06481039B10925D0738D534
:10DC1000069B01995C1A002C33DD5046102C109F96
:10DC2000044D40F3F9821026DDF81C800CE000BFA3
:10DC30007C570300BC570300CC570300BB1C0830C3
:10DC40000F46103C102C11DD791C1032072911925F
:10DC5000C0E900561091F1DD002A40F0A781103C88
:10DC6000102C4FF0010317465046EDDC2244072BE1
:10DC70001192C0E90054109340F33B81002A40F018
:10DC80005C82049B069A01998A42ACBF9B185B1880
:10DC900004933DE1002940F0E182AC4B0A93BC06BD
:10DCA0003FF540AE089BF80653F8044B089300F18B
:10DCB000DD81790640F1DA81A4B200253BE6002936
:10DCC00040F0D28247F01007BB063FF5C5AE089B77
:10DCD000FE0653F8044B089300F1CA817D0640F11B
:10DCE000C78124B2E517C0E6089B99F800201C689C
:10DCF0000694002C03F10403C0F21582089321E579
:10DD000047F0010799F800201CE599F80020002849
:10DD10007FF418AD0121202014E599F8002047F088
:10DD200004070FE599F8002001212B200AE599F856
:10DD300000202A2A09F1010400F08582A2F13003B3
:10DD4000092BA1464FF000083FF6FEAC19F8012B55
:10DD500008EB880803EB4808A2F13003092BF5D93A
:10DD6000F2E4089BFE0653F8044B089340F1C68189
:10DD70000025012322E6089A52F8044B089217F076
:10DD8000100200F0B481002518E6AA8902F01A03F7
:10DD90000A2B7FF498AC0299B1F90E30002BFFF6F4
:10DDA00092AC4B6ED80704D4920502D4886DFDF76F
:10DDB000CBF823464A460299079800F067FA049088
:10DDC00004982DB0BDE8F08FFCF7CCFA59E402239B
:10DDD000F4E5002940F04582002A00F0A1800123EB
:10DDE0008DF848204FF0000201938DF837200593FD
:10DDF00012AE56E60FAA02994046FFF7F9FB00283B
:10DE000040F09480DDE91012D34601F1010CC7E621
:10DE10000FAA029907980B93FFF7EAFB002840F03E
:10DE20008580DDE910120B9B01F1010C1EA8D34681
:10DE3000002B3FF49FAE02320EAC0221BCF1070F63
:10DE4000CDE910C2CBE9004140F3E480002A40F064
:10DE50001D81099B802B1EA84FF0010C1146D34653
:10DE60007FF48CAE069B019C1D1B002D7FF786AEB8
:10DE7000102D374C40F3DB81102706E0881C0BF196
:10DE8000080B1946103D102D11DD4B1C1032072BCD
:10DE90001192CBE900471093F0DD002A40F0928008
:10DEA000103D102D4FF001001146D346EDDC0BF173
:10DEB00008072A4407281192CBE90045109000F387
:10DEC000F48000F1010C0146BB4607F1080055E65D
:10DED0000FAA02990798FFF78BFB38BB119A50469F
:10DEE000039B5C0705D5069B01995C1A002C3FF744
:10DEF00095AE049B069901988142ACBF5B181B1834
:10DF000004932AB10FAA02990798FFF771FB68B929
:10DF10000023109399F80030D346002B7FF4E2AB36
:10DF2000119B002B40F0868100231093029B5A6EB8
:10DF30009B89D10702D49A0540F1F9805B063FF531
:10DF4000C8AC04982DB0BDE8F08F00BF685703003F
:10DF5000CC5703000A985646230904F00F0143EA00
:10DF600005732A091C461546435C06F8013D54EA30
:10DF70000503F1D1AAEB06030593059B099A4345D6
:10DF8000B8BF43460193002A3FF48EAD013301939D
:10DF90008AE50FAA02990798FFF72AFB0028C5D146
:10DFA000DDE91012534601F1010E9FE50FAA029917
:10DFB0004046FFF71DFB0028B8D1DDE9107250463E
:10DFC0007B1C3EE60FAA02990798FFF711FB002879
:10DFD000ACD1DDE91012D346481C53E7002A40F0CB
:10DFE000F3809DF83710002900F0958001210DF194
:10DFF00037001C900A461D918C461EA86146834638
:10E000000CF1010C083013E70EA80222CDE91C0226
:10E010008C461EA8614683460CF1010C0830A9E528
:10E02000002A4AD1059A1D92012111921C96109145
:10E030001EA855E70397002D08BF0A2C80F0AE807C
:10E040002CAE3034012306F8414D059395E7CDF809
:10E050001480564691E70FAA02990798FFF7C8FA6D
:10E0600000287FF463AFD346FFF758BB002562E476
:10E07000E517002C75F10003BFF6FCAC2D236442BC
:10E0800065EB45058DF837300993F6E40FAA029940
:10E090000798FFF7ADFA00287FF448AFDDE91012CA
:10E0A0001EA801F1010CD34664E5002A5FD11EA829
:10E0B0004FF0010C1146D34660E50FAA029907986C
:10E0C000FFF796FA00287FF431AFDDE910121EA8A1
:10E0D00001F1010CD34689E5029DA86DFCF732FFE2
:10E0E000B5F90C108AB2FFF7D6BA564645E717F0D5
:10E0F00040031CBF1346A4B200255FE47D0648BF61
:10E10000A4B20025012359E4049A1046D117C3E9AB
:10E110000001FFF7E2BA002B76D111461EA84FF09E
:10E12000010CD3462AE5644206940893F7E5029C65
:10E13000A06DFCF709FFA38900E70FAA02990798D1
:10E14000FFF756FA00287FF4F1AE119AD1E6906DF0
:10E15000FCF7FAFE4FF0FF330493F2E64346062B3A
:10E1600028BF0623059308940193474E99E40FAA0C
:10E1700002990798FFF73CFA00287FF4D7AEDDE953
:10E1800010121EA801F1010CD346F7E4049A1A609C
:10E19000FFF7A3BA012B7FF455AB51E75646204653
:10E1A00029460A220023F8F70BF8303206F8012D31
:10E1B0002046294600230A22F8F702F804460D46B5
:10E1C00054EA0503EBD1D5E60FAA029907980B9301
:10E1D000FFF70EFA00287FF4A9AEDDE91012D3464E
:10E1E00001F1010C0B9BA8E40146F0E430460894D1
:10E1F0000397FDF745FF9DF83730059009934FF0E1
:10E200000008BAE6864689E40EA90222CDE91C126E
:10E210001EA84FF0010CFDE67B1C27E59DF837306A
:10E22000CDF814800993089403978046A5E6074625
:10E2300060463EE6079802990FAAFFF7D9F9002831
:10E240003FF472AE72E6089D99F801202B6843EA0C
:10E25000E3782B1DA1460893FFF774BA8DF83700B9
:10E260001BE58DF83700B7E58DF837002AE58DF806
:10E270003700FFF7EEBB8DF83700FFF74EBB8DF888
:10E280003700FFF7C0BB00BF905703002DE9F041F6
:10E290000C46ADF58D6D8989666EE589199621F07C
:10E2A00002010646E069ADF80C1017464FF4806194
:10E2B000626AADF80E5098461AAD0023079016A872
:10E2C000099206930095049502910591FCF736FE9C
:10E2D00043463A4669463046FFF7C6F9051E07DB56
:10E2E00030466946FBF7B8FF002818BF4FF0FF35EE
:10E2F000BDF80C305B0603D5A38943F04003A3812E
:10E300001698FCF71DFE28460DF58D6DBDE8F081D1
:10E3100070B5141E9AB005462CDB1A464FF40273F2
:10E3200000910491ADF80C3013D0013C4FF6FF760C
:10E330001E9B029469460594ADF80E60FDF728FF18
:10E34000421C01DA8B232B60009B00221A701AB04A
:10E3500070BD1E9B02944FF6FF7669460594ADF89A
:10E360000E60FDF715FF431C01DB1AB070BD8B2357
:10E370002B60FAE78B2303604FF0FF30F5E700BF17
:10E3800010B582B0054C0093246813460A46014636
:10E390002046FFF7BDFF02B010BD00BF14060020ED
:10E3A000F8B50D461446064610B1836B002B43D0DA
:10E3B000B4F90C20A369A36091B208071BD52369A7
:10E3C000CBB1EDB289042F4622D522686169D31AF8
:10E3D000994229DD0133A168501C0139A1602060F8
:10E3E000157062699A422AD0A389DB0701D50A2DEC
:10E3F00025D03846F8BD2146304600F04DF820BB08
:10E40000B4F90C20236991B2EDB289042F46DCD413
:10E41000616E42F4005221F40051A28122686166CB
:10E420006169D31A9942D5DC21463046FBF714FFC7
:10E4300058B922680123CEE7FBF794FFB8E72146DD
:10E440003046FBF709FF0028D3D04FF0FF37D0E765
:10E4500021B1FF2A04D80A7001207047084670478E
:10E460008A2303604FF0FF30704700BF70B50D4640
:10E47000084C114606461A46284600232360F0F74A
:10E4800013F9431C00D070BD2368002BFBD0336010
:10E4900070BD00BF68B9002038B5314B1B68054618
:10E4A0000C4613B19A6B002A3AD0B4F90C2093B2FF
:10E4B00018070CD52069A8B113F0010220D06369B8
:10E4C00000225B42A361A26000B3002038BDD906E0
:10E4D0003ED5580728D4206942F00803A3819BB297
:10E4E0000028E9D103F42072B2F5007FE4D0284679
:10E4F0002146FCF759FDA389206913F00102DED102
:10E50000990758BF6269A2600028DED1B4F90C30C7
:10E510001A06DBD543F04003A3814FF0FF3038BD2E
:10E520001846FBF71FFFC0E7216B51B104F1400310
:10E53000994204D02846EFF7ADFBB4F90C20002334
:10E54000236300232069636022F024022060C3E774
:10E5500042F0400209232B604FF0FF30A28138BD0A
:10E560001406002038B5074C0023054608462360F2
:10E57000F0F736F8431C00D038BD2368002BFBD0E1
:10E580002B6038BD68B900202DE9F04F03690F6991
:10E59000BB4283B0C0F28680013F01F1140900F153
:10E5A000140A59F827205AF82730BC000132B3FB6F
:10E5B000F2F80AEB0403009409EB040B0193B8F1A1
:10E5C000000F38D000252E46CE46D4465EF8044BC8
:10E5D000DCF80030A2B208FB0255220C2C0C08FB20
:10E5E0000242ADB2751B96B2C6EB134615FA83F321
:10E5F00006EB23469BB243EA0643F3454FEA124536
:10E600004CF8043B4FEA2646E0D2009B5AF8033010
:10E610008BB9019A131F9A450CD252F8043C4BB99E
:10E62000A2F1080302E01A68043B1AB99A4507F1FF
:10E63000FF37F8D30761044601F038FA00282DDBD4
:10E6400008F101085546002359F8041B28688AB2CE
:10E650009A1A0B0C12FA80F2C3EB104303EB22431D
:10E6600092B242EA0342CB4545F8042B4FEA2343DA
:10E67000EAD25AF827200AEB87037AB91A1F924583
:10E680000BD253F8042C42B9083B02E01A68043B51
:10E690001AB99A4507F1FF37F8D32761404603B00E
:10E6A000BDE8F08F002003B0BDE8F08F000000004F
:10E6B0002DE9F04F016C97B014461D468346CDE915
:10E6C000024549B1426C4A60012393408B6000F0DF
:10E6D000FDFF0023CBF840302E1E239AB4BF012348
:10E6E00000231360784BBCBF26F000460396B3436B
:10E6F00000F0A880DDE90289002200234046494657
:10E70000F7F756FC054678B1229A01231360249B43
:10E71000002B00F0C4806D4B249A1360013B0493DE
:10E72000049817B0BDE8F08F14AA15ABCDE90032FC
:10E73000584642464B4601F04BFA340D824640F0B3
:10E74000A380DDE914542C4404F23243202B40F31F
:10E750001384C3F140039E40029B04F2124023FA4B
:10E7600000F03043F7F742F901238046013CA1F164
:10E77000F87912930022564B40464946F6F7F8FFC7
:10E780004BA3D3E90023F7F7ABF94BA3D3E900235D
:10E79000F6F7F0FF064620460F46F7F737F948A38D
:10E7A000D3E90023F7F79CF902460B463046394679
:10E7B000F6F7E0FF06460F4601F020FB0022059029
:10E7C000002330463946F7F7FDFB002840F06C8205
:10E7D000059E162E00F25D823E4B03EBC603D3E985
:10E7E0000001DDE90223F7F70BFC002800F0C083ED
:10E7F000731E059300230A932C1B059BB4F101089B
:10E8000046BFC4F101094FF000084FF00009002B8A
:10E81000C0F242829844099300230893209B092B5D
:10E8200060D8052B40F3A683043B20930025209B52
:10E83000023B032B00F28984DFE813F0C503A50334
:10E84000CF03E604229A42F20F731360029B7BB956
:10E85000C6F3130666B9249B002B00F00E861E4BF0
:10E8600004930833249A0498136017B0BDE8F08F1E
:10E87000249B2BB9194B0493049817B0BDE8F08F73
:10E88000164B04930333EDE7C9F3130343F07F59A9
:10E890001295A4F2FF3449F44019149D6AE7104B15
:10E8A0000493049817B0BDE8F08F00BFAFF3008069
:10E8B00061436F63A787D23FB3C8608B288AC63F86
:10E8C000FB799F501344D33F0000F07F995703001A
:10E8D0000000F83F18580300DC570300E857030016
:10E8E000985703004FF0FF340125CDE9064500237A
:10E8F000209321930021CBF844100B94584600F04C
:10E90000BFFE0E2C0490CBF8400000F2F780002DE3
:10E9100000F0F4809DED027B059900298DED0C7BC4
:10E9200040F3D183C14B01F00F0203EBC20393ED1F
:10E93000007B0C11E3068DED027B40F18684BC4B1D
:10E94000DDE90C01D3E90823F7F7F4F9CDE90E016D
:10E9500004F00F0403267CB1DDE90201B44DE707A2
:10E9600004D5D5E90023F7F7BBF80136641005F1AB
:10E970000805F4D1CDE90201DDE90223DDE90E014C
:10E98000F7F7D8F9CDE902010A9B43B10022A94B60
:10E99000DDE90201F7F716FB002840F0E984304674
:10E9A000F7F734F8DDE90223F7F79AF8A24B0022D3
:10E9B000F6F7E0FE069B0646A1F15077002B00F02B
:10E9C0000884059B1393069B0E93DDE9020101F079
:10E9D00015FA0E9A954B03EBC20313ED027B00F17F
:10E9E00030058DED107BF7F711F802460B46DDE997
:10E9F0000201CDE90267F6F7BBFE049B06460798C5
:10EA00005C1CEDB20F46DDE91023002800F04384C2
:10EA100000208A49F7F78EF9DDE90223F6F7A8FE10
:10EA2000049A3B4615703246CDE90201F7F7E8FA41
:10EA3000002840F0ED8432463B4600207D49F6F741
:10EA400097FE02460B46DDE90201F7F7D9FA0028E6
:10EA500040F0E3840E9901294CD0049ACDF8389007
:10EA60001144CDF84080DDE90289CDF808A08A463E
:10EA70000CE000206F49F6F77BFE42464B46F7F765
:10EA8000A1FA002840F0C78454452DD0404649469D
:10EA900000226B4BF7F724F80022694B8046894629
:10EAA00030463946F7F71CF80F46064601F0A6F93E
:10EAB0000546F6F7ABFF02460B4630463946F6F7F9
:10EAC00057FE3035EDB242464B4604F8015B064630
:10EAD0000F46F7F777FA32463B460028C9D0139B1A
:10EAE000DDF808A0059317E2DDF83890DDF84080E6
:10EAF000DDF808A0DDE90C34CDE90234159B002BCC
:10EB0000C0F2AD80059A0E2A00F3A980474B03EBB3
:10EB1000C203D3E90089219B002BC0F2B182DDE959
:10EB2000026742464B4630463946F7F703F901F093
:10EB300065F90546F6F76AFF42464B46F6F7D0FF01
:10EB400002460B4630463946F6F712FE049A05F1A6
:10EB500030031370069B012B06460F4602F1010499
:10EB600046D00022364BF6F7BBFF002200230646B4
:10EB70000F46F7F71DFA002840F0CE81CDF808A027
:10EB8000DDF818A0CDF818B0DDF810B00AE0F6F7FF
:10EB9000A7FF0022002306460F46F7F709FA0028D0
:10EBA00040F03C8342464B4630463946F7F7C2F8C0
:10EBB00001F024F90546F6F729FF42464B46F6F7E1
:10EBC0008FFF02460B4630463946F6F7D1FD05F178
:10EBD000300C04F801CBA4EB0B0CE24506460F46C3
:10EBE0004FF00002164BD2D1DDF808A0DDF818B0C6
:10EBF00032463B4630463946F6F7BCFD42464B4668
:10EC000006460F46F7F7FCF958B942464B463046E0
:10EC10003946F7F7CDF9002800F07E81EB0740F187
:10EC20007B8114F8015C049A12E000BF18580300BD
:10EC3000F05703000000F03F00001C400000E03FE0
:10EC4000000024409A4200F01C8313F8015C1C462B
:10EC5000392D04F1FF33F5D001351D705CE1079AC1
:10EC600092B3209A012A40F30082069B5F1E089B04
:10EC7000BB42C0F2D882DF1B069B002BC0F2F7829A
:10EC80004C46984499440121584600F0B9FD054688
:10EC90001DE001230A93AFE5059BA9EB03095B4245
:10ECA000089300230993B9E5DDF814804046F6F790
:10ECB000ADFE32463B46F7F77BF900287FF488AD7E
:10ECC00008F1FF33059383E5089F079D4C46002C10
:10ECD0000BDDB8F1000F08DD44452346A8BF4346CD
:10ECE000A9EB0309E41AA8EB0308089B6BB1079A88
:10ECF000002A00F08C82DE1B002F40F08C815146F0
:10ED00003246584600F02CFE82460121584600F05B
:10ED100077FD099A0646002A40F01681209B012BB8
:10ED200040F35E810120404410F01F0000F0078195
:10ED3000C0F12003042B40F3A483C0F11C008144E4
:10ED400004448044B9F1000F05DD51464A46584657
:10ED500000F056FE8246B8F1000F05DD314642460E
:10ED6000584600F04DFE06460A9B002B73D1069BC9
:10ED7000002B40F30782079B002B00F08580002CBE
:10ED800000F35E81099B002B40F0C681A846029AE1
:10ED9000049F02F001020992069A7B1E1A44079210
:10EDA00031465046FFF7F0FB294681460890504611
:10EDB00000F07CFE314602904246584600F092FE3A
:10EDC000C368044609F130090146002B40F0D581A3
:10EDD000504600F06BFE21460690584600F076FC47
:10EDE000069B33B9209A22B9099B002B00F01983A6
:10EDF000209B029A002AC0F21E8205D1209A1AB9DD
:10EE0000099A002A00F01782002B07F1010400F391
:10EE10002382079B87F80090BB4200F02C8251466A
:10EE200000230A22584600F05BFC454582462946ED
:10EE30004FF000034FF00A02584600F0988100F0AE
:10EE40004FFC4146054600230A22584600F048FC84
:10EE500027468046A4E73146504600F027FE0028AA
:10EE600085DA059F514600230A225846013F05973F
:10EE700000F036FC079B8246002B40F0E2820B9BA1
:10EE8000002B40F3EA820693DDF81080069F44468B
:10EE900002E000F025FC824631465046FFF774FB45
:10EEA00000F1300904F8019BA4EB08039F424FF0E6
:10EEB0000A024FF0000351465846EADC0023029351
:10EEC00051460122584600F09BFD3146824600F033
:10EED000EDFD002814F8012C40F3B980049905E0F9
:10EEE000994200F05C8113F8012C1C46392A04F188
:10EEF000FF33F5D001321A703146584600F0E6FB78
:10EF000055B1029921B1A94202D0584600F0DEFB6A
:10EF10002946584600F0DAFB5146584600F0D6FB29
:10EF20000022059B2270229A01331360249B002B40
:10EF30003FF4F6AB04981C6017B0BDE8F08F1C20BE
:10EF4000814404448044FDE60146584600F008FD33
:10EF5000209B012B064640F3F3800023099333697D
:10EF600006EB8303186900F0FBFBC0F12000DAE632
:10EF70000A9041E401255AE4C3F12006029B03FAFA
:10EF800006F0FFF7EFBB00230793059B219A13447C
:10EF90000B930133012B1E460693B8BF01260021B7
:10EFA000172ECBF84410069C7FF7A8AC012204234F
:10EFB0005B0003F11400B042114602F10102F7D9DF
:10EFC000CBF844109AE400230793219B002B40F3D5
:10EFD000ED800B9306931E46E1E701230793F4E7C8
:10EFE000029B002B7FF49EAEDDE90212C2F31303F5
:10EFF000002B40F0998122F000431B0D1B0523B12B
:10F0000009F1010908F101080123099A0993002A6D
:10F010003FF488AEA3E73A462946584600F0A0FCE4
:10F02000524601460546584600F0F4FB5146074655
:10F03000584600F04BFBBA46002E3FF466AE5EE643
:10F0400029462246584600F0DBFC05469AE607D1E1
:10F0500019F0010F7FF442AF02E014F8022C1C46B5
:10F06000302A04F1FF33F8D046E7129A002A00F064
:10F07000538103F233434C4698449944089F02E677
:10F08000069B002B3FF74BAD40F0BB800022B24BFC
:10F0900040464946F6F724FDDDE90223F6F7A6FFD0
:10F0A000069E3546002875D1059A01320592049ACC
:10F0B00031231370541C3146584600F007FB002DD5
:10F0C0007FF426AF28E700F03F81059B5C42A34B0D
:10F0D00004F00F0203EBC203D3E90023DDE90C01C6
:10F0E000F6F7FEFC2411CDE9020100F0BB819C4D36
:10F0F00000230226E20705D5D5E90023F6F7F0FC48
:10F1000001360123641005F10805F3D1002B3FF40B
:10F110003BACCDE9020137E46968584600F0B0FA2B
:10F120002B6902339A00044605F10C010C30FCF700
:10F13000D1FA21460122584600F062FC804626E6BC
:10F14000029B002B3FF450AF07E70024CBF844406C
:10F150002146584600F094FA4FF0FF330B93069384
:10F16000012304902194CBF840000793C6E400F0FB
:10F17000B7FA27460546804612E6584600F0A6FA3A
:10F18000012336E6209B022B7FF7F5AD069B002B73
:10F1900000F0CC80219B049CDB4305938BE7059A10
:10F1A00001320592049A31231370A5E601242194BB
:10F1B0000694FFF79FBB3046F6F728FCDDE90223F3
:10F1C000F6F78EFC0022674BF6F7D4FA0646A1F15B
:10F1D00050770022604BDDE90201F6F7C9FA3246AA
:10F1E0003B4604460D46F6F70BFF002846D1324653
:10F1F00007F1004320462946F6F7E4FE00283FF4D5
:10F2000079AC00263546C5E701230793BDE6514694
:10F21000089A584600F0A4FB824676E5DDF808A07F
:10F22000DDF818B078E6089B099AFB1A1A44CDE974
:10F230000872002720E5002B07F1010400F3BC80D1
:10F24000029587F80090454656E69DED0C7B022618
:10F250008DED0E7BFFF77FBBB9F1390F00F0BE805B
:10F2600009F10109029587F80090454644E6069B9E
:10F27000A9EB030407E50295454621E6002635463D
:10F2800012E7049A30231370059B14F8015C0133D4
:10F2900005931346E0E4DDE90201F6F721FC049B47
:10F2A0001D700E9B012BCDE9020123D00E9B049A09
:10F2B000CDF838901344C146984600222A4B304678
:10F2C0003946F6F70DFC0F46064600F097FD054659
:10F2D000F6F79CFB303502460B4630463946F6F7CA
:10F2E00047FA04F8015B444506460F46E5D1C84697
:10F2F000DDF838901D4B0022DDE90201F6F73AFAFD
:10F3000032463B46F6F75EFE00286DD0139B059310
:10F3100014F8015C049A9BE4149B089FC3F1360324
:10F320004C4698449944AEE400236EE631460522EB
:10F33000584600F0D5F901460646504600F0B6FBA7
:10F3400000283FF7B1AE25E79DED0C7B02268DED41
:10F35000027BFFF719BB00BF0000144018580300E0
:10F36000F057030000001C40000024400000E03F74
:10F37000069B002B3FF41FAF0B9C002C7FF7BAAB12
:10F380000022424BDDE90201F6F7AAFBCDE90201BA
:10F39000701CF6F73BFBDDE90223F6F7A1FB3C4BC3
:10F3A0000022F6F7E7F9059B0E94013B0646A1F112
:10F3B00050771393FFF709BB51460122584600F0DE
:10F3C0001FFB3146824600F071FB002832DDB9F1A7
:10F3D000390F03D0089B03F1310931E73922029537
:10F3E0003A704546049981E5DDE902230020294968
:10F3F000F6F7BEF932463B46F6F702FE10B9FFF7C4
:10F4000079BB144614F8013C302B04F1FF32F8D0DC
:10F41000139B059380E5DDF808A0139B0593049AE0
:10F4200016E4B9F1390F07F10104D7D0029B002B84
:10F43000D0DC05E77FF404AF19F0010F3FF400AF13
:10F44000C5E7294600230A22584600F049F90B9BDC
:10F45000002B054609DD069391E4209B022B09DC75
:10F460000B9B10E50226FFF78FBA209B022B01DCD5
:10F470000B9BF0E70B9B069388E6074B0493FFF783
:10F480004FB93FF45FACC0F13C0059E500002440A7
:10F4900000001C400000E03FDC5703000B78722B9B
:10F4A00030B431D0772B2AD0612B04D016230360DF
:10F4B00030BC002070474FF4027501244FF4847073
:10F4C00011F8013F8BB1622B16D0782B11D02B2B6A
:10F4D000F6D111F8013F20F01C0024F0030440F0A5
:10F4E000100044F00204002BEDD12C43146030BC1A
:10F4F000704744F40064E3E744F48034E0E74FF4F9
:10F50000C06501240820DBE700252C460420D7E74E
:10F510002DE9F04782B0814688461446FBF700FD8E
:10F52000012803D108F1FF33FE2B33D9424604F101
:10F530005C0301A9484600F039FC421C06462FD066
:10F5400020B39DF804C000250DF1040A09E02368EA
:10F550005A1C226083F800C00135B54216D215F856
:10F560000AC0A368013B002BA360F0DAA769BB4285
:10F5700061462246484602DBBCF10A0FE7D1FEF79E
:10F580000FFF431CE8D102B0BDE8F087404602B04F
:10F59000BDE8F0875FFA88FC06468DF804C0D2E724
:10F5A000A38943F04003A38102B0BDE8F08700BF08
:10F5B00030B50546506EB2F90C30C007144683B022
:10F5C0009AB201D490051CD5900406D4626E43F41F
:10F5D000005342F40052A381626628462246FFF798
:10F5E00097FF636EDA07054602D4A3899B0502D50F
:10F5F000284603B030BDA06DFBF7A6FC284603B03B
:10F6000030BDA06D0191FBF79DFCB4F90C30019960
:10F610009AB2D9E738B5074C00230546084623605F
:10F62000EFF7B0F8431C00D038BD2368002BFBD0A7
:10F630002B6038BD68B90020044A054B1268506B36
:10F64000002808BF1846F030704700BF140600209D
:10F65000400A002070B50D46084C114606461A4671
:10F66000284600232360EFF7F4F8431C00D070BD58
:10F670002368002BFBD0336070BD00BF68B9002049
:10F68000C36C70B505460C464BB153F8240080B1ED
:10F69000026843F824200023C0E9033370BD21220F
:10F6A0000421EEF761FA0346E8640028EDD100205A
:10F6B00070BD012101FA04F6721D28469200EEF792
:10F6C00053FA0028F3D0C0E90146E4E731B1C36C36
:10F6D0004A6853F82200086043F82210704700BFC0
:10F6E000F0B50C6983B00D46064601F1140C0027F5
:10F6F000DCF8000081B202FB0133010C180C02FBA4
:10F7000001019BB2013703EB0143BC424CF8043BBF
:10F710004FEA1143ECDC3BB1AA68A24207DD05EBDE
:10F720008402013453612C61284603B0F0BD69683E
:10F73000019301313046FFF7A3FF2A69023205F138
:10F740000C01074692000C30FBF7C4FFF26C6968AD
:10F75000019B52F82100286042F821503D46DEE727
:10F76000020C12040346C2B90304102013F07F4FA9
:10F7700004BF1B02083013F0704F04BF1B0104309C
:10F7800013F0404F04BF9B000230002B04DB5B00F2
:10F7900001D501307047202070470020E6E700BF08
:10F7A000036813F00702014607D0DA071FD4980751
:10F7B0001FD55B080B600120704798B2A0B11046BE
:10F7C00013F0FF0F04BF1B0A08301A0704BF1B0900
:10F7D00004309A0704BF9B080230DA0702D45B08A2
:10F7E0000BD001300B6070471B0C1020E8E70020A5
:10F7F00070479B080B60022070472020704700BFB5
:10F8000010B50C460121FFF73BFF0122C0E904249B
:10F8100010BD00BF2DE9F04F0E691469A64283B0F8
:10F820000F46154604DA32462F4626460D46144644
:10F83000D7E9011306EB04084345B8BF0131FFF7D0
:10F840001FFF00F1140909EB880EF145009005D265
:10F850004B46002243F8042B9E45FBD805F1140AC1
:10F860000AEB840407F11403A24503EB860C61D272
:10F87000641B153C24F00304CDF804E0A24405F118
:10F8800010029E4605E02D0C2BD1924509F104098A
:10F890004ED052F8045F1FFA85FBBBF1000FF2D087
:10F8A00077464E46002000E0264657F8041B346891
:10F8B0008BB2A5B2090C240C0BFB035303440BFBC6
:10F8C000014000EB134034469BB243EA0043BC4581
:10F8D0004FEA104044F8043BE6D8706015682D0CE0
:10F8E000D3D0D9F8003076461846CB46002100E048
:10F8F000A3463488000C05FB040001449BB25C461F
:10F9000043EA014344F8043B56F8043BDBF80400A7
:10F910001B0C87B205FB037303EB1143B4454FEA9D
:10F920001341E5D89245CBF8043009F10409B0D170
:10F93000DDF804E0B8F1000F0BDD5EF8043CAEF139
:10F94000040E1BB105E05EF8043D13B9B8F10108DF
:10F95000F9D10098C0F8108003B0BDE8F08F00BF67
:10F9600012F003032DE9F041144607462ED10D464F
:10F97000A4101CD0BE6C96B3E3074FF0000806D469
:10F98000641014D03068A8B10646E307F8D53246B3
:10F9900029463846FFF73EFFB5B16A68FB6C641034
:10F9A00053F82210296043F822500546EAD1284630
:10F9B000BDE8F081324631463846FFF72BFF306014
:10F9C000C0F800800646E0E70546D9E7013B0B4A50
:10F9D00052F823200023FFF783FE0546C8E70121E4
:10F9E0003846FFF74DFE40F27123436101220023A8
:10F9F00002610646B8640360BEE700BFE05803003A
:10FA00002DE9F04791460A690E464FEA6914D1E99B
:10FA1000011304EB020808F101059D42074604DDCD
:10FA20005B009D4201F10101FADC3846FFF728FE38
:10FA3000002C00F1140337DD03EB8401002243F8AE
:10FA4000042B8B42FBD1346906F1140319F01F0912
:10FA500003EB840C20D0C9F1200E002200E05146B7
:10FA60001C688A4604FA09F414434AF8044B53F814
:10FA7000042B634522FA0EF2F1D34A600AB108F171
:10FA80000205FB6C7268013D53F82210056131607C
:10FA900043F82260BDE8F087043953F8042B41F89D
:10FAA000042F9C45F9D8ECE71946CCE730B40B6934
:10FAB00005460069C01A0FD19B0014351431194452
:10FAC0002B4401E09D4207D253F8044D51F8042D18
:10FAD0009442F7D002D3012030BC70474FF0FF3082
:10FAE000FAE700BF2DE9F04113690D69ED1A002D09
:10FAF0000E46904601F1140402F1140714D19B0044
:10FB0000E2183B4401E0A24259D952F804CD53F81F
:10FB1000041D8C45F7D009D2224633463C46464662
:10FB200017469846012501E0F6DB00257168FFF7CE
:10FB3000A7FDD8F810303669C56007EB830EBC46C8
:10FB400000F1140504EB860700235CF8041B54F84D
:10FB5000048B8AB213FA88F3090C9A1AC1EB184382
:10FB600003EB224392B242EA0342E64545F8042BF6
:10FB70004FEA2343E9D8A74217D9AE46A4465CF81A
:10FB8000042B13FA82F3191401EB12419BB243EADE
:10FB9000014267454EF8042B4FEA2143EFD8E44376
:10FBA000274427F0030704373D44043D22B955F8A4
:10FBB000043D013E002BFAD00661BDE8F081002132
:10FBC000FFF75EFD01220023C0E90423BDE8F081B8
:10FBD0002DE9F04383B001211F4616460A9DFFF729
:10FBE0004FFDC7F30A548146C7F313030CB143F426
:10FBF0008013002E019323D002A840F8086DFFF770
:10FC0000CFFD002835D1DDE90023C9F81420002BF1
:10FC10000CBF01210221C9F81830C9F81010DCB955
:10FC200009EB8103A0F2324028601869FFF798FDC4
:10FC30000B9BC0EB41101860484603B0BDE8F08351
:10FC400001A8FFF7ADFD019BC9F814300121203058
:10FC5000C9F81010002CE3D0A4F2334808EB0003DD
:10FC60002B600B9BC0F135001860484603B0BDE81F
:10FC7000F083DDE90013C0F1200203FA02F20A4327
:10FC8000C3400193C9F81420C1E700BF70B50D4609
:10FC9000084C114606461A46284600232360EEF714
:10FCA00073FD431C00D070BD2368002BFBD0336074
:10FCB00070BD00BF68B900202DE9F04F936883B094
:10FCC0009046002B6CD017688D6882460C460868F9
:10FCD000083742E0A38913F4906F2DD0D4E90415BE
:10FCE00005EB4505A0EB010B05EBD575701C6D1000
:10FCF0005844A8422A4684BF05462A465B0536D5A5
:10FD000011465046EDF784FF00283AD05A46216943
:10FD10000190FBF7DFFCA289019B22F4906242F084
:10FD20008002A281A5EB0B0203EB0B00656123614E
:10FD30002060A2603546B3465A464946FBF764FD4B
:10FD4000D8F80830A2682068551B58449E1BA5604F
:10FD50002060C8F808601EB3083757E90296AB4622
:10FD6000002EF9D0AE42B5D23546B346E4E7504650
:10FD7000EDF7DEFE03460028D4D121695046EDF7A9
:10FD800089FF0C23CAF80030A389002243F0400306
:10FD90004FF0FF30A381C8E9012203B0BDE8F08F26
:10FDA0000020C8F8040003B0BDE8F08FF0B5114C96
:10FDB000246885B00646646B1F4651B10E4D002C79
:10FDC00008BF2C46D4F8E040A047431C0CD005B037
:10FDD000F0BD094A002C08BF14460A46D4F8E0409A
:10FDE00001A9A047431CF2D100228A233A60336064
:10FDF00005B0F0BD14060020400A00204FEA410281
:10FE000012F5001215D211D56FF47873B3EB62526C
:10FE100012D94FEAC12343F0004343EA505311F093
:10FE2000004F23FA02F018BF404270474FF0000025
:10FE3000704750EA013005D111F0004008BF6FF063
:10FE4000004070474FF00000704700BF024B58223F
:10FE50001A604FF0FF30704768B90020024B5822FB
:10FE60001A604FF0FF30704768B90020F8B500BF46
:10FE7000F8BC08BC9E467047F8B500BFF8BC08BC8B
:10FE80009E46704787040100ED010100B5010100A5
:10FE90004E1BC841A471F24200000000FAFF20008E
:10FEA0005B544953525D20004661696C656420745F
:10FEB0006F20696E697469616C697A6520494D5576
:10FEC0002100436F6E6E65637420746F20494D5539
:10FED000004661696C656420746F20696E6974699D
:10FEE000616C697A65204241524F2100436F6E6E0A
:10FEF00065637420746F204241524F004661696C03
:10FF0000656420746F20696E697469616C697A65D3
:10FF100020476573747572652053656E736F722127
:10FF200000436F6E6E65637420746F204765737451
:10FF30007572652053656E736F7200496E697469DE
:10FF4000616C697A6520435046004E524635325402
:10FF5000696D6572496E746572727570743A204588
:10FF600052524F523A204E65676174697665206F30
:10FF70007220546F6F2068696768206672657175BA
:10FF8000656E63792E204D757374206265203C3D4B
:10FF90000043616E277420736574204954696D6550
:10FFA000722E2053656C65637420616E6F74686592
:10FFB0007220667265712E206F722074696D657291
:10FFC000005374617274206D6561737572696E6738
:10FFD0002E2E2E0028286D5F726F772B6D5F637554
:10FFE0007272656E74426C6F636B526F7773292007
:10FFF0003D3D206D5F7870722E726F7773282920D7
:020000023000CC
:100000007C7C206D5F7870722E636F6C7328292062
:100010003D3D203029202626206D5F636F6C203DFA
:100020003D206D5F7870722E636F6C7328292026D7
:10003000262022546F6F2066657720636F656666A1
:10004000696369656E74732070617373656420748D
:100050006F20636F6D6D6120696E697469616C6991
:100060007A657220286F70657261746F723C3C29EA
:100070002200436F6E7374616E742073686F756CC9
:1000800064206265747765656E20203120616E643E
:10009000203130302E00696E646578203E3D20307E
:1000A00020262620696E646578203C2073697A6575
:1000B000282900433A5C55736572735C68656D72FC
:1000C000685C446F63756D656E74735C41726475D2
:1000D000696E6F5C6C69627261726965735C4569B7
:1000E00067656E2F41726475696E6F456967656EED
:1000F0002F456967656E2F7372632F436F72652F8B
:1001000044656E7365436F65666673426173652E01
:1001100068006D5F726F773C6D5F7870722E726FE2
:10012000777328292026262022546F6F206D616E58
:100130007920726F77732070617373656420746FB8
:1001400020636F6D6D6120696E697469616C697A95
:10015000657220286F70657261746F723C3C292251
:10016000006D5F636F6C3C6D5F7870722E636F6CB7
:100170007328292026262022546F6F206D616E7906
:1001800020636F656666696369656E74732070616C
:100190007373656420746F20636F6D6D6120696E89
:1001A000697469616C697A657220286F7065726123
:1001B000746F723C3C2922006D5F63757272656ECC
:1001C00074426C6F636B526F77733D3D31006D5FAE
:1001D000726F772B6D5F63757272656E74426C6FB0
:1001E000636B526F77733C3D6D5F7870722E726FE8
:1001F000777328292026262022546F6F206D616E88
:100200007920726F77732070617373656420746FE7
:1002100020636F6D6D6120696E697469616C697AC4
:10022000657220286F70657261746F723C3C292280
:1002300000433A5C55736572735C68656D72685C07
:10024000446F63756D656E74735C41726475696E3D
:100250006F5C6C69627261726965735C4569676540
:100260006E2F41726475696E6F456967656E2F45C3
:100270006967656E2F7372632F436F72652F436FCB
:100280006D6D61496E697469616C697A65722E6819
:1002900000286D5F636F6C202B206F746865722E71
:1002A000636F6C732829203C3D206D5F7870722E3F
:1002B000636F6C732829292026262022546F6F2013
:1002C0006D616E7920636F656666696369656E74DA
:1002D000732070617373656420746F20636F6D6D3C
:1002E0006120696E697469616C697A657220286F32
:1002F00070657261746F723C3C2922006D5F63759A
:100300007272656E74426C6F636B526F77733D3DB2
:100310006F746865722E726F777328290073746129
:100320007274526F77203E3D203020262620626C6A
:100330006F636B526F7773203E3D2030202626205E
:100340007374617274526F77203C3D207870722E06
:10035000726F77732829202D20626C6F636B526F48
:100360007773202626207374617274436F6C203E6D
:100370003D203020262620626C6F636B436F6C73C8
:10038000203E3D2030202626207374617274436F16
:100390006C203C3D207870722E636F6C732829208E
:1003A0002D20626C6F636B436F6C7300433A5C5536
:1003B000736572735C68656D72685C446F63756DBC
:1003C000656E74735C41726475696E6F5C6C6962B2
:1003D0007261726965735C456967656E2F4172640D
:1003E00075696E6F456967656E2F456967656E2F24
:1003F0007372632F436F72652F426C6F636B2E684D
:100400000028693E3D302920262620282028284221
:100410006C6F636B526F77733D3D31292026262028
:1004200028426C6F636B436F6C733D3D5870725420
:100430007970653A3A436F6C734174436F6D7069BC
:100440006C6554696D652920262620693C78707298
:100450002E726F7773282929207C7C2828426C6FA4
:10046000636B526F77733D3D587072547970653A83
:100470003A526F77734174436F6D70696C6554695C
:100480006D65292026262028426C6F636B436F6CB4
:10049000733D3D312920262620693C7870722E63F9
:1004A0006F6C73282929290028696E7465726E6142
:1004B0006C3A3A55496E7450747228656967656E76
:1004C0005F756E616C69676E65645F617272617998
:1004D0005F6173736572745F776F726B61726F7552
:1004E0006E645F67636334372861727261792929AA
:1004F0002026202831352929203D3D203020262660
:1005000020227468697320617373657274696F6EF9
:10051000206973206578706C61696E656420686518
:1005200072653A20222022687474703A2F2F656910
:1005300067656E2E74757866616D696C792E6F7261
:10054000672F646F782D646576656C2F67726F75A1
:10055000705F5F546F706963556E616C69676E653B
:100560006441727261794173736572742E68746D3F
:100570006C222022202A2A2A2A2052454144205433
:1005800048495320574542205041474520212121C9
:10059000202A2A2A2A2200433A5C55736572735C2A
:1005A00068656D72685C446F63756D656E74735CCD
:1005B00041726475696E6F5C6C69627261726965C3
:1005C000735C456967656E2F41726475696E6F452E
:1005D0006967656E2F456967656E2F7372632F4378
:1005E0006F72652F44656E736553746F72616765D2
:1005F0002E6800456967656E3A3A44656E736543D7
:100600006F65666673426173653C446572697665C1
:10061000642C20313E3A3A5363616C617226204566
:100620006967656E3A3A44656E7365436F656666E1
:1006300073426173653C446572697665642C203150
:100640003E3A3A6F70657261746F725B5D284569FE
:1006500067656E3A3A496E64657829205B776974FC
:10066000682044657269766564203D204569676548
:100670006E3A3A4D61747269783C666C6F61742CA5
:1006800020322C20313E3B20456967656E3A3A4462
:10069000656E7365436F65666673426173653C445E
:1006A0006572697665642C20313E3A3A5363616C19
:1006B0006172203D20666C6F61743B2045696765FF
:1006C0006E3A3A496E646578203D20696E745D002B
:1006D000587072547970652620456967656E3A3A9C
:1006E000436F6D6D61496E697469616C697A657299
:1006F0003C4D6174726978547970653E3A3A666926
:100700006E69736865642829205B7769746820586E
:10071000707254797065203D20456967656E3A3A7C
:100720004D61747269783C666C6F61742C20332C57
:1007300020333E5D00456967656E3A3A436F6D6DE3
:1007400061496E697469616C697A65723C4D617466
:10075000726978547970653E2620456967656E3AFE
:100760003A436F6D6D61496E697469616C697A6550
:10077000723C4D6174726978547970653E3A3A6F93
:1007800070657261746F722C28636F6E737420537E
:1007900063616C61722629205B77697468205870E8
:1007A0007254797065203D20456967656E3A3A4D0F
:1007B00061747269783C666C6F61742C20332C20F4
:1007C000333E3B20456967656E3A3A436F6D6D6114
:1007D000496E697469616C697A65723C4D617472C5
:1007E0006978547970653E3A3A5363616C6172205E
:1007F0003D20666C6F61745D00456967656E3A3ACD
:10080000426C6F636B3C587072547970652C204257
:100810006C6F636B526F77732C20426C6F636B430A
:100820006F6C732C20496E6E657250616E656C3E04
:100830003A3A426C6F636B2858707254797065262F
:100840002C20456967656E3A3A496E6465782920BF
:100850005B776974682058707254797065203D2008
:10086000636F6E737420456967656E3A3A547261BE
:100870006E73706F73653C456967656E3A3A4D619A
:10088000747269783C666C6F61742C20332C203351
:100890003E203E3B20696E7420426C6F636B526F4A
:1008A0007773203D20313B20696E7420426C6F636A
:1008B0006B436F6C73203D20333B20626F6F6C2065
:1008C000496E6E657250616E656C203D2074727564
:1008D000653B20456967656E3A3A496E64657820E4
:1008E0003D20696E745D00456967656E3A3A696ED0
:1008F0007465726E616C3A3A706C61696E5F6172B8
:100900007261793C542C2053697A652C204D6174B6
:100910007269784F7241727261794F7074696F6E4B
:10092000732C2031363E3A3A706C61696E5F6172A9
:100930007261792829205B776974682054203D20F2
:10094000666C6F61743B20696E742053697A652010
:100950003D20343B20696E74204D61747269784F7C
:100960007241727261794F7074696F6E73203D20AD
:10097000305D00587072547970652620456967654E
:100980006E3A3A436F6D6D61496E697469616C6965
:100990007A65723C4D6174726978547970653E3A3B
:1009A0003A66696E69736865642829205B776974A3
:1009B000682058707254797065203D2045696765DC
:1009C0006E3A3A4D61747269783C666C6F61742C52
:1009D00020332C20333E5D00456967656E3A3A420C
:1009E0006C6F636B3C587072547970652C20426C4C
:1009F0006F636B526F77732C20426C6F636B436F26
:100A00006C732C20496E6E657250616E656C3E3A57
:100A10003A426C6F636B2858707254797065262C5B
:100A200020456967656E3A3A496E64657829205BAE
:100A3000776974682058707254797065203D20631E
:100A40006F6E737420456967656E3A3A43776973D0
:100A50006542696E6172794F703C456967656E3AAF
:100A60003A696E7465726E616C3A3A7363616C6177
:100A7000725F70726F647563745F6F703C666C6FE9
:100A800061742C20666C6F61743E2C20636F6E73F2
:100A90007420456967656E3A3A43776973654E75A8
:100AA0006C6C6172794F703C456967656E3A3A6962
:100AB0006E7465726E616C3A3A7363616C61725FF9
:100AC000636F6E7374616E745F6F703C666C6F61A0
:100AD000743E2C20636F6E737420456967656E3AAF
:100AE0003A4D61747269783C666C6F61742C203386
:100AF0002C20333E203E2C20636F6E73742045699A
:100B000067656E3A3A4D61747269783C666C6F61E4
:100B1000742C20332C20333E203E3B20696E742001
:100B2000426C6F636B526F7773203D20313B2069BD
:100B30006E7420426C6F636B436F6C73203D203387
:100B40003B20626F6F6C20496E6E657250616E65FE
:100B50006C203D2066616C73653B20456967656E5E
:100B60003A3A496E646578203D20696E745D0045AF
:100B70006967656E3A3A426C6F636B3C58707254A9
:100B80007970652C20426C6F636B526F77732C20E9
:100B9000426C6F636B436F6C732C20496E6E657291
:100BA00050616E656C3E3A3A426C6F636B285870C8
:100BB0007254797065262C20456967656E3A3A490A
:100BC0006E64657829205B77697468205870725468
:100BD000797065203D20636F6E7374204569676589
:100BE0006E3A3A4D61747269783C666C6F61742C30
:100BF00020332C20333E3B20696E7420426C6F639F
:100C00006B526F7773203D20313B20696E74204218
:100C10006C6F636B436F6C73203D20333B20626FBE
:100C20006F6C20496E6E657250616E656C203D2060
:100C300066616C73653B20456967656E3A3A496E3B
:100C4000646578203D20696E745D00456967656E56
:100C50003A3A426C6F636B3C587072547970652CF1
:100C600020426C6F636B526F77732C20426C6F6302
:100C70006B436F6C732C20496E6E657250616E65AC
:100C80006C3E3A3A426C6F636B28587072547970BC
:100C900065262C20456967656E3A3A496E64657829
:100CA00029205B77697468205870725479706520C8
:100CB0003D20636F6E737420456967656E3A3A4DE7
:100CC00061747269783C666C6F61742C20332C20DF
:100CD000333E3B20696E7420426C6F636B526F77BA
:100CE00073203D20333B20696E7420426C6F636B30
:100CF000436F6C73203D20313B20626F6F6C204945
:100D00006E6E657250616E656C203D207472756503
:100D10003B20456967656E3A3A496E646578203DC7
:100D200020696E745D006779726F006163636C00A7
:100D3000FBFAF9C82E002E802E3DB1C82E002E8061
:100D40002E9103802EBCB0802EA303C82E002E80CF
:100D50002E00B05030212E59F51030212E6AF5802A
:100D60002E3B03000000000819010022007500005E
:100D7000100010D100B343802E00C1802E00C1802E
:100D80002E00C1802E00C1802E00C1802E00C180A7
:100D90002E00C1802E00C1802E00C1802E00C18097
:100DA0002E00C1802E00C1802E00C1802E00C18087
:100DB0002E00C1802E00C1802E00C1802E00C18077
:100DC0002E00C1802E00C1802E00C1802E00C18067
:100DD0002E00C1802E00C1802E00C1802E00C18057
:100DE0002E00C1802E00C1802E00C1802E00C18047
:100DF0002E00C1802E00C1802E00C1802E00C18037
:100E00002E00C1802E00C1802E00C1802E00C18026
:100E10002E00C1802E00C1802E00C1802E00C1E0B6
:100E20005F00000000010000000000000000000062
:100E30000092000000000000000000000000000020
:100E400000000008190000880000000000000005F4
:100E5000E0AA3805E09030FA0096004B0911001125
:100E60000002002D01D47B3B01DB7A04003F7BCDE7
:100E70006CC3048509C304ECE60C46010027001985
:100E8000009600A00001000C00F03C0001010003EE
:100E90000001000E00000032000500EE060400C84C
:100EA0000000000400A805EE060004BC02B30085A3
:100EB000070000000000000000000000000000002B
:100EC0000000000000B4000100B90001009800001B
:100ED000000000000000000100800004000000008D
:100EE0000000000000000000000000000000000002
:100EF00000000000000000000000000000000000F2
:100F000000000000000000000000000000000000E1
:100F100000000000000000000000000000000000D1
:100F200000000000000000000000000000802E0013
:100F3000C1FD2DDE00EB00DA00000CFF0F0004C045
:100F4000005BF5C9011EF280003FFF19F458F566F9
:100F5000F564F5C0F1F000E000CD01D301DB01FF45
:100F60007FFF01E40074F7F300FA00FF3FCA036C4F
:100F70003856FE44FDBC02F90600FC1202AE0158D0
:100F8000FA9AFD7705BB02960195017F01820189DE
:100F900001870188018A018C018F018D01920191E5
:100FA00001DD009F017E01DB00B601706926D39C44
:100FB000071F059D000008BC0537FAA201AA01A180
:100FC00001A801A001A805B401B401CE00D000FC25
:100FD00000C501FFFBB10000380030FDF5FCF5CD88
:100FE00001A0005FFF0040FF0000806D0FEB007F5D
:100FF000FFC2F568F7B3F1670F5B0F610F800F5801
:10100000F75BF7830F8600720F850FC6F17F0F6CB9
:10101000F700E000FFD1F5870F8A0FFF03F03F8B49
:10102000008E009000B9002DF5CAF5CB0120F2002A
:1010300000000000000000000000000000000000B0
:1010400000000000000000000000000000000000A0
:101050000000000000000000000000000000000090
:101060000000000000000000000000000000000080
:101070000000000000000000000000000000000070
:101080000000000000000000000000000000000060
:101090000000000000000000000000000000000050
:1010A0000000000000000000000000000000000040
:1010B0000000000000000000000000000000000030
:1010C0000000000000000000000000000000000020
:1010D0000000000000000000000000000000000010
:1010E0000000000000000000000000000000000000
:1010F00000000000000000000000000000000000F0
:1011000000000000000000000000003050982ED7C2
:101110000E5032982EFA030030F07F002E002ED0B1
:101120002E002E018008A2FB2F982EBA03212E1923
:1011300000012EEE0000B2072F012E190000B203AD
:101140002F01500352982E07CC012EDD0000B2274C
:101150002F052E8A000552982EC7C1032EE90040A4
:10116000B2F07F082F012E190000B2042F003021A9
:101170002EE900982EB4B1012E180000B2102F05F0
:1011800050982E4DC30550982E5AC7982EF9B498F2
:101190002E54B2982E67B6982E17B21030212E77A3
:1011A00000012EEF0000B2042F982E7AB7003021F4
:1011B0002EEF00012ED40004AE0B2F012EDD000017
:1011C000B2072F0552982E8E0E00B2022F1030213A
:1011D0002E7D00012E7D000090902EF102012ED771
:1011E0000000B2042F982E2F0E0030212E7B00011C
:1011F0002E7B0000B2122F012ED4000090022F98F7
:101200002E1F0E092D982E810D012ED40004900260
:101210002F5032982EFA030030212E7B00012E7CB5
:101220000000B2902E0903012E7C0001310108005C
:10123000B2042F982E47CB1030212E770081300139
:101240002E7C00010800B2612F032E8900012ED4EC
:101250000098BC98B805B20F58232F079009540086
:1012600030372F15410441DCBE44BEDCBA2C01618D
:10127000000F564A0F0C2FD14294B8C142113005CD
:101280002E6AF72CBD2FB980B20822982EC3B72141
:101290002D6130232ED400982EC3B70030212E5A52
:1012A000F5182DE17F5030982EFA030F5207505059
:1012B0004270300D5442427E82E26F80B24242055B
:1012C0002F212ED4001030982EC3B7032D6030216B
:1012D0002ED400012ED4000690182F012E76000B7C
:1012E000540752E07F982E7AC1E16F081A40300807
:1012F0002F212ED4002030982EAFB75032982EFADE
:1013000003052D982E380E0030212ED400003021F8
:101310002E7C00182D012ED40003AA012F982E45F3
:101320000E012ED4003F8003A2012F002E022D9823
:101330002E5B0E3030982ECEB70030212E7D00501F
:1013400032982EFA03012E770000B2242F982EF542
:10135000CB032ED5001154010ABC848386212EC9EB
:1013600001E0401352C4408240A8B9524243BE53E8
:1013700042040A5042E17FF0314140F26F25BD083E
:1013800008020AD07F982EA8CF06BCD16FE26F0862
:101390000A8042982E58B70030212EEE00212E7779
:1013A00000212EDD00802EF4011A242200802EEC74
:1013B000011050FB7F982EF3035750FB6F013071E3
:1013C000541142420EFC2FC02E0142F05F802E00CD
:1013D000C1FD2D0100000000000000000000009A87
:1013E00001340300000000000000000000000000C5
:1013F00000000000000000000000000000000000ED
:1014000000000000000000000000000000000000DC
:1014100000000000000000000000000000000000CC
:1014200000000000000000000000000000000000BC
:1014300000000000000000000000000000000000AC
:10144000000000000000000000000000000000009C
:1014500000000000002050E77FF67F06320F2E616B
:10146000F5FE09C0B3042F17302F2EEF002D2E618B
:10147000F5F66FE76FE05FC82E2050E77FF67F46F6
:10148000300F2EA4F1BE0980B3062F0D2ED4008498
:10149000AF022F16302D2E7B0086302D2E60F5F6F4
:1014A0006FE76FE05FC82E012E77F709BC0FB80019
:1014B000B21050FB7F10300B2F032E8A0096BC9F7A
:1014C000B840B2052F032E68F79EBC9FB840B20704
:1014D0002F032E7E004190012F982EDC03032C0059
:1014E00030212E7E00FB6FF05FB82E2050E07FFB96
:1014F0007F002E2750982E3BC82950982EA7C80150
:1015000050982E55CCE16F2B50982EE0C9FB6F0000
:1015100030E05F212E7E00B82E73500130575411F9
:1015200042420EFC2FB82E212E59F51030C02E212C
:101530002E4AF19050F77FE67FD57FC47FB37FA11D
:101540007F907F827F7B7F982E35B700B2902E9759
:10155000B0032E8F00072E9100052EB1003FBA9FD9
:10156000B8012EB100A3BD4C0A052EB10004BEBFC8
:10157000B9CB0A4FBA22BD012EB300DC0A2FB90342
:101580002EB8000ABE9A0ACFB99BBC012E97009FC5
:10159000B8930A0FBC910A0FB8900A252E180005BF
:1015A0002EC1F52EBD2EB9012E190031308A04004E
:1015B00090072F012ED40004A2032F012E18000043
:1015C000B20C2F19500552982E4DB7052E78008079
:1015D000901030012F212E7800252EDD00982E3E10
:1015E000B700B202300130042F012E190000B20002
:1015F0002F2130012EEA00081A0E2F232EEA003385
:10160000301B500B090140175646BE4B084C0A01CF
:10161000420A8015520142002E012E180000B21F0E
:101620002F032EC0F5F030480847AA7430072E7AF1
:101630000061224B1A052F072E66F5BFBDBFB9C04A
:10164000900B2F1D562B30D242DB420104C24204C4
:10165000BDFE808184232E7A0002420232252E6252
:10166000F5052ED6008184252ED6000231252E6068
:10167000F5052E8A000B50900880B20B2F052ECA5C
:10168000F5F03E9008252ECAF5052E59F5E03F905D
:1016900008252E59F5906FA16FB36FC46FD56FE613
:1016A0006FF76F7B6F826F705FC82EC050907FE5C1
:1016B0007FD47FC37FB17FA27F877FF67F7B7F0050
:1016C0002E012E60F5607F982E35B70230636F15BE
:1016D00052507F627F5A2C02321A0900B3142F0035
:1016E000B2032F092E180000910C2F437F982E97DC
:1016F000B71F50028A02320430252E64F51552506D
:101700006F436F4443252E60F5D908C0B2362F9839
:101710002E3EB700B2062F012E190000B2022F5044
:101720006F00900A2F012E79000090192F103021A0
:101730002E79000030982EDC03132D012EC3F50CFA
:10174000BC0FB81230100403B02625215003529864
:101750002E4DB71030212EEE000230607F252E79FD
:1017600000606F0090052F0030212EEA00155021F7
:101770002E64F51552232E60F50232506F00900250
:101780002F0330272E7800072E60F51A090091A349
:101790002F19090091A02F906FA26FB16FC36FD462
:1017A0006FE56F7B6FF66F876F405FC82EC050E7A5
:1017B0007FF67F26300F2E61F52F2E7C000F2E7CBA
:1017C00000BE09A27F807F80B3D57FC47FB37F91A5
:1017D0007F7B7F0B2F23501A251240427F74821289
:1017E00040527F002E0040607F982E6AD6813001E3
:1017F0002E7C00010800B2422F032E8900012E89A1
:101800000097BC06BC9FB80FB80090232ED80010DC
:101810003001302A2F032ED40044B2052F47B200E6
:10182000302D2F212E7C002B2D032EFDF59EBC9FED
:10183000B84090142F032EFCF599BC9FB840900E31
:101840002F032E49F125544A084090082F982E3531
:10185000B700B21030032F5030212ED400102D9835
:101860002EAFB70030212E7C000A2D052E69F72DF2
:10187000BD2FB980B2012F212E7D00232E7C00E0E8
:1018800031212E61F5F66FE76F806FA26FB36FC4E1
:101890006FD56F7B6F916F405FC82E60510A253600
:1018A00088F47FEB7F0032315232301330982E159E
:1018B000CB0A253384D27F433005502D52982E9584
:1018C000C1D26F2752982ED7C72A25B086C07FD3A2
:1018D0007FAF842950F16F982E4DC82A25AE8AAA71
:1018E00088F26E2B50C16FD36FF47F982EB6C8E08C
:1018F0006E00B2322F33548386F16FC37F043030D1
:1019000030F47FD07FB27FE330C56F564045412829
:101910000803140EB408BC8240100A2F5426059107
:101920007F4428A37F982ED9C008B933305309C10A
:101930006FD36FF46F831747406C15B26FBE097594
:101940000B90424542510E32BC0289A16F7E86F453
:101950007FD07FB27F0430916FD62FEB6FA05EB83F
:101960002E032E97001BBC60509FBC0CB8F07F402C
:10197000B2EB7F2B2F032E7F004140012EC80001C8
:101980001A112F3758232EC8001041A07F3881012B
:1019900041D07FB17F982E64CFD06F0780A16F11A7
:1019A00042002EB16F01421130012EFC0000A8034D
:1019B00030CB224A25012E7F003C893552055498B0
:1019C0002EC4CEC16FF06F982E95CF042D0130F04C
:1019D0006F982E95CFEB6FA05FB82E032EB3000249
:1019E00032F030033130508A080808CB08E07F809D
:1019F000B2F37FDB7F252F032ECA004190042F0115
:101A000030232ECA00982E3F03C0B2052F032EDAD2
:101A10000000304104232EDA00982E92B21025F0F7
:101A20006F00B2052F012EDA0002301004212EDAE9
:101A30000040B2012F232EC801DB6FE06FD05F8022
:101A40002E95CF0130E06F982E95CF1130232ECAFE
:101A500000DB6FD05FB82ED0500A2533845550D2AA
:101A60007FE27F038CC07FBB7F0030055A39545121
:101A700041A57F967F807F982ED9C00530F57F20C5
:101A800025916F3B583D5C3B56982E67CCC16FD576
:101A90006F52405043C17FD57F1025982EFEC9104C
:101AA00025982E74C0866F3028926F828CA56F6F38
:101AB00052690E3954DB2F19A01530032F00302145
:101AC0002E81010A2D012E810105284236212E8109
:101AD00001020E012F982EF3035750123001409847
:101AE0002EFEC9516F0B5C8E0E3B6F575802302192
:101AF0002E9501456F2A8DD27FCB7F132F02303F69
:101B000050D27FA80E0E2FC06F5354020051544282
:101B10000E103059520230012F002E032D50424238
:101B2000421230D27F80B2032F0030212E8001126A
:101B30002D012EC9000280052E8001113091280050
:101B400040252E8001100E052F012E7F01019001EE
:101B50002F982EF303002EA0410190A67F902EE334
:101B6000B4012E950100A8902EE3B45B54958082B9
:101B70004080B202402D8C3F52967F902EC2B329F6
:101B80000E762F012EC900004081284552B33098AF
:101B90002E0FCA5D54807F002EA140727F8280820A
:101BA00040607F982EFEC91025982E74C0626F0584
:101BB000308740C0910430052F052E830180B21478
:101BC00030002F0430052EC900736F8140E2406958
:101BD00004110FE1401630FE29CB40022F836F83A2
:101BE0000F222F4756130F1230772F4954420E12EF
:101BF00030732F00910A2F012E8B0119A802306C2F
:101C00002F6350002E17420542682C12300B250816
:101C10000F5030022F212E8301032D4030212E83BF
:101C2000012B2E85015A2C123000912B25042F6395
:101C30005002301742172C0242982EFEC9102598E8
:101C40002E74C0052EC90081845B308240372E83FC
:101C500001020E072F5F52403062404140910E0159
:101C60002F212E830105302B2E85011230362C16A4
:101C7000301525817F982EFEC91025982E74C01925
:101C8000A21630152F052E9701806F820E052F01A9
:101C90002E86010628212E86010B2D032E87015F3B
:101CA000544E289142002E8240900E012F212E8802
:101CB000010230132C0530C06F081CA80F16300528
:101CC000305B50092F02802D2E82010542058000D5
:101CD0002E02423E80002E06420230906F3E880166
:101CE0004004414C28014207801025244000400058
:101CF000A8F522232944427A827E88434004410089
:101D0000ABF523DF284342D9A0142F0090022FD235
:101D10006F81B2052F6354062890428542092C0238
:101D2000305B500380292E7E012B2E82010542124A
:101D3000302B2E83014582002E40407A8202A0087B
:101D40002F63503B30154205423780372E7E010508
:101D5000421230012EC900028C404084417A8C042A
:101D60000F032F012E8B0119A4042F2B2E82019813
:101D70002EF303123081906152082F654265424371
:101D800080398482880542454285420543002E8081
:101D9000410090902EE1B46554C16F804000B24381
:101DA000586950442F555CB7878C0F0D2E9601C48F
:101DB00040362F41568B0E2A2F0B52A10E0A2F05AB
:101DC0002E8F011425982EFEC94B54020F69500521
:101DD000306554152F032E8E014D5C8E0F3A2F0562
:101DE0002E8F01982EFEC94F54820F053069506521
:101DF00054302F6D521530428C454204302B2C84C8
:101E0000436B52428C002E85431530242C45428E64
:101E10000F202F0D2E8E01B10E1C2F232E8E011A96
:101E20002D0E0E172FA10F152F232E8D01132D9878
:101E30002E74C04354C20E0A2F655004800B300626
:101E4000820B42798041401230252E8C01014205DF
:101E5000306950655484824384BE8C844086412618
:101E6000299442BE8ED57F19A143400B2E8C01844C
:101E700040C7415D29272945428442C27F012FC0C6
:101E8000B31D2F052E940199A0012F80B3132F802D
:101E9000B3182FC0B3162F12400140927F982E74B2
:101EA000C0926F100F2030032F1030212E7E010AB8
:101EB0002D212E7E01072D2030212E7E01032D1095
:101EC00030212E7E01C26F012EC900BC84028082A7
:101ED000400040900ED56F022F1530982EF303412D
:101EE000910530072F67503D802B2E8F010542044E
:101EF00080002E0542022C00300030A26F988A86A6
:101F00004080A7052F982EF303C030212E9501069F
:101F1000251A25E26F768296405643510EFB2FBB61
:101F20006F305FB82E012EB8000131410840B22059
:101F300050F2300208FB7F0130102F052ECC0081BB
:101F400090E07F032F232ECC00982E55B6982E1D9F
:101F5000B51025FB6FE06FE05F802E95CF982E9532
:101F6000CF1030212ECC00FB6FE05FB82E00510562
:101F700058EB7F2A2589526F5A895013410640B386
:101F8000011642CB160640F3021342650EF52F05EB
:101F90004014302C29044208A10030902E52B6B3D0
:101FA00088B08AB684A47FC47FB57FD57F927F73C3
:101FB000300430554042408A17F3086B01900253B9
:101FC000B84B82ADBE717F450A0954847F982ED9E3
:101FD000C0A36F7B54D042A37FF27F607F20257126
:101FE0006F755A7758795C7556982E67CCB16F62C9
:101FF0006F5042B17FB3301025982E0FCA846F20E6
:1020000029716F926FA56F76826A0E73300030D09F
:102010002FD26FD17FB47F982E2BB715BD0BB8028E
:102020000AC26FC07F982E2BB715BD0BB8420AC0ED
:102030006F081741188916E118D018A17F272516B7
:1020400025982E79C08B54907FB330824080900DBC
:102050002F7D52926F982E0FCAB26F900E062F8B63
:10206000501430426F516F144212420142002E311F
:102070006F982E74C0416F807F982E74C0826F104D
:10208000044352010F052ECB0000300430212F51A4
:102090006F43588C0E04301C2F8588416F04418C8F
:1020A0000F0430162F8488002E044104058C0E0482
:1020B000300F2F8288316F044104058C0E043008E4
:1020C0002F8388002E04418C0F0430022F212EAD67
:1020D0000114300091142F032EA10141900E2F0303
:1020E0002EAD0114304C28232EAD0146A0062F81C1
:1020F000848D5248828240212EA10142425C2C02F2
:1021000030052EAA0180B20230552F032EA901926C
:102110006FB330982E0FCAB26F900F003002304A62
:102120002FA26F875291008552510E022F002E432D
:102130002C0230C26F7F52910E02303C2F516F81C2
:1021400054982EFEC91025B3302125982E0FCA327F
:102150006FC07FB3301225982E0FCA426FB07FB385
:10216000301225982E0FCAB26F90288352982EFEF7
:10217000C9C26F900F003002301D2F052EA10180C3
:10218000B212300F2F426F032EAB01910E023012AC
:102190002F526F032EAC01910F02300C2F212EAA6B
:1021A000010A2C1230032ECB008D580889414011B2
:1021B000430043252EA101D46F8F5200433A89007A
:1021C0002E10431043610EFB2F032EA001111A02A3
:1021D0002F0225212EA001EB6F005FB82E91521027
:1021E000300230955652424B0EFC2F8D548882930C
:1021F0005680425342404242868354C02EC242001F
:102200002EA3520051524047401A25012E97008FAD
:10221000BE7286FB7F0B307CBFA5501008DFBA7002
:1022200088F8BFCB42D37F6CBBFCBBC50A907F1B39
:102230007F0B43C0B2E57FB77FA67FC47F902E1C83
:10224000B7072ED200C0B20B2F9752012ECD0082BD
:102250007F982EBBCC0B30372ED200826F906F1A36
:102260002500B28B7F142FA6BD25BDB6B92FB9802E
:10227000B2D4B00C2F99549B560B300B2EB100A149
:10228000589B42DB426C092B2EB1008B42CB42861D
:102290007F7384A756C30839520550727F637F98B5
:1022A0002EC2C0E16F626FD10A012ECD00D56FC47E
:1022B0006F726F97529D5C982E06CD236F906F9929
:1022C00052C0B204BD5440AFB94540E17F02300670
:1022D0002FC0B20230032F9B5C123094438543031E
:1022E000BF6FBB80B3202F066F2601166F6E0345AC
:1022F00042C090292ECE009B52142F9B5C002E933F
:10230000418641E304AE0780AB042F80910A2F86FB
:102310006F730F072F836FC0B2042F5442454212D0
:1023200030042C1130022C1130113002BC0FB8D205
:102330007F00B20A2F012EFC00052EC701101A02E1
:102340002F212EC701032D022C01300130B06F98D0
:102350002E95CFD16FA06F982E95CFE26F9F52012F
:102360002ECE00824050420C2C42421130232ED2FD
:10237000000130B06F982E95CFA06F0130982E9548
:10238000CF002EFB6F005FB82E83860130003094A3
:102390004024180600530E4F02F92FB82EA9520000
:1023A0002E604041400DBC98BCC02E010A0FB8AB56
:1023B00052533C524040404B00821626B901B8416E
:1023C00040100897B80108C02E1130010843862537
:1023D000400440D8BE2C0B2211544203804B0EF611
:1023E0002FB82E9F501050AD52052ED300FB7F000A
:1023F0002E13409342410EFB2F982EA5B7982E879F
:10240000CF012ED90000B2FB6F0B2F012E69F7B15F
:102410003F01080130F05F232ED900212E69F7809B
:102420002E7AB7F05FB82E012EC0F8032EFCF515FA
:1024300054AF5682080B2E69F7CB0AB1588090DD55
:10244000BE4C085FB959228090072F0334C308F2AD
:102450003A0A080235C0904A0A4822C02E232EFCB0
:10246000F51050FB7F982E56C7982E49C31030FBAD
:102470006FF05F212ECC00212ECA00B82E032ED380
:102480000016B802344A0C212E2DF5C02E232ED36F
:102490000003BC212ED500032ED50040B210302100
:1024A0002E77000130052F052ED8008090012F23B4
:1024B0002E6FF5C02E212ED90011308108012E6A11
:1024C000F7713F23BD0108020AC02E212E6AF730A2
:1024D000250030212E5AF51050212E7B00212E7C14
:1024E00000FB7F982EC3B74030212ED400FB6FF045
:1024F0005F0325802EAFB7802E00C1802E00C180E3
:102500002E00C1802E00C1802E00C1802E00C1800F
:102510002E00C1802E00C1802E00C1802E00C180FF
:102520002E00C1802E00C1802E00C1802E00C180EF
:102530002E00C1012E5DF708BC80AC0EBB022F003F
:102540003041048206C0A40030112F40A9032F405F
:10255000910D2F00A70B2F80B3B358022F90A12607
:1025600013202380901030012FCC0E002F0030B8A4
:102570002EB550180808BC88B60D17C6BD56BCB796
:1025800058DABA04011D0A1050053032254503FB04
:102590007FF6302125982E37CA16B59ABC06B8802A
:1025A000A8410A0E2F8090022F2D50480F092FBFEF
:1025B000A0042FBF90062FB754CA0F032F002E027E
:1025C0002CB7522D52F233982ED9C0FB6FF137C081
:1025D0002E0108F05FBF56B954D040C4400B2EFD09
:1025E000F3BF529042944295420530C1500F880685
:1025F0004004419642C54248BE73300D2ED8004F6C
:10260000BA8442034281B3022F2B2E6FF5062D05AB
:102610002E77F7BD569308252E77F7BB54252EC28B
:10262000F5072EFDF34230B433DA0A4C00272EFDB5
:10263000F34340D43FDC084342002E002E434024A5
:1026400030DC0A43420480032EFDF34A0A232EFDA8
:10265000F36134C02E0142002E60501A257A86E0C4
:102660007FF37F0325C3524184DB7F3330982E16DE
:10267000C21A257D82F06FE26F3225164094402603
:102680000185408E17C4426E039542410EF42FDB44
:102690006FA05FB82EB051FB7F982EE80D5A259899
:1026A0002E0F0ECB583287C47F65896B8DC55A6556
:1026B0007FE17F837FA67F747FD07FB67F947F1773
:1026C00030C752C954517F002E856F427F002E5172
:1026D000414581424113403B8A00404B04D006C033
:1026E000AC857F022F02305104D306418405305D52
:1026F00002C916DF08D3008D02AFBCB1B9590A6513
:102700006F1143A1B4524153410143347F657F2689
:1027100031E56FD46F982E37CA326F756F834042A0
:1027200041237F127FF63040255125982E37CA1459
:102730006F2005706F256F6907A26F316F0B300432
:10274000429B428B425542327F40A9C36F717F0248
:1027500030D040C37F032F4091152F00A7132F00C7
:10276000A4112F84BD982E79CA556FB75454418255
:1027700000F33F4541CB02F630982E37CA356FA49F
:102780006F4143032C0043A46F356F1730426F51E4
:102790006F934042820041C3000343517F002E9457
:1027A0004041414C02C46FD156630E746F5143A532
:1027B0007F8A2F092ED80001B3212FCB58906F1399
:1027C00041B66FE47F002E914114409241154017AD
:1027D0002E6FF5B67FD07FCB7F982E000C0715C2E9
:1027E0006F140B292E6FF5C3A3C18FE46FD06FE672
:1027F0002F1430052E6FF5140B292E6FF5182DCDE3
:10280000560432B56F1C0151415241C340B57FE4BB
:102810007F982E1F0CE46F218700430432CF545A57
:102820000EEF2F1554092E77F7220B292E77F7FB81
:102830006F505EB82E1050012ED40000B2FB7F51B5
:102840002F01B2482F02B2422F0390562FD7527950
:10285000804240818400404242982E930CD954D744
:1028600050A14098BD82403E82DA0A44408B16E374
:10287000005342002E43409A025242002E4140151E
:10288000544A0E3A2F3A8200304140212E850F40A3
:10289000B20A2F982EB10C982E450E982E5B0EFB87
:1028A0006FF05F0030802ECEB7DD52D35442424FDE
:1028B000847330DB5283421B306B422330272ED788
:1028C00000372ED400212ED6007A84172C424230B5
:1028D00030212ED400122D21300030232ED400219F
:1028E0002E7BF70B2D1730982E510CD5500C827281
:1028F000302F2ED400252E7BF74042002EFB6FF0A8
:102900005FB82E70500A253986FB7FE1326230981D
:102910002EC2C4B556A56FAB08916F4B08DF56C4E5
:102920006F23094DBA93BC8C0BD16F0B09CB52E1CD
:102930005E5642AF094DBA23BD940AE56F68BBEB02
:1029400008BDB963BEFB6F5242E30AC02E434290FA
:102950005FD150032E25F3134000409BBC9BB4086D
:10296000BDB8B998BCDA0A08B68916C02E1900623B
:10297000021050FB7F982E810D012ED400313008BB
:1029800004FB6F0130F05F232ED600212ED700B854
:102990002E012ED700032ED600480E012F802E1FA9
:1029A0000EB82EE350213401428230C132252E620E
:1029B000F50100223001404A0A0142B82EE354F0EA
:1029C0003B8340D808E5528342003083305042C4F4
:1029D00032272E64F5940050424042D33F84407D1C
:1029E00082E30840428342B82EDD52003040427CF0
:1029F00086B952092E700FBF54C442D38654405535
:102A00004094428542212ED7004240252EFDF3C03E
:102A1000427E82052E7D0080B2142F052E8900276C
:102A2000BD2FB98090022F212E6FF50C2D072E712E
:102A30000F14301C09052E77F7BD5647BE93089436
:102A40000A252E77F7E75450424A0EFC2FB82E5035
:102A50005002304386E550FB7FE37FD27FC07FB1D9
:102A60007F002E414000404804982E74C01EAAD317
:102A70006F1430B16FE322C06F5240E46F4C0E12FE
:102A800042D37FEB2F032E860F40901130032F236C
:102A90002E860F022C0030D06FFB6FB05FB82E4037
:102AA00050F17F0A253C86EB7F41332230982EC2BD
:102AB000C4D36FF430DC094758C26F9409EB586AED
:102AC000BBDC08B4B9B1BDE95A950821BDF6BF77A2
:102AD0000B51BEF16FEB6F52425442C02E4342C0C5
:102AE0005F5050F55031301142FB7F7B300B42116B
:102AF000300280233301420300072E8003052ED3CA
:102B0000002352E27FD37FC07F982EB60ED16F088C
:102B10000A1A257B86D07F01331230982EC2C4D189
:102B20006F080A00B20D2FE36F012E80035130C7EA
:102B300086232E21F208BCC042982EA5B7002E0095
:102B40002ED02EB06F0BB8032E1B00081AB07F706A
:102B500030042F212E21F2002E002ED02E982E6D23
:102B6000C0982E5DC0ED50982E44CBEF50982E4665
:102B7000C3F150982E53C73550982E64CF1030981B
:102B80002EDC032026C06F02311242AB330B4237DA
:102B90008001300142F337F752FB504440A20A4211
:102BA000428B31092E5EF7F954E30883421B42231E
:102BB000334B00BC840B40333083420B42E07FD167
:102BC0007F982E58B7D16F803040420330E06FF3CA
:102BD000540430002E002E0189620EFA2F43421158
:102BE00030FB6FC02E0142B05FC14A00006D57003C
:102BF00000778E0000E0FFFFFFD3FFFFFFE5FFFF40
:102C0000FFEEE1FFFF7C13000046E6FFFF0000003F
:102C100000000000000000000000000000000000B4
:102C200000000000000000000000000000000000A4
:102C30000000000000000000000000000000000094
:102C400000000000000000802E00C1802E00C18026
:102C50002E00C1802E00C1802E00C1802E00C180B8
:102C60002E00C1802E00C1802E00C1802E00C180A8
:102C70002E00C1802E00C1802E00C1802E00C18098
:102C80002E00C1802E00C1802E00C1802E00C18088
:102C90002E00C1802E00C1802E00C1802E00C18078
:102CA0002E00C1802E00C1802E00C1802E00C18068
:102CB0002E00C1802E00C1802E00C1802E00C18058
:102CC0002E00C1802E00C1802E00C1802E00C18048
:102CD0002E00C1802E00C1802E00C1802E00C18038
:102CE0002E00C1802E00C1802E00C1802E00C18028
:102CF0002E00C1802E00C1802E00C1802E00C18018
:102D00002E00C1802E00C1802E00C1802E00C18007
:102D10002E00C1802E00C1802E00C1802E00C180F7
:102D20002E00C1802E00C1802E00C1802E00C180E7
:102D30002E00C12F01002401022A01032B010326CA
:102D400001042201052C010509010604010C0502FC
:102D5000000302041D03000606020706020806021D
:102D600013060614070007000008000413000609F4
:102D7000000829000C27000E28000E00D95401007D
:102D8000ED010100B5010100C9540100ED01010090
:102D9000B501010000002041000000400000C040DB
:102DA00000000041000070410000A0410000C84147
:102DB0000000F0414572726F72205B005D203A2086
:102DC0004E756C6C20706F696E746572005D203A90
:102DD00020436F6D6D756E69636174696F6E2066F7
:102DE00061696C757265005D203A2044657669639F
:102DF00065206E6F7420666F756E64005D203A20EA
:102E00004F7574206F662072616E6765005D203AB1
:102E100020496E76616C696420616363656C206330
:102E20006F6E66696775726174696F6E005D203AD6
:102E300020496E76616C6964206779726F20636FD8
:102E40006E66696775726174696F6E005D203A2005
:102E5000496E76616C696420616363656C2F677984
:102E6000726F20636F6E66696775726174696F6EE9
:102E7000005D203A20496E76616C69642073656E4E
:102E8000736F72005D203A20436F6E6669677572DA
:102E90006174696F6E206C6F6164696E6720657222
:102EA000726F72005D203A20496E76616C69642011
:102EB0007061676520005D203A20496E76616C691B
:102EC00064206665617475726520626974005D20B6
:102ED0003A20496E76616C696420696E746572721D
:102EE0007570742070696E005D203A2053657474AB
:102EF000696E6720616476616E63656420706F77C8
:102F00006572206D6F6465206661696C6564005D43
:102F1000203A20496E76616C696420617578696C2D
:102F20006961727920636F6E666967757261746931
:102F30006F6E005D203A20417578696C6961727925
:102F40002062757379005D203A2053656C662074A9
:102F5000657374206661696C6564005D203A205277
:102F6000656D617070696E67206572726F72005D69
:102F7000203A204779726F20757365722067616906
:102F80006E20757064617465206661696C656400AB
:102F90005D203A2053656C662074657374206E6FF3
:102FA0007420646F6E65005D203A20496E76616C16
:102FB000696420696E707574005D203A20496E76F0
:102FC000616C696420737461747573005D203A20CC
:102FD000435254206572726F72005D203A2053652F
:102FE0006C66207465737420616C7265616479200D
:102FF00072756E6E696E67005D203A2043525420F0
:10300000726561647920666F7220444C2066616944
:103010006C2061626F7274005D203A20444C206520
:1030200072726F72005D203A20505245434F4E201D
:103030006572726F72005D203A2041626F72742077
:103040006572726F72005D203A204779726F20734B
:10305000656C662074657374206572726F72005DB2
:10306000203A204779726F2073656C66207465730F
:10307000742074696D656F7574005D203A20577215
:10308000697465206379636C65206F6E676F696E24
:1030900067005D203A205772697465206379636C1C
:1030A000652074696D656F7574005D203A20536505
:1030B0006C662074657374206E6F742072756E6E0A
:1030C000696E67005D203A20446174612072656119
:1030D000647920696E7465727275707420666169B6
:1030E0006C6564005D203A20496E76616C696420ED
:1030F000464F4320706F736974696F6E005D203AAC
:1031000020556E6B6E6F776E206572726F722063E2
:103110006F6465006576656E747300433A5C557341
:103120006572735C68656D72685C4170704461744F
:10313000615C4C6F63616C5C41726475696E6F3188
:10314000355C7061636B616765735C61726475693E
:103150006E6F5C68617264776172655C6D626564F4
:103160005F6E616E6F5C342E322E315C636F726500
:10317000735C61726475696E6F2F6D6265642F7028
:103180006C6174666F726D2F696E636C7564652F08
:10319000706C6174666F726D2F43616C6C626163F9
:1031A0006B2E6800626F6F6C282A7468697329003F
:1031B000000000000000000089430100B14201004E
:1031C00009430100DB420100494301009B45010026
:1031D0004144010055440100ED4401007D440100DB
:1031E0000000000000000000AF4201003F45010068
:1031F000E5590100ED010100B501010049324353D9
:103200006C61766500000000000000000000000016
:103210000356010069760100D355010027560100CD
:1032200021560100355601006B56010083560100FE
:1032300045590100F3560100D5560100DF55010044
:1032400033570100EB5501006B570100F3550100A6
:10325000295601002F560100D7550100A55601003F
:1032600000C00140001002400020024000D0024097
:10327000A75C0100ED010100B5010100DD61010065
:10328000ED010100B5010100000000000000000098
:10329000055E0100855E0100D3550100FB5C010065
:1032A000755F010059600100D15F010045610100B7
:1032B000AF5C0100135D0100B55D01004E616E6FF2
:1032C00020333320424C4500000000000000000085
:1032D0009D620100B9620100EBC4010047BB01001F
:1032E00055B8010043B901008DC5010075B4010056
:1032F00077B40100C1C7010011C8010011B5010078
:1033000095630100D9640100E1B4010095620100F8
:1033100089640100B5640100F9B401004F64010043
:103320005D6201006162010063620100656201008B
:103330007B620100CF6201000F6301004363010063
:103340006B63010085660100896601008D660100DE
:103350001003410072006400750069006E006F0088
:10336000000000000000000095680100A96801004D
:103370003F6D010005B201000000000000000000E8
:10338000BD680100D1680100796E010005B201003D
:1033900000000000000000006D680100816801006D
:1033A0009766010005B201001D700100ED010100EA
:1033B000B50101008025000000000800FFFFFFFFAD
:1033C0005F72785F73697A65203D3D2030005F74DD
:1033D000785F6C6973742E656D7074792829005F4D
:1033E00072785F6C6973742E656D7074792829002A
:1033F000433A5C55736572735C68656D72685C41D5
:103400007070446174615C4C6F63616C5C417264A8
:1034100075696E6F31355C7061636B616765735C94
:1034200061726475696E6F5C686172647761726500
:103430005C6D6265645F6E616E6F5C342E322E313E
:103440005C636F7265735C61726475696E6F5C5505
:1034500053425C5553424344432E6370700072657F
:10346000736F6C7665722E76616C69642829000032
:1034700000000000000000001D680100516801000C
:10348000B1660100856B0100A16B01006569010057
:103490005D6F010067680100E56801009F6601003B
:1034A000A5660100716B0100A9660100916601002B
:1034B0009366010095660100160343004400430033
:1034C000200044004500560049004300450000002C
:1034D00031740100ED010100B50101005553426551
:1034E0007674000000000000000000002D72010052
:1034F00089720100B1660100856B0100A16B0100BA
:10350000656901005D6F010067680100E568010001
:103510009F660100A5660100716B0100A9660100AC
:103520000F710100AF72010095660100BD700100CE
:10353000E570010059730100517001005D700100D8
:10354000515F01009D5F01000D600100617001008D
:10355000E15D0100495E010065700100D8FEFFFFDA
:103560000000000079720100A7720100B7D50100C8
:1035700087D50100E9D5010083D5010083D501007D
:1035800083D50100EDD50100F1D50100EDD5010095
:10359000257001002B700100377001003B700100A5
:1035A00041700100477001004B700100DD700100A7
:1035B000077101004D7001004F700100D4FEFFFF44
:1035C00000000000817201009F720100C0FEFFFF39
:1035D00000000000FD5D01007F5E0100D355010089
:1035E000637001006D5F010051600100CB5F01005D
:1035F00021740100577001005F70010075700100B7
:103600000000000000000000937401006E616E0075
:10361000696E66006F766600433A5C557365727337
:103620005C68656D72685C417070446174615C4C8B
:103630006F63616C5C41726475696E6F31355C708B
:1036400061636B616765735C61726475696E6F5C01
:1036500068617264776172655C6D6265645F6E61FA
:103660006E6F5C342E322E315C636F7265735C61F9
:10367000726475696E6F2F6D6265642F7461726715
:103680006574732F5441524745545F4E4F5244491D
:10369000432F5441524745545F4E524635782F6769
:1036A00070696F5F6F626A6563742E68006F626A2B
:1036B0002D3E70696E20213D202850696E4E616D4F
:1036C00065294E43005254582056352E352E33006E
:1036D0007274785F74696D6572007274785F696482
:1036E0006C65000000000000000000000000000009
:1036F00000000000000000000000000000000000CA
:1037000000000000000000000000000000000000B9
:1037100000000000000000000000000005000000A4
:10372000E803000005000000C02300201000000096
:103730000000000000000000000000000000000089
:103740000000000000000000000000000000000079
:103750000000000000000000000000000000000069
:103760000000000000000000000000000000000059
:103770000010000090370300CC370300559E010075
:10378000359E0100B4370300040000000000000073
:10379000DA36030000000000C824002044000000C6
:1037A00010250020000200000100000001000000C0
:1037B00000000000000000000000000000240020C5
:1037C000340000003424002050000000D0360300F4
:1037D0000000000084240020440000001027002086
:1037E00000030000280000000100000000000000AD
:1037F0006D616C6C6F635F6D7574657800656E7676
:103800005F6D757465780073696E676C65746F6E53
:103810005F6D75746578006D61696E00507265202A
:103820006D61696E20746872656164206E6F7420CA
:1038300063726561746564004661696C65642074D7
:103840006F2073746172742052544F530000000053
:10385000073803000B000000ACB400201C0000007F
:10386000434D5349532D52544F53206572726F721A
:103870003A20537461636B206F766572666C6F7764
:1038800000434D5349532D52544F53206572726F6C
:10389000723A20495352205175657565206F7665DF
:1038A00072666C6F7700434D5349532D52544F53FA
:1038B000206572726F723A20557365722054696D7B
:1038C00065722043616C6C6261636B205175657534
:1038D00065206F766572666C6F7700434D53495370
:1038E0002D52544F53206572726F723A20535444D4
:1038F00020432F432B2B206C696272617279206CFC
:1039000069627370616365206E6F742061766169AE
:103910006C61626C6500434D5349532D52544F53B3
:10392000206572726F723A2053544420432F432B08
:103930002B206C696272617279206D7574657820D4
:10394000696E697469616C697A6174696F6E206609
:1039500061696C656400434D5349532D52544F5374
:10396000206572726F723A20556E6B6E6F776E00C3
:103970004E6F7420616C6C6F77656420696E2049AE
:10398000535220636F6E7465787400537973746555
:103990006D206973206F7574206F66206D656D6F83
:1039A000727900506172616D657465722065727222
:1039B0006F72005265736F75726365206E6F74204D
:1039C000617661696C61626C65004F7065726174EB
:1039D000696F6E206E6F7420636F6D706C657465B7
:1039E000642077697468696E207468652074696DF5
:1039F000656F757420706572696F6400556E7370C1
:103A0000656369666965642052544F53206572721C
:103A10006F720000703903008B390300A339030073
:103A2000B3390300CA390300FC3903002E2F6D623D
:103A300065642D6F732F636D7369732F6465766989
:103A400063652F72746F732F736F757263652F6D5B
:103A50006265645F7274785F69646C652E63707010
:103A6000007469636B735F736C657074203C2072C3
:103A7000746F733A3A4B65726E656C3A3A77616966
:103A8000745F666F725F7533325F6D617800667266
:103A90006571203D3D20313030300068616E646CCE
:103AA0006572203D3D202849525148616E646C6525
:103AB000725F74294E5649435F4765745665637457
:103AC0006F722869727129002E2F6D6265642D6FE7
:103AD000732F706C6174666F726D2F696E636C7595
:103AE00064652F706C6174666F726D2F53696E67B9
:103AF0006C65746F6E5074722E680070203D3D20AE
:103B00007265696E746572707265745F63617374F7
:103B10003C54202A3E28265F6461746129002E2FC0
:103B20006D6265642D6F732F746172676574732F96
:103B30005441524745545F4E4F524449432F5441DC
:103B4000524745545F4E524635782F6770696F5F14
:103B50006F626A6563742E68000000000000000058
:103B600000000000EDA50100FDA5010095A50100E4
:103B7000B5A50100000000000000000079A70100C9
:103B8000A1A701002E2F6D6265642D6F732F6472E3
:103B900069766572732F736F757263652F536572E3
:103BA00069616C426173652E637070005F7374614C
:103BB0007469635F70696E6D6170203D3D204E5584
:103BC0004C4C0000000000000000000051A8010063
:103BD00051A801005DAD0100DDAD01000000000055
:103BE000000000008D7401000000000000000000D3
:103BF00051A8010051A80100E5AF010001B001008A
:103C00001DB001006BB0010067AF010073AF010090
:103C10007FAF010087AF0100C1AF0100D3AF01004A
:103C20008FAF0100F8FEFFFF00000000F9AF0100B8
:103C300017B0010091B0010063B001006DAF010049
:103C40008BAF010063AF010083AF010025A301002A
:103C50002FA3010079AF0100257001002B70010036
:103C600037700100CBAF0100DDAF0100B9AF01003B
:103C70004B7001002E2F6D6265642D6F732F64727F
:103C800069766572732F7573622F736F75726365D2
:103C90002F4173796E634F702E637070005F776190
:103CA0006974203D3D204E554C4C005F6C69737427
:103CB000203D3D204E554C4C00000000000000000F
:103CC0000000000000000000000000008D740100F2
:103CD00005B201002E2F6D6265642D6F732F647223
:103CE00069766572732F7573622F736F7572636572
:103CF0002F5553424465766963652E637070005F8B
:103D00006C6F636B6564203E2030004465766963A8
:103D1000652073746174652069732022506F776524
:103D200072656422206F7220224465746163686545
:103D300064220054686520656E64706F696E74203B
:103D40006973206E6F7420696E64657861626C655A
:103D50002E005F7472616E736665722E7573657284
:103D60005F63616C6C6261636B203D3D20526571E5
:103D70007565737458666572446F6E650054686546
:103D800020737461636B2069732077616974696E55
:103D900067206F6E206120757365722063616C6CA3
:103DA0006261636B20666F7220746865206275665D
:103DB00066657220746F2066696C6C206F72207368
:103DC00074617475732E005F7472616E73666572D0
:103DD0002E757365725F63616C6C6261636B203D0D
:103DE0003D20536574436F6E6669677572617469CF
:103DF0006F6E005F7472616E736665722E757365A7
:103E0000725F63616C6C6261636B203D3D20536542
:103E100074496E74657266616365005F7472616E89
:103E2000736665722E757365725F63616C6C626137
:103E3000636B203D3D20526571756573740021638D
:103E40006F6E66696775726564282900546865201D
:103E500073697A65206F6620746865206461746197
:103E600020746F2072656164206973206C657373C0
:103E7000207468616E20746865206D6178207061BF
:103E8000636B65742073697A6520666F722074684D
:103E9000697320656E64706F696E742E0054686576
:103EA00020656E64706F696E74206973206E6F7424
:103EB00020696E64657861626C650053697A65207B
:103EC0006265696E67207772697474656E206973C4
:103ED00020746F6F206C617267652E002128696EF7
:103EE000666F2D3E666C616773202620454E4450F8
:103EF0004F494E545F454E41424C454429006D6147
:103F0000785F7061636B65745F73697A65203C3DAF
:103F1000203130323400215F696E697469616C69E7
:103F20007A6564000000000000000000000000004E
:103F300000000000EBC4010047BB010055B80100C0
:103F400043B901008DC5010075B4010077B40100CB
:103F5000C1C7010011C8010011B501007DB4010005
:103F60008D740100E1B40100E9B4010009B501005C
:103F7000F1B40100F9B4010001B501005D62010076
:103F8000616201006362010073B401008D7401007D
:103F90008D7401008D7401008D7401008D74010019
:103FA00051B501007DB5010031B5010004030904DC
:103FB0001603300031003200330034003500360083
:103FC0003700380039001603550053004200200026
:103FD00044004500560049004300450008035500D1
:103FE0005300420012036D006200650064002E0061
:103FF0006F0072006700060330003100657175655F
:10400000756500000C400300002B00206D4302008A
:1040100075430200B5430200C5430200814302001C
:104020008D4302007143020065430200010000005D
:104030002E2F6D6265642D6F732F68616C2F736F07
:10404000757263652F6D6265645F7469636B657219
:104050005F6170692E63006D617463685F7469638A
:104060006B20213D2071756575652D3E7469636B0C
:104070005F6C6173745F72656164005469636B6542
:1040800072206672657175656E6379206973207A36
:1040900065726F005469636B6572206E756D626541
:1040A00072206F662062697420697320677265618F
:1040B000746572207468616E203332206F72206CD8
:1040C000657373207468616E2034206269747300B4
:1040D000D8400300382B002001D301008D100200CE
:1040E000E9100200F91002009D100200D910020030
:1040F000F1D20100E10F020000000000646566617A
:10410000756C74000000000000000000B5D30100D1
:1041100019D40100000000000000000000000000B1
:10412000000000008D7401008D7401008D74010089
:104130008D74010063AF0100A1D4010025A301002B
:104140002FA30100A5D40100257001002B700100F0
:10415000377001003B7001004170010047700100A1
:104160004B7001002F002E2F6D6265642D6F732F31
:10417000706C6174666F726D2F736F757263652FEB
:1041800046696C65506174682E637070006C656E72
:1041900020213D203000772B0053747265616D2023
:1041A0006F626A206661696C7572650000000000CC
:1041B0000000000000000000000000008D740100FD
:1041C0008D7401008D7401008D74010063AF0100D6
:1041D000A1D4010025A301002FA30100A5D4010053
:1041E000257001002B700100377001003B70010049
:1041F00041700100477001004B700100FCFFFFFFA0
:1042000000000000000000000000000000000000AE
:10421000000000000000000000000000B7D5010011
:1042200087D50100E9D5010083D5010083D50100C0
:1042300083D50100EDD50100F1D50100EDD50100D8
:10424000257001002B700100377001003B700100E8
:1042500041700100477001004B7001008D74010036
:104260008D7401004D7001004F700100FCFFFFFFD5
:104270000000000000000000000000002E2F6D6212
:1042800065642D6F732F706C6174666F726D2F7320
:104290006F757263652F53797354696D65722E6300
:1042A000707000215F7469636B696E6700215F74D1
:1042B00069636B696E6720262620215F77616B65D5
:1042C0005F74696D655F7365740000000000000035
:1042D00000000000D9D801000A52252D34643A208C
:1042E0002530386C58000A53502020203A202530C1
:1042F000386C580A4C522020203A202530386C580F
:104300000A50432020203A202530386C580A785033
:104310005352203A202530386C580A5053502020F0
:104320003A202530386C580A4D535020203A202529
:1043300030386C58000A43505549443A20253038EB
:104340006C58000A48465352203A202530386C58A1
:104350000A4D4D4653523A202530386C580A424691
:104360005352203A202530386C580A554653522073
:104370003A202530386C580A44465352203A2025BA
:1043800030386C580A41465352203A202530386C58
:1043900058000A4D4D4641523A202530386C58009D
:1043A0000A42464152203A202530386C58000A4DC6
:1043B0006F6465203A20546872656164000A507227
:1043C0006976203A2055736572000A50726976202A
:1043D0003A2050726976696C65676564000A4D6FB2
:1043E0006465203A2048616E646C6572000A5374FB
:1043F00061636B3A20505350000A537461636B3A07
:10440000204D5350000A2B2B204D6265644F5320E2
:104410004661756C742048616E646C6572202B2B4C
:104420000A0A4661756C74547970653A20004D65CE
:104430006D4D616E6167654661756C7400427573A0
:104440004661756C740055736167654661756C747F
:1044500000486172644661756C74000A0A436F6EAD
:10446000746578743A000A0A2D2D204D6265644FF8
:1044700053204661756C742048616E646C657220CF
:104480002D2D0A0A004661756C742065786365708D
:1044900074696F6E002E2E2E0A002E2F6D626564D9
:1044A0002D6F732F706C6174666F726D2F736F75E3
:1044B0007263652F6D6265645F63726974696361BD
:1044C0006C2E6300637269746963616C5F7365630A
:1044D00074696F6E5F7265656E7472616E63795F29
:1044E000636F756E746572203C2055494E543332AB
:1044F0005F4D4158003C756E6E616D65643E0020F5
:104500003C68616E646C65723E000A0A2B2B204D7C
:104510006265644F53204572726F7220496E666FF8
:10452000202B2B0A4572726F72205374617475735D
:104530003A203078255820436F64653A202564205E
:104540004D6F64756C653A2025640A4572726F720E
:10455000204D6573736167653A20004B65726E6527
:104560006C204572726F723A203078256C582C207E
:10457000005468726561643A203078256C582C20AC
:10458000004D757465783A203078256C582C2000E1
:1045900053656D6170686F72653A203078256C588C
:1045A0002C20004D656D6F7279506F6F6C3A203022
:1045B00078256C582C20004576656E74466C6167D2
:1045C000733A203078256C582C200054696D657240
:1045D0003A203078256C582C20004D657373616744
:1045E0006551756575653A203078256C582C20002A
:1045F000417373657274696F6E206661696C65647E
:104600003A20000A4C6F636174696F6E3A2030780B
:10461000256C58000A46696C653A20002B25640019
:104620000A4572726F722056616C75653A20307857
:10463000256C58000A43757272656E742054687256
:104640006561643A20257325732049643A203078E7
:10465000256C5820456E7472793A203078256C5854
:1046600020537461636B53697A653A203078256C06
:104670005820537461636B4D656D3A203078256C1A
:10468000582053503A203078256C5820000A466F45
:1046900072206D6F726520696E666F2C207669736B
:1046A00069743A2068747470733A2F2F6D62656470
:1046B0002E636F6D2F732F6572726F723F6572720A
:1046C0006F723D307825303858266F737665723DAD
:1046D000256C6426636F72653D30782530386C58E0
:1046E00026636F6D703D2564267665723D256C7579
:1046F000267467743D41524455494E4F5F4E414EBA
:104700004F3333424C45000A2D2D204D6265644FD6
:1047100053204572726F7220496E666F202D2D0AEC
:104720000044656570536C6565704C6F636B206FFA
:10473000766572666C6F7720283E20307846464654
:1047400046290044656570536C6565704C6F636BFA
:1047500020756E646572666C6F7720283C20302966
:1047600000457863657074696F6E002E2F6D626509
:10477000642D6F732F706C6174666F726D2F736F21
:10478000757263652F6D6265645F726574617267CF
:1047900065742E637070002867756172642026202E
:1047A0004358415F47554152445F4D41534B292087
:1047B0003D3D2030002867756172642026204358F3
:1047C000415F47554152445F4D41534B29203D3D88
:1047D000204358415F47554152445F494E49545F19
:1047E000494E5F50524F4752455353004572726FC6
:1047F00072202D2077726974696E6720746F206152
:104800002066696C6520696E20616E2049535220D4
:104810006F7220637269746963616C20736563747D
:10482000696F6E0D0A000D004572726F72202D20A7
:1048300072656164696E672066726F6D20612066C3
:10484000696C6520696E20616E20495352206F7239
:1048500020637269746963616C2073656374696F46
:104860006E0D0A004F70657261746F72206E65770D
:10487000206F7574206F66206D656D6F72790D0AFB
:1048800000000000000000000000000059E30100EB
:10489000D5E30100E1E3010081E3010045E301000C
:1048A00055E3010063AF010051E3010025A30100BE
:1048B0002FA301004BE30100257001002B700100C4
:1048C000377001003B70010041700100A5E3010059
:1048D0004B700100000000002300000000000000F9
:1048E0002A00000000000000010000002F73746423
:1048F000657272002F737464696E002F7374646F35
:104900007574002E2F6D6265642D6F732F706C614E
:1049100074666F726D2F736F757263652F6D62654C
:10492000645F73746174732E6300737461747320B5
:10493000213D204E554C4C002E2F6D6265642D6F2D
:10494000732F72746F732F736F757263652F457653
:10495000656E74466C6167732E637070005F696486
:10496000006170706C69636174696F6E5F756E6E03
:10497000616D65645F6576656E745F666C616773B3
:10498000006170706C69636174696F6E5F756E6EE3
:10499000616D65645F6D75746578002E2F6D62655D
:1049A000642D6F732F72746F732F736F75726365DD
:1049B0002F4D757465782E637070005F6964207C7C
:1049C0007C206D6265645F6765745F6572726F728B
:1049D0005F696E5F70726F67726573732829004D2F
:1049E00075746578206C6F636B206661696C6564B3
:1049F000004D7574657820756E6C6F636B20666111
:104A0000696C6564002E2F6D6265642D6F732F7263
:104A1000746F732F736F757263652F53656D61705B
:104A2000686F72652E637070005F696420213D209D
:104A30006E756C6C7074720053656D6170686F7226
:104A4000652061637175697265206661696C656472
:104A5000002E2F6D6265642D6F732F72746F732F2C
:104A6000736F757263652F546869735468726561FA
:104A7000642E6370700028666C616773203D3D2072
:104A80006F73466C6167734572726F7254696D65BE
:104A90006F75742026262072656C5F74696D6520C1
:104AA000213D20776169745F666F725F7533325F95
:104AB000666F726576657229207C7C2028666C6141
:104AC0006773203D3D206F73466C6167734572725A
:104AD0006F725265736F757263652026262072654A
:104AE0006C5F74696D65203D3D2072656C5F746913
:104AF0006D652E7A65726F2829290073746174754B
:104B000073203D3D206F734F4B006170706C696383
:104B10006174696F6E5F756E6E616D65645F7468F8
:104B200072656164000000000000000000000000E9
:104B3000A1EE0100DDEE0100FFFF0000FFFFFFFF1F
:104B4000FFFF0000FFFFFFFF2E2F6D6265642D6FDA
:104B5000732F746172676574732F544152474554C3
:104B60005F4E4F524449432F5441524745545F4E84
:104B7000524635782F5441524745545F4E52463580
:104B8000322F5441524745545F4D43555F4E524674
:104B900035323834302F5553425068795F4E6F723A
:104BA0006469632E63707000726574203D3D204E11
:104BB00052465F53554343455353000000000000E5
:104BC00000000000FFEF010031F00100C1F1010021
:104BD00051F1010001F001008DF101003FF00100F1
:104BE00017F001005FF0010019F001001FF0010053
:104BF00025F0010017F0010029F0010031F5010056
:104C00005BF5010061F20100CDF00100EDF2010061
:104C1000D9F00100DDF00100FDF001001BF1010001
:104C200021F1010063F00100D3F0010093F00100D5
:104C300049F1010019F401000006000031000000F4
:104C40003C0000003C0000003C0000003C00000074
:104C50003C0000003C0000003C000000320000006E
:104C60003000000030000000300000003000000084
:104C7000300000003000000030000000DDF50100D1
:104C80002E2F6D6265642D6F732F7461726765746A
:104C9000732F5441524745545F4E4F524449432F5E
:104CA0005441524745545F4E524635782F54415235
:104CB0004745545F4E524635322F6770696F5F61CA
:104CC00070692E63006572725F636F646520213DB9
:104CD000204E5246585F4552524F525F4E4F5F4DE5
:104CE000454D002875696E7433325F742970696EA2
:104CF000203C204750494F5F50494E5F434F554E2F
:104D000054002E2F6D6265642D6F732F746172676E
:104D10006574732F5441524745545F4E4F52444976
:104D2000432F5441524745545F4E524635782F54D5
:104D300041524745545F4E524635322F6932635FC8
:104D40006170692E6300696E7374616E6365203CE7
:104D5000204E5246585F5457495F454E41424C459C
:104D6000445F434F554E54000030004000000000A7
:104D700000400040010000000030004000400040C2
:104D80000030004000000000004000400100000032
:104D90002E2F6D6265642D6F732F74617267657459
:104DA000732F5441524745545F4E4F524449432F4D
:104DB0005441524745545F4E524635782F54415224
:104DC0004745545F4E524635322F73657269616CA8
:104DD0005F6170692E63006F626A00646174615F75
:104DE00062697473203D3D203800287061726974D7
:104DF00079203D3D205061726974794E6F6E65294E
:104E0000207C7C2028706172697479203D3D20509F
:104E100061726974794576656E290073746F705F8D
:104E200062697473203D3D203100010101000000E2
:104E3000002000400080024040420F00200000009F
:104E40000000FFFFDEC0ADDEFE011EF1DEC0ADDE04
:104E5000FF011EF102030405060708090B00080103
:104E60000C011001140118011C01200124012C0166
:104E70000C0D0E0F10111213140030013401380103
:104E80003C014001440148014C015001611C0200F9
:104E90003D1D02000D1D0200811E02007B1E02004E
:104EA000751E02006F1E0200691E0200631E0200D2
:104EB0005D1E0200091E0200AD200200392702001B
:104EC000A52002009F2002009920020093200200EA
:104ED0008D200200872002008120020001210200B3
:104EE0006D1D020049210200F5280200E92102009F
:104EF000AD390200BD390200413F0200593F0200B6
:104F0000008000001800000000000000626173696A
:104F1000635F737472696E673A3A5F4D5F6372657F
:104F2000617465007374643A3A6261645F657863C2
:104F3000657074696F6E0000C85003005C4F030019
:104F4000C85003007C4F030054500300A04F0300DF
:104F5000544F0300C8500300B44F03004E31305F7C
:104F60005F637878616269763131355F5F666F7251
:104F70006365645F756E77696E6445004E31305FBE
:104F80005F637878616269763131395F5F666F722D
:104F90006569676E5F657863657074696F6E4500FB
:104FA000537431336261645F657863657074696FEF
:104FB0006E000000537439657863657074696F6EB4
:104FC0000000000000000000484F0300A54502005B
:104FD000B1450200A94502007374643A3A62616403
:104FE0005F616C6C6F63000054500300F44F03006A
:104FF000544F03005374396261645F616C6C6F637A
:105000000000000000000000E84F0300A54D020072
:10501000B94D02009D4D020054500300245003007E
:10502000905003004E31305F5F637878616269763B
:105030003132305F5F73695F636C6173735F747982
:1050400070655F696E666F4500000000000000003B
:105050001850030071530200855302008D54020062
:105060008D5402008D550200BD5402005D540200B3
:10507000DD530200A1530200C8500300805003001A
:10508000537439747970655F696E666F0000000053
:10509000545003009C500300785003004E31305FA1
:1050A0005F637878616269763131375F5F636C6125
:1050B00073735F747970655F696E666F4500000099
:1050C0000000000090500300015502001555020039
:1050D0008D5402008D5402008D550200BD54020013
:1050E0007555020031550200F5540200545003007A
:1050F00004510300544F03005450030014510300A3
:10510000EC500300537431316C6F6769635F6572F3
:10511000726F7200537431326C656E6774685F65CC
:1051200072726F720000000000000000EC5003007B
:10513000BD550200FD550200B955020000000000F7
:10514000F85003001156020025560200B95502001E
:1051500062617369635F737472696E673A3A5F5331
:105160005F636F6E737472756374206E756C6C2000
:105170006E6F742076616C6964000000626173690F
:10518000635F737472696E673A3A5F535F63726507
:1051900061746500666D6F6400000000706F7700D9
:1051A0007371727400000000737172746600000005
:1051B000000000000000000000000000000000806F
:1051C000000FC93F000F494000CB9640000FC94077
:1051D0000053FB4000CB164100ED2F41000F494129
:1051E0000031624100537B41003A8A4100CB964135
:1051F000005CA34100EDAF41007EBC41000FC941FE
:1052000000A0D5410031E24100C2EE410053FB4114
:1052100000F20342003A0A420083104200CB1642D9
:1052200000141D42005C234200A5294200ED2F42DC
:1052300000363642007E3C4200C74242000F4942DF
:10524000A2000000F9000000830000006E000000D2
:105250004E0000004400000015000000290000007E
:10526000FC0000002700000057000000D1000000F3
:10527000F500000034000000DD000000C000000068
:10528000DB000000620000009500000099000000B3
:105290003C000000430000009000000041000000BE
:1052A000FE0000005100000063000000AB000000A1
:1052B000DE000000BB000000C5000000610000002F
:1052C000B7000000240000006E0000003A0000005B
:1052D000420000004D000000D2000000E00000008D
:1052E00006000000490000002E000000EA00000057
:1052F00009000000D1000000920000001C00000026
:10530000FE0000001D000000EB0000001C0000007B
:10531000B100000029000000A70000003E000000CE
:10532000E80000008200000035000000F5000000E9
:105330002E000000BB0000004400000084000000BC
:10534000E90000009C000000700000002600000042
:10535000B40000005F0000007E000000410000007B
:105360003900000091000000D60000003900000064
:10537000830000005300000039000000F40000002A
:105380009C000000840000005F0000008B00000013
:10539000BD000000F9000000280000003B000000F4
:1053A0001F000000F800000097000000FF00000050
:1053B000DE00000005000000980000000F00000063
:1053C000EF0000002F000000110000008B00000023
:1053D0005A0000000A0000006D0000001F000000DD
:1053E0006D000000360000007E000000CF000000CD
:1053F00027000000CB00000009000000B7000000FB
:105400004F000000460000003F0000006600000062
:105410009E0000005F000000EA0000002D00000078
:105420007500000027000000BA000000C70000005F
:10543000EB000000E5000000F10000007B00000030
:105440003D0000000700000039000000F7000000E8
:105450008A0000005200000092000000EA000000F4
:105460006B000000FB0000005F000000B1000000C6
:105470001F0000008D0000005D000000080000001B
:10548000560000000300000030000000460000004D
:10549000FC0000007B0000006B000000AB0000007F
:1054A000F0000000CF000000BC0000002000000061
:1054B0009A000000F4000000360000001D0000000B
:1054C000A9000000E300000091000000610000005E
:1054D0005E000000E60000001B0000000800000065
:1054E0006500000099000000850000005F000000DA
:1054F00014000000A0000000680000004000000050
:105500008D000000FF000000D800000080000000B7
:105510004D00000073000000270000003100000073
:105520000600000006000000150000005600000004
:10553000CA00000073000000A8000000C9000000BD
:1055400060000000E20000007B000000C0000000DE
:105550008C0000006B0000000000C93F0000F03923
:105560000000DA370000A2330000842E0000502B28
:105570000000C2270000D0220000C41F0000C61B8C
:1055800000004417040000000700000009000000AC
:105590004FBB610567ACDD3F182D4454FB21E93F4B
:1055A0009BF681D20B73EF3F182D4454FB21F93F3A
:1055B000E2652F227F2B7A3C075C143326A6813CC0
:1055C000BDCBF07A8807703C075C143326A6913C6B
:1055D000000000000000304300000000000030C365
:1055E0003863ED3EDA0F493F5E987B3FDA0FC93FE3
:1055F0006937AC3168212233B40F14336821A233E8
:105600002C2066756E6374696F6E3A20000000008E
:10561000617373657274696F6E2022257322206630
:1056200061696C65643A2066696C65202225732285
:105630002C206C696E65202564257325730A000093
:105640000020202020202020202028282828282052
:10565000202020202020202020202020202020204A
:1056600020881010101010101010101010101010B2
:1056700010040404040404040404041010101010A2
:10568000101041414141414101010101010101016C
:1056900001010101010101010101010110101010BE
:1056A000101042424242424202020202020202023E
:1056B0000202020202020202020202021010101092
:1056C00020000000000000000000000000000000BA
:1056D00000000000000000000000000000000000CA
:1056E00000000000000000000000000000000000BA
:1056F00000000000000000000000000000000000AA
:105700000000000000000000000000000000000099
:105710000000000000000000000000000000000089
:105720000000000000000000000000000000000079
:105730000000000000000000000000000000000069
:10574000000000001806002043000000504F53499D
:10575000580000002E000000494E4600696E6600A9
:105760004E414E006E616E00303132333435363783
:10577000383941424344454600000000303132335D
:10578000343536373839616263646566000000007D
:10579000286E756C6C29000030000000202020204D
:1057A00020202020202020202020202030303030B9
:1057B0003030303030303030303030302020202029
:1057C0002020202020202020202020203030303099
:1057D000303030303030303030303030496E666903
:1057E0006E697479000000004E614E0000000000F8
:1057F0000080E03779C34143176E05B5B5B89346CD
:10580000F5F93FE9034F384D321D30F94877825A98
:105810003CBF737FDD4F1575000000000000F03FB6
:10582000000000000000244000000000000059407B
:105830000000000000408F40000000000088C340CE
:1058400000000000006AF8400000000080842E4143
:1058500000000000D01263410000000084D797418F
:105860000000000065CDCD41000000205FA0024295
:10587000000000E876483742000000A2941A6D420A
:10588000000040E59C30A2420000901EC4BCD642FD
:1058900000003426F56B0C430080E03779C34143A8
:1058A00000A0D8855734764300C84E676DC1AB431E
:1058B000003D9160E458E143408CB5781DAF15443C
:1058C00050EFE2D6E41A4B4492D54D06CFF0804417
:1058D000F64AE1C7022DB544B49DD9794378EA442C
:1058E00005000000190000007D000000000000001D
:1058F00008B10181B0B000840000000008B101814E
:10590000B0B000840000000045EEFE7FA908B100A1
:10591000FFFF01080E041C00180E000031EEFE7F90
:10592000A908B100FFFF01080E041C00180E0000BA
:1059300008B10181B0B000840000000011EEFE7FCC
:10594000B0AF1800FF1019011124A6070000EE07E0
:1059500004D80901BA08A8010000010000000000F5
:10596000EDEDFE7FB0AF0400FF101D0112200436E4
:10597000012A042E017646BC0100C4010400000186
:105980000000000000000000C5EDFE7FA908B10086
:10599000FFFF0100B9EDFE7F8408B101B0B0B00097
:1059A000FF1019010C020608010C0410051C0A0066
:1059B0000001007F00007D000000000000000000EA
:1059C00008B10181B0B000840000000008B101817D
:1059D000B0B000840000000075EDFE7FB0A80100AB
:1059E000FFFF01080E0418001E04000008B1018129
:1059F000B0B000840000000008B10181B0B00084A4
:045A000000000000A2
:105A04003CA7FD7F01000000D0E9FE7FE0FEFF7FA0
:105A140010EAFE7F0100000034EAFE7FB0AC018092
:105A240098EAFE7F01000000F4EAFE7FCCFEFF7FCF
:105A34000CEBFE7FD0FEFF7F34EBFE7FDCFEFF7FAE
:105A44005CEBFE7F0100000074EBFE7FAB08B180CD
:105A54002CECFE7FD8FEFF7F5CECFE7FAB08B180B0
:105A6400E8ECFE7FD4FEFF7FC4F1FE7F010000005E
:105A7400BCF3FE7FE8FEFF7F90F4FE7F08FFFF7F0C
:105A840008F5FE7F0100000098F5FE7F04FFFF7F0C
:105A9400B8F5FE7F01000000C4F5FE7F20FFFF7F04
:105AA400C4F5FE7F24FFFF7FD0F5FE7F01000000D8
:105AB400F4F5FE7FB0AB02809CF6FE7F010000008F
:105AC40068F7FE7FB0B0A880A4F7FE7F0100000055
:105AD400F4F7FE7FAB08B18024F8FE7FB0B0A88055
:105AE4008CF8FE7F0100000070F9FE7FB0B0AC803E
:105AF40094F9FE7F01000000C0F9FE7FB0AA038084
:105B0400F0F9FE7F0100000034FBFE7FB0B0A880F6
:105B140084FBFE7F0100000080FBFE7FB0B0AA8002
:105B240008FCFE7FB0FEFF7F28FCFE7FB0B0A8809B
:105B340034FCFE7F010000001C0AFF7FB0A9028034
:105B4400B80AFF7FB0B0A880080BFF7F01000000F7
:105B5400140BFF7FB0B0AA804C0BFF7FAE71B280F4
:105B64000C0CFF7F01000000080CFF7FAB3F388066
:105B7400600CFF7F010000006C0CFF7FB0B0AA80B6
:105B8400A80CFF7F010000004C0DFF7FAB0EB2801C
:105B9400B40DFF7FB0AF08808010FF7F01000000CC
:105BA4008410FF7FAC3F0380FC12FF7F01000000E4
:105BB400D814FF7F00840480EC14FF7F01000000F0
:105BC400E814FF7FB0AD0480A417FF7FB0A8038062
:105BD400C417FF7F14FEFF7FC817FF7F18FEFF7FE7
:085BE400D417FF7F010000004F
:105BEC000000000003010702060208041310140849
:105BFC00044005202300000000000000000000000D
:105C0C00000000002A00000000000000000000005E
:105C1C00000000002B00000000000000000000004D
:105C2C00000000002C00000000000000000000003C
:105C3C00000000002F000000000000000000000029
:105C4C00000000002D00000000000000000000001B
:105C5C00000000002E00000000000000000000000A
:105C6C000000000017000000000000000000000011
:105C7C000000000015000000000000000000000003
:105C8C00000000001B0000000000000000000000ED
:105C9C0000000000220000000000000000000000D6
:105CAC0000000000210000000000000000000000C7
:105CBC0000000000280000000000000000000000B0
:105CCC00000000000D0000000000000000000000BB
:105CDC0000000000040000000000000000000000B4
:105CEC0000000000050000000000000000000000A3
:105CFC00000000001E00000000000000000000007A
:105D0C00000000001D00000000000000000000006A
:105D1C00000000001F000000000000000000000058
:105D2C000000000002000000000000000000000065
:105D3C00000000001C00000000000000000000003B
:105D4C000000000003000000000000000000000044
:105D5C00000000001800000000000000000000001F
:105D6C000000000010000000000000000000000017
:105D7C000000000006000000000000000000000011
:105D8C0000000000290000000000000000000000DE
:105D9C0000000000130000000000000000000000E4
:105DAC0000000000110000000000000000000000D6
:105DBC00000000001A0000000000000000000000BD
:105DCC0000000000190000000000000000000000AE
:105DDC00000000000E0000000000000000000000A9
:105DEC00000000000F000000000000000000000098
:105DFC000000000020000000000000000000000077
:105E0C000000000016000000000000000000000070
:105E1C0000000000C5360300D3B3FB0200000000F5
:105E2C000000000000000000000000000000000066
:105E3C000000000000000000000000000000000056
:105E4C000000000000000000000000000000000046
:105E5C000000000000000000000000000000000036
:105E6C000000000000000000000000000000000026
:105E7C000000000000000000000000000000000016
:105E8C000000000000000000000000000000000006
:105E9C0000000000000000000000000000000000F6
:105EAC0000000000000000000000000000000000E6
:105EBC00000000000000000039A1010001000000FA
:105ECC00FFD10100FFD10100FFFFFFFFFFFFFFFF2C
:105EDC00FFFFFFFF000000000000000000000000BA
:105EEC0000000000000000000000000000000000A6
:105EFC000000000000000000000000000000000096
:105F0C000000000000000000000000000000000085
:105F1C000000000000000000000000000000000075
:105F2C000000000000000000000000000000000065
:105F3C000000000000000000000000000000000055
:105F4C000000000000000000000000000000000045
:105F5C000000000000000000000000000000000035
:105F6C000000000000000000000000000000000025
:105F7C000000000000000000000000000000000015
:105F8C000000000000000000000000000000000005
:105F9C0000000000000000000000000000000000F5
:105FAC0000000000000000000000000000000000E5
:105FBC0000000000000000000000000000000000D5
:105FCC00000000000000000090B900200090D003F9
:105FDC000101000001000000FFFFFFFFFFFFFFFFBA
:105FEC00FFFFFFFFFF01000035E401004D500200F0
:105FFC000100000018060020000000000409002029
:10600C006C090020D40900200000000000000000F2
:10601C000000000000000000000000000000000074
:10602C000000000000000000000000000000000064
:10603C000000000000000000000000000000000054
:10604C000000000000000000000000000000000044
:10605C000000000000000000000000000000000034
:10606C000000000000000000000000000000000024
:10607C000000000000000000000000000000000014
:10608C000000000000000000000000000000000004
:10609C0000000000000000000000000000000000F4
:1060AC0001000000000000000E33CDAB34126DE691
:1060BC00ECDE05000B0000000000000000000000FA
:1060CC0000000000000000000000000000000000C4
:1060DC0000000000000000000000000000000000B4
:1060EC0000000000000000000000000000000000A4
:1060FC000000000000000000000000000000000094
:10610C000000000000000000000000000000000083
:10611C000000000000000000000000000000000073
:10612C000000000000000000000000000000000063
:10613C000000000000000000000000000000000053
:10614C000000000000000000000000000000000043
:10615C000000000000000000000000000000000033
:10616C000000000000000000000000000000000023
:10617C000000000000000000000000000000000013
:10618C000000000000000000000000000000000003
:10619C0000000000000000000000000000000000F3
:1061AC0000000000000000000000000000000000E3
:1061BC0000000000000000000000000000000000D3
:1061CC0000000000000000000000000000000000C3
:1061DC0000000000000000000000000000000000B3
:1061EC0000000000000000000000000000000000A3
:1061FC000000000000000000000000000000000093
:10620C000000000000000000000000000000000082
:10621C000000000000000000000000000000000072
:10622C000000000000000000000000000000000062
:10623C000000000000000000000000000000000052
:10624C000000000000000000000000000000000042
:10625C000000000000000000000000000000000032
:10626C000000000000000000000000000000000022
:10627C000000000000000000000000000000000012
:10628C000000000000000000000000000000000002
:10629C0000000000000000000000000000000000F2
:1062AC0000000000000000000000000000000000E2
:1062BC0000000000000000000000000000000000D2
:1062CC0000000000000000000000000000000000C2
:1062DC0000000000000000000000000000000000B2
:1062EC0000000000000000000000000000000000A2
:1062FC000000000000000000000000000000000092
:10630C000000000000000000000000000000000081
:10631C000000000000000000000000000000000071
:10632C000000000000000000000000000000000061
:10633C000000000000000000000000000000000051
:10634C000000000000000000000000000000000041
:10635C000000000000000000000000000000000031
:10636C000000000000000000000000000000000021
:10637C000000000000000000000000000000000011
:10638C000000000000000000000000000000000001
:10639C0000000000000000000000000000000000F1
:1063AC0000000000000000000000000000000000E1
:1063BC0000000000000000000000000000000000D1
:1063CC0000000000000000000000000000000000C1
:1063DC0000000000000000000000000000000000B1
:1063EC0000000000000000000000000000000000A1
:1063FC000000000000000000000000000000000091
:10640C000000000000000000000000000000000080
:10641C000000000000000000000000000000000070
:10642C00430000000000000000000000000000001D
:10643C000000000000000000000000000000000050
:10644C0043000000000000000000000000000000FD
:10645C000000000000000000000000000000000030
:10646C0043000000000000000000000000000000DD
:10647C000000000000000000000000000000000010
:10648C0043000000000000000000000000000000BD
:10649C0000000000000000000000000000000000F0
:1064AC00430000000000000000000000000000009D
:1064BC0000000000000000000000000000000000D0
:1064CC00430000000000000000000000000000007D
:1064DC0000000000000000000000000000000000B0
:1064EC00430000000000000000000000000000005D
:1064FC000000000000000000000000000000000090
:10650C0051E40200A5B50200000000004056030053
:10651C00545703000C5603000C5603000C56030092
:10652C000C5603000C5603000C5603000C560300CB
:10653C000C5603000C560300FFFFFFFFFFFFFFFF8D
:10654C00FFFFFFFFFFFF00000100415343494900DB
:10655C00000000000000000000000000000000002F
:10656C0000000000000000000000415343494900B6
:10657C00000000000000000000000000000000000F
:10658C0000000000000000000000000000000000FF
:10659C0000000000AC0B0020AC0B0020B40B002062
:1065AC00B40B0020BC0B0020BC0B0020C40B002043
:1065BC00C40B0020CC0B0020CC0B0020D40B0020F3
:1065CC00D40B0020DC0B0020DC0B0020E40B0020A3
:1065DC00E40B0020EC0B0020EC0B0020F40B002053
:1065EC00F40B0020FC0B0020FC0B0020040C002002
:1065FC00040C00200C0C00200C0C0020140C0020AF
:10660C00140C00201C0C00201C0C0020240C00205E
:10661C00240C00202C0C00202C0C0020340C00200E
:10662C00340C00203C0C00203C0C0020440C0020BE
:10663C00440C00204C0C00204C0C0020540C00206E
:10664C00540C00205C0C00205C0C0020640C00201E
:10665C00640C00206C0C00206C0C0020740C0020CE
:10666C00740C00207C0C00207C0C0020840C00207E
:10667C00840C00208C0C00208C0C0020940C00202E
:10668C00940C00209C0C00209C0C0020A40C0020DE
:10669C00A40C0020AC0C0020AC0C0020B40C00208E
:1066AC00B40C0020BC0C0020BC0C0020C40C00203E
:1066BC00C40C0020CC0C0020CC0C0020D40C0020EE
:1066CC00D40C0020DC0C0020DC0C0020E40C00209E
:1066DC00E40C0020EC0C0020EC0C0020F40C00204E
:1066EC00F40C0020FC0C0020FC0C0020040D0020FD
:1066FC00040D00200C0D00200C0D0020140D0020AA
:10670C00140D00201C0D00201C0D0020240D002059
:10671C00240D00202C0D00202C0D0020340D002009
:10672C00340D00203C0D00203C0D0020440D0020B9
:10673C00440D00204C0D00204C0D0020540D002069
:10674C00540D00205C0D00205C0D0020640D002019
:10675C00640D00206C0D00206C0D0020740D0020C9
:10676C00740D00207C0D00207C0D0020840D002079
:10677C00840D00208C0D00208C0D0020940D002029
:10678C00940D00209C0D00209C0D0020A40D0020D9
:10679C00A40D0020AC0D0020AC0D0020B40D002089
:1067AC00B40D0020BC0D0020BC0D0020C40D002039
:1067BC00C40D0020CC0D0020CC0D0020D40D0020E9
:1067CC00D40D0020DC0D0020DC0D0020E40D002099
:1067DC00E40D0020EC0D0020EC0D0020F40D002049
:1067EC00F40D0020FC0D0020FC0D0020040E0020F8
:1067FC00040E00200C0E00200C0E0020140E0020A5
:10680C00140E00201C0E00201C0E0020240E002054
:10681C00240E00202C0E00202C0E0020340E002004
:10682C00340E00203C0E00203C0E0020440E0020B4
:10683C00440E00204C0E00204C0E0020540E002064
:10684C00540E00205C0E00205C0E0020640E002014
:10685C00640E00206C0E00206C0E0020740E0020C4
:10686C00740E00207C0E00207C0E0020840E002074
:10687C00840E00208C0E00208C0E0020940E002024
:10688C00940E00209C0E00209C0E0020A40E0020D4
:10689C00A40E0020AC0E0020AC0E0020B40E002084
:1068AC00B40E0020BC0E0020BC0E0020C40E002034
:1068BC00C40E0020CC0E0020CC0E0020D40E0020E4
:1068CC00D40E0020DC0E0020DC0E0020E40E002094
:1068DC00E40E0020EC0E0020EC0E0020F40E002044
:1068EC00F40E0020FC0E0020FC0E0020040F0020F3
:1068FC00040F00200C0F00200C0F0020140F0020A0
:10690C00140F00201C0F00201C0F0020240F00204F
:10691C00240F00202C0F00202C0F0020340F0020FF
:10692C00340F00203C0F00203C0F0020440F0020AF
:10693C00440F00204C0F00204C0F0020540F00205F
:10694C00540F00205C0F00205C0F0020640F00200F
:10695C00640F00206C0F00206C0F0020740F0020BF
:10696C00740F00207C0F00207C0F0020840F00206F
:10697C00840F00208C0F00208C0F0020940F00201F
:10698C00940F00209C0F00209C0F0020A40F0020CF
:10699C00A40F0020FFFFFFFF00000200000000001A
:1069AC0025010100C5040100E1540100ED5901006D
:1069BC00E56101003974010041760100CD7B0100D5
:1069CC0041A2010079A20100754D020000000000F7
:1069DC0001010100000000000000000000000000A8
:1069EC00000000000000000000000000000000009B
:1069FC0000000000B51A02000000000000000000BA
:040000031000F635BE
:00000001FF
